id,prediction
1,7875.525
2,6936.9116
3,19866.309
4,7330.753
5,8524.603
6,14458.24
7,7811.282
8,3246.4192
9,10142.963
10,3743.0356
11,3733.8076
12,5750.081
13,17982.664
14,11824.074
15,7331.0815
16,10576.147
17,9379.333
18,11208.63
19,38836.3
20,7218.8613
21,7845.1147
22,14012.978
23,12739.059
24,13430.5
25,7768.006
26,6364.6455
27,8221.675
28,6464.638
29,8252.549
30,11103.672
31,9537.129
32,9975.537
33,13742.594
34,32480.432
35,8023.7866
36,3009.6528
37,9613.023
38,8475.247
39,6208.81
40,4614.6304
41,4073.913
42,14183.844
43,2917.004
44,6946.4263
45,9684.832
46,5725.3833
47,12509.867
48,22296.18
49,12969.904
50,5624.853
51,5100.3228
52,14287.9
53,14325.394
54,9925.739
55,7611.7456
56,6611.3706
57,12761.235
58,7542.117
59,16178.663
60,6216.0557
61,6250.1206
62,6690.7183
63,5060.5557
64,44688.29
65,9938.216
66,5949.325
67,140911.73
68,5611.6865
69,5604.004
70,8939.678
71,17124.803
72,16547.592
73,10081.826
74,8138.0566
75,6382.3574
76,6624.8823
77,21399.842
78,15789.552
79,11199.136
80,5831.4214
81,5585.0786
82,14080.917
83,9316.322
84,120136.125
85,11135.779
86,33815.49
87,7849.98
88,275613.06
89,11363.628
90,7564.39
91,8977.738
92,12320.217
93,8414.502
94,20947.717
95,6450.929
96,209654.83
97,84660.38
98,39565.793
99,8656.082
100,6795.122
101,10351.773
102,14072.455
103,5103.685
104,17463.36
105,6109.943
106,10803.006
107,8892.075
108,5843.905
109,7987.8047
110,8223.134
111,8881.85
112,7223.835
113,40325.8
114,6439.7515
115,51646.8
116,16997.5
117,8234.786
118,30974.0
119,31105.635
120,7692.4644
121,5520.1157
122,8429.633
123,10403.684
124,7327.7075
125,7108.107
126,95221.54
127,65962.4
128,67031.37
129,10065.645
130,49267.816
131,6034.4106
132,16435.055
133,101065.87
134,9258.089
135,10502.515
136,6866.825
137,13798.518
138,3550.2273
139,6079.86
140,18860.572
141,45174.477
142,7352.471
143,8137.106
144,9448.859
145,8339.076
146,5942.0566
147,5973.1196
148,9698.865
149,150240.61
150,13338.266
151,8227.189
152,131609.72
153,27036.703
154,14522.64
155,41642.207
156,8770.218
157,13083.757
158,7246.0293
159,16374.783
160,7794.5854
161,46452.51
162,6958.5513
163,8967.67
164,7527.808
165,7847.9927
166,82345.74
167,15979.959
168,9549.354
169,7759.532
170,7212.1216
171,6044.5566
172,12718.496
173,11345.318
174,7593.857
175,6797.653
176,12163.727
177,4962.421
178,207327.12
179,8110.1226
180,7677.6934
181,7532.2593
182,53021.293
183,156542.5
184,7676.094
185,9503.7295
186,11000.365
187,3676.9075
188,3895.2683
189,6334.3555
190,7383.0166
191,157175.61
192,43212.06
193,15530.401
194,10291.265
195,4377.956
196,4795.731
197,10112.49
198,9807.649
199,114658.55
200,25532.89
201,72113.79
202,5061.0376
203,10239.949
204,10261.646
205,4844.5044
206,8012.9526
207,6001.0146
208,7577.019
209,41810.39
210,11462.223
211,16254.328
212,8554.382
213,6425.11
214,4365.177
215,46038.496
216,171376.97
217,9510.982
218,17613.867
219,11952.406
220,6454.4395
221,52908.85
222,4049.1077
223,7963.135
224,7053.528
225,7947.6133
226,20953.45
227,10570.021
228,19227.18
229,12196.162
230,18009.428
231,32262.883
232,7997.11
233,8217.396
234,93637.43
235,7782.99
236,123865.41
237,7645.1216
238,6144.8022
239,39592.84
240,13472.698
241,14456.162
242,6164.031
243,6739.8955
244,7472.3955
245,8198.741
246,8972.148
247,13489.463
248,52085.574
249,141846.08
250,7201.37
251,5975.45
252,18407.607
253,9958.186
254,9619.45
255,102934.01
256,5890.441
257,23427.47
258,3744.7307
259,7797.4663
260,7634.873
261,5602.0156
262,7231.2847
263,115384.586
264,6036.4565
265,19038.885
266,44745.098
267,7995.2886
268,8484.752
269,5458.023
270,10197.135
271,14745.171
272,5556.591
273,40730.785
274,51853.836
275,159398.36
276,9506.689
277,5785.1865
278,8637.577
279,4629.8555
280,5952.29
281,5635.0464
282,6755.2476
283,17661.76
284,7898.0493
285,31856.152
286,21213.938
287,9636.641
288,7572.468
289,13522.371
290,15880.911
291,4612.865
292,10929.21
293,6309.5234
294,16378.065
295,4405.399
296,53629.93
297,9654.041
298,13119.059
299,9956.972
300,4028.52
301,5442.242
302,4101.392
303,11987.926
304,8305.776
305,7126.1597
306,5894.464
307,16883.041
308,6834.0635
309,107314.11
310,7543.145
311,81098.195
312,7507.888
313,10803.614
314,8901.82
315,7304.2466
316,6556.494
317,12296.629
318,14044.792
319,9431.286
320,8566.049
321,31815.324
322,7671.704
323,9211.089
324,11064.743
325,4678.691
326,6248.049
327,2915.309
328,20065.5
329,12651.715
330,7955.057
331,102622.05
332,4159.734
333,7776.4272
334,8720.66
335,15583.1
336,11668.692
337,6307.7896
338,8305.443
339,19116.89
340,10458.093
341,14886.032
342,161297.66
343,8802.843
344,145445.5
345,133148.02
346,85902.23
347,8450.499
348,57510.844
349,7490.8423
350,10920.638
351,8591.576
352,13512.552
353,5666.1426
354,7553.4937
355,8429.632
356,4379.073
357,51220.293
358,5222.616
359,7544.846
360,21826.234
361,6072.2925
362,14250.2
363,10511.323
364,12474.532
365,13415.968
366,6844.1895
367,26549.895
368,62485.395
369,7497.014
370,13157.121
371,17621.705
372,7480.2944
373,10387.0205
374,6807.8765
375,8696.678
376,5025.8384
377,8738.258
378,107890.56
379,8059.949
380,8270.347
381,8356.874
382,8956.289
383,340703.7
384,7351.3833
385,10544.651
386,106558.47
387,8918.697
388,16224.528
389,4772.8184
390,9523.341
391,7849.744
392,9328.195
393,7812.5166
394,11523.649
395,6620.1396
396,28635.81
397,10454.068
398,10540.172
399,8212.319
400,5835.5938
401,14256.733
402,45102.152
403,20514.95
404,4782.789
405,37951.63
406,6115.884
407,6093.738
408,8935.621
409,4392.4033
410,121589.984
411,8478.783
412,36330.746
413,10459.11
414,13551.976
415,6428.3823
416,21015.096
417,6545.263
418,7105.6787
419,12997.056
420,86608.125
421,63672.48
422,13449.853
423,8641.491
424,52179.395
425,2964.8015
426,7924.1772
427,9114.061
428,11133.856
429,7362.273
430,20823.152
431,5424.9854
432,10306.58
433,256688.17
434,5365.7183
435,15697.694
436,8093.517
437,20303.098
438,4875.9585
439,35930.383
440,21379.723
441,9416.338
442,7136.52
443,6923.557
444,13240.566
445,6574.596
446,13501.7705
447,6191.337
448,158253.83
449,149539.72
450,6134.0347
451,10774.804
452,51391.168
453,8524.603
454,8341.645
455,112015.49
456,9356.415
457,5451.4697
458,15046.874
459,7370.9785
460,74623.32
461,8049.4194
462,6953.098
463,256688.17
464,6262.4546
465,4777.064
466,4139.208
467,5546.4175
468,7520.549
469,19724.033
470,9426.212
471,10176.181
472,9966.049
473,4525.3076
474,6479.2275
475,81495.984
476,16936.473
477,11392.22
478,16845.572
479,4545.076
480,15676.929
481,8679.413
482,107154.63
483,39160.777
484,18204.959
485,7129.0005
486,5433.255
487,4431.5864
488,8331.456
489,34274.477
490,4659.6
491,28000.305
492,11630.426
493,12601.324
494,12765.867
495,5831.2017
496,16367.417
497,12767.799
498,7243.373
499,26924.15
500,10128.56
501,4927.1753
502,9227.4795
503,6121.104
504,8538.639
505,23162.639
506,19721.066
507,12079.75
508,6798.676
509,8264.183
510,156545.48
511,6359.3906
512,99198.0
513,10137.796
514,7410.2236
515,23979.271
516,4699.8384
517,15766.744
518,13838.926
519,45031.062
520,5325.508
521,3797.112
522,141407.36
523,52908.85
524,159984.61
525,6785.611
526,8756.911
527,124631.74
528,4602.2197
529,5282.032
530,25548.37
531,11738.919
532,5150.7383
533,9355.918
534,5382.033
535,10623.371
536,89572.27
537,202696.02
538,5860.9395
539,7792.8315
540,8915.776
541,8349.764
542,8245.259
543,7210.12
544,170588.23
545,65893.305
546,7726.899
547,11648.878
548,5216.052
549,12411.679
550,6134.0537
551,7138.8125
552,26579.36
553,5136.3906
554,149050.9
555,5072.174
556,6235.5054
557,7054.143
558,267131.62
559,21226.953
560,4188.164
561,7804.6406
562,31693.979
563,6439.8315
564,7534.9536
565,6481.455
566,58704.58
567,9945.919
568,11925.585
569,3782.255
570,14267.18
571,7343.7275
572,14286.319
573,7787.675
574,5372.8843
575,7295.676
576,3542.625
577,37325.527
578,13456.061
579,10742.59
580,6979.58
581,53789.52
582,6091.7354
583,69884.86
584,54398.64
585,9038.772
586,12290.215
587,34037.527
588,10926.068
589,6579.0195
590,6258.413
591,6645.626
592,17142.102
593,29632.309
594,6072.6157
595,10796.583
596,9155.329
597,8979.467
598,6155.1455
599,7430.8667
600,5516.145
601,12064.945
602,8234.272
603,6309.0923
604,6318.8955
605,15197.105
606,11556.106
607,6428.2847
608,169621.66
609,5813.5083
610,6267.207
611,16240.24
612,88878.445
613,48158.45
614,9364.756
615,10865.563
616,210140.28
617,13039.448
618,10973.753
619,177266.84
620,53754.836
621,6989.9014
622,8445.618
623,52159.215
624,9191.008
625,8051.6753
626,10809.471
627,7757.799
628,5582.9805
629,12002.005
630,5800.4004
631,6976.4966
632,186469.12
633,10011.552
634,34458.03
635,4841.179
636,7781.559
637,28751.398
638,12952.365
639,12471.178
640,18932.861
641,5255.7266
642,6910.6694
643,9025.841
644,12234.995
645,5494.41
646,3985.687
647,22131.41
648,41022.5
649,11542.281
650,6623.664
651,6070.1284
652,6221.7446
653,10578.417
654,13603.206
655,6551.293
656,3121.1135
657,27729.715
658,5543.5947
659,8154.1562
660,22962.375
661,7485.0674
662,9560.017
663,69677.5
664,9436.882
665,4939.8364
666,10574.944
667,4966.8667
668,22334.926
669,5479.1694
670,41351.004
671,5175.56
672,8976.43
673,6927.4263
674,5177.898
675,56553.625
676,8532.213
677,4990.0825
678,8593.09
679,11878.667
680,93144.33
681,5227.9556
682,6815.7446
683,10014.697
684,5711.302
685,6231.0684
686,27756.87
687,19783.482
688,7083.9775
689,10611.889
690,5166.9946
691,6622.5293
692,8255.836
693,99927.7
694,141837.44
695,5749.0938
696,32609.266
697,7930.1113
698,13347.317
699,5544.2944
700,7084.519
701,6423.5547
702,5062.819
703,76117.83
704,5566.1323
705,7632.0117
706,11594.845
707,12556.419
708,4844.393
709,11176.6
710,11394.975
711,8261.116
712,6242.772
713,5924.6265
714,5734.079
715,98399.39
716,5652.528
717,6287.332
718,9038.891
719,61657.9
720,7519.882
721,8228.43
722,236133.88
723,19131.318
724,10191.112
725,6773.763
726,7785.0547
727,5821.6616
728,5452.3867
729,6081.9697
730,7428.6104
731,6959.481
732,3317.0757
733,7073.319
734,9857.661
735,63261.477
736,4934.875
737,9225.392
738,74688.25
739,9736.5625
740,14536.824
741,14341.098
742,6219.135
743,6037.256
744,28959.314
745,16694.176
746,12283.562
747,8967.428
748,6938.329
749,9391.586
750,5006.973
751,29263.268
752,8450.499
753,8577.925
754,9769.075
755,7824.6763
756,12496.804
757,6193.9976
758,15128.08
759,16086.758
760,7425.341
761,20519.59
762,7700.971
763,13438.013
764,8004.571
765,7718.9907
766,7551.291
767,7701.412
768,9368.6045
769,12012.145
770,153335.36
771,6781.5205
772,13751.756
773,45123.195
774,7111.1577
775,6066.4395
776,9460.175
777,5410.0127
778,19638.127
779,6453.7007
780,6275.383
781,9002.099
782,66359.984
783,6143.305
784,7950.779
785,4258.9717
786,7590.472
787,8047.1406
788,189880.45
789,10237.991
790,14327.518
791,6961.841
792,19915.309
793,12076.363
794,10011.07
795,16576.773
796,8198.647
797,6186.178
798,7546.4224
799,6498.295
800,84238.664
801,173768.86
802,12381.972
803,8031.1875
804,9475.885
805,8712.6875
806,4667.5376
807,3837.2856
808,8296.868
809,17974.45
810,84626.484
811,4879.711
812,7215.1543
813,12390.132
814,9785.261
815,13455.215
816,12629.072
817,6539.363
818,8115.2134
819,14716.178
820,20366.518
821,15264.349
822,11633.996
823,8299.621
824,3798.5723
825,37557.99
826,26192.5
827,6494.6597
828,6105.31
829,12211.598
830,11379.408
831,6661.733
832,12310.948
833,7898.5454
834,9455.993
835,12008.805
836,5113.7812
837,55542.44
838,11444.432
839,10078.158
840,11070.984
841,7864.2534
842,10283.985
843,6806.9766
844,7097.6177
845,27623.26
846,5479.1885
847,13737.271
848,6541.9355
849,124605.77
850,15709.158
851,10341.837
852,6172.2993
853,8477.125
854,49267.816
855,7138.0005
856,60986.305
857,192264.69
858,8113.39
859,8812.803
860,18282.992
861,7097.3125
862,7778.8438
863,28011.006
864,15751.735
865,4759.586
866,8469.575
867,10512.628
868,223390.47
869,86876.62
870,28050.56
871,10562.451
872,7985.807
873,6075.836
874,53154.535
875,12579.74
876,11641.233
877,9917.648
878,8174.3433
879,6022.032
880,7908.5503
881,6676.977
882,11096.377
883,13454.119
884,39505.72
885,166997.06
886,6359.468
887,54420.758
888,1671.1926
889,192686.8
890,6207.022
891,5693.3525
892,46088.83
893,9963.116
894,6458.0786
895,4011.0457
896,11382.047
897,13233.428
898,10993.571
899,14897.552
900,8138.63
901,8052.9565
902,7407.43
903,6126.8896
904,35948.082
905,101931.82
906,3245.441
907,27271.152
908,7431.269
909,10975.396
910,11517.387
911,5182.7153
912,7841.3423
913,7904.2266
914,6695.627
915,15256.721
916,13178.543
917,32879.305
918,10304.162
919,9231.442
920,12181.387
921,28382.94
922,9268.604
923,7906.0894
924,9413.179
925,14680.7295
926,18624.543
927,19891.389
928,56228.02
929,3375.7646
930,7692.352
931,8633.417
932,20292.43
933,6008.2324
934,8113.503
935,10998.429
936,9140.748
937,5663.2446
938,6451.9844
939,4683.1396
940,23642.941
941,8542.188
942,20263.73
943,9173.158
944,105667.33
945,3879.104
946,17612.379
947,23210.9
948,7509.534
949,7128.6245
950,5886.285
951,8733.499
952,8015.789
953,8824.948
954,6814.936
955,20598.98
956,7715.656
957,7000.025
958,58758.12
959,12864.719
960,4659.3853
961,11314.367
962,8808.899
963,62157.074
964,5529.8955
965,6800.7427
966,100453.055
967,6868.0005
968,8050.752
969,9471.518
970,8275.3125
971,78986.4
972,6881.569
973,22777.986
974,143363.48
975,5286.5156
976,146997.94
977,121268.19
978,6332.4155
979,6051.816
980,6693.925
981,7023.2686
982,5986.4224
983,6630.343
984,7258.0254
985,10195.265
986,5586.53
987,7059.683
988,6487.1274
989,18725.541
990,7775.208
991,2969.3804
992,6487.156
993,7412.447
994,8560.177
995,5903.608
996,9057.599
997,7532.764
998,7677.522
999,5945.341
1000,284286.56
1001,85296.79
1002,6105.6484
1003,7776.2266
1004,5025.2485
1005,5605.652
1006,4747.9966
1007,9410.333
1008,10663.155
1009,15157.129
1010,37841.1
1011,9309.627
1012,49977.863
1013,98128.87
1014,5733.7354
1015,7227.5386
1016,27117.666
1017,3261.3376
1018,6263.127
1019,10741.427
1020,39309.84
1021,7823.6973
1022,7339.478
1023,7099.7427
1024,7845.322
1025,7184.6797
1026,18515.357
1027,10367.77
1028,10124.286
1029,6273.027
1030,6338.7134
1031,80624.44
1032,4460.8833
1033,5851.4478
1034,58828.36
1035,3817.1748
1036,8917.536
1037,45796.812
1038,10394.295
1039,9951.268
1040,8157.734
1041,33388.543
1042,8648.458
1043,5859.384
1044,11826.285
1045,10516.398
1046,11261.001
1047,3965.1733
1048,30356.936
1049,7142.7783
1050,6210.808
1051,19030.217
1052,7362.303
1053,13831.754
1054,30767.01
1055,16606.686
1056,52808.11
1057,12289.209
1058,7705.754
1059,8898.218
1060,4763.906
1061,6699.0415
1062,11441.529
1063,9812.936
1064,48381.75
1065,5741.6675
1066,149338.16
1067,6475.9053
1068,94772.36
1069,10757.956
1070,33727.555
1071,14012.35
1072,5921.898
1073,7228.1025
1074,17327.77
1075,6196.009
1076,13760.042
1077,28525.217
1078,15956.899
1079,8021.036
1080,7787.129
1081,5562.058
1082,80592.27
1083,7512.032
1084,14219.648
1085,6840.083
1086,29067.312
1087,10868.695
1088,47626.055
1089,7166.9395
1090,8944.942
1091,7597.119
1092,8983.671
1093,11622.492
1094,8731.783
1095,194922.69
1096,7964.536
1097,7365.3896
1098,6740.6333
1099,7631.0474
1100,6257.446
1101,7983.65
1102,5385.6685
1103,12881.388
1104,178960.73
1105,5491.1934
1106,8136.4497
1107,1881.9591
1108,130411.38
1109,5040.8394
1110,6847.2383
1111,125271.5
1112,9006.452
1113,97733.234
1114,8824.519
1115,5647.328
1116,179737.86
1117,9139.281
1118,2990.7354
1119,3941.4204
1120,12299.471
1121,28578.787
1122,10911.517
1123,7570.178
1124,8768.365
1125,5560.8384
1126,5254.803
1127,10629.703
1128,4990.738
1129,6593.857
1130,7462.544
1131,4307.7627
1132,60543.168
1133,7345.095
1134,9540.676
1135,33038.9
1136,43361.668
1137,8221.675
1138,3743.4392
1139,6907.5024
1140,7495.999
1141,8208.782
1142,5832.397
1143,28995.268
1144,6597.023
1145,6781.0425
1146,5241.3784
1147,6231.3296
1148,12342.072
1149,12882.368
1150,21708.762
1151,11777.206
1152,8347.329
1153,20440.791
1154,8057.4585
1155,5800.635
1156,7955.4883
1157,6354.712
1158,27319.666
1159,11894.229
1160,11247.964
1161,27390.076
1162,6594.498
1163,11798.436
1164,8466.768
1165,6248.6743
1166,33559.11
1167,6583.6147
1168,6436.022
1169,10420.146
1170,6856.658
1171,7303.5273
1172,9845.54
1173,20953.45
1174,34561.492
1175,43807.547
1176,6234.6826
1177,9014.609
1178,11263.762
1179,10351.773
1180,7638.3833
1181,36424.47
1182,6968.707
1183,45231.64
1184,67971.59
1185,53154.37
1186,10140.717
1187,7014.7007
1188,9280.105
1189,7673.9326
1190,5969.213
1191,15949.471
1192,9114.041
1193,7128.56
1194,12505.343
1195,21476.688
1196,6052.8374
1197,9162.311
1198,77233.875
1199,63250.12
1200,8942.818
1201,9838.693
1202,17865.89
1203,6329.7285
1204,8161.54
1205,49806.14
1206,8459.71
1207,18417.42
1208,9051.35
1209,7101.755
1210,44489.715
1211,9727.722
1212,85171.45
1213,40876.9
1214,199160.1
1215,6757.235
1216,3324.8213
1217,61248.586
1218,6666.6265
1219,44037.863
1220,7414.041
1221,4109.661
1222,6869.511
1223,6801.78
1224,41332.477
1225,53475.44
1226,9038.772
1227,79761.85
1228,7085.132
1229,5624.231
1230,4932.7573
1231,9024.155
1232,250834.31
1233,4276.4834
1234,9099.539
1235,12943.486
1236,6754.554
1237,8258.165
1238,7769.01
1239,5933.7856
1240,143633.9
1241,14429.034
1242,11159.956
1243,190521.9
1244,15039.641
1245,7055.4067
1246,16848.568
1247,104594.26
1248,24802.773
1249,15347.016
1250,53247.473
1251,5107.2847
1252,7945.6353
1253,8849.892
1254,6382.659
1255,12323.379
1256,89950.77
1257,26367.896
1258,5824.466
1259,11904.72
1260,6571.4175
1261,39795.09
1262,85303.984
1263,8256.9375
1264,14402.614
1265,87910.44
1266,6786.916
1267,25681.1
1268,5783.3657
1269,9664.885
1270,7696.43
1271,22149.87
1272,12365.838
1273,5461.239
1274,112200.06
1275,5979.5957
1276,51141.83
1277,12566.147
1278,8621.98
1279,27645.643
1280,9314.11
1281,6281.469
1282,7172.949
1283,7662.713
1284,23280.908
1285,8197.007
1286,21058.893
1287,8441.135
1288,104120.57
1289,7862.81
1290,6678.736
1291,4404.761
1292,6284.021
1293,4443.4287
1294,10968.328
1295,7997.112
1296,73492.04
1297,5778.215
1298,6794.0527
1299,5798.652
1300,14099.103
1301,61458.96
1302,8298.146
1303,11135.779
1304,7380.5894
1305,7405.383
1306,8865.701
1307,131601.72
1308,19403.914
1309,11863.374
1310,17457.498
1311,13623.045
1312,12360.34
1313,6580.2627
1314,8297.343
1315,5791.535
1316,57359.562
1317,8843.58
1318,14932.995
1319,9174.203
1320,5704.2393
1321,337122.56
1322,8792.995
1323,4771.4126
1324,36018.953
1325,12117.006
1326,62734.14
1327,8435.924
1328,3889.4336
1329,9455.788
1330,7548.213
1331,13512.947
1332,50181.55
1333,8069.696
1334,5286.1274
1335,117978.87
1336,4996.795
1337,33815.49
1338,13267.166
1339,40540.82
1340,248238.53
1341,7501.6675
1342,178055.16
1343,7905.7007
1344,14513.378
1345,8125.5015
1346,6714.955
1347,6285.083
1348,12880.965
1349,8031.873
1350,5683.552
1351,27802.201
1352,6263.372
1353,5169.504
1354,13035.771
1355,13414.916
1356,11294.045
1357,7714.841
1358,21144.393
1359,7505.3384
1360,9535.87
1361,8481.902
1362,13629.471
1363,59122.3
1364,7480.729
1365,21461.334
1366,21418.52
1367,5714.2554
1368,7885.6733
1369,8122.942
1370,6214.0537
1371,6201.7964
1372,6102.2334
1373,5547.028
1374,7469.3965
1375,7992.8057
1376,5805.0576
1377,18607.34
1378,7538.836
1379,7007.4736
1380,23343.127
1381,7475.5273
1382,41667.56
1383,6966.583
1384,11823.201
1385,16653.643
1386,7192.4287
1387,29207.916
1388,14402.365
1389,80900.56
1390,15565.936
1391,5999.3896
1392,10532.51
1393,7152.95
1394,5083.138
1395,6191.077
1396,8474.831
1397,115950.15
1398,11068.856
1399,6197.6714
1400,21795.643
1401,6122.065
1402,11868.805
1403,38814.992
1404,10124.017
1405,31651.953
1406,4138.333
1407,36503.316
1408,12405.149
1409,7532.806
1410,10355.129
1411,5865.522
1412,2811.5427
1413,8773.484
1414,6306.77
1415,10620.78
1416,12999.06
1417,15310.337
1418,7282.481
1419,7089.6035
1420,17833.566
1421,7394.255
1422,8262.918
1423,9131.34
1424,6110.536
1425,24341.56
1426,5277.796
1427,3570.7336
1428,94538.67
1429,57095.504
1430,7943.836
1431,28261.12
1432,12733.999
1433,12164.1455
1434,7499.246
1435,76941.516
1436,7355.6016
1437,5041.059
1438,45140.832
1439,16923.064
1440,6793.63
1441,6604.182
1442,4933.653
1443,5912.7065
1444,8613.831
1445,6496.5693
1446,5662.3794
1447,32552.926
1448,6636.0957
1449,15344.306
1450,4873.9824
1451,7727.4966
1452,43636.38
1453,11026.574
1454,6923.3867
1455,28236.068
1456,7223.7056
1457,7850.959
1458,249981.44
1459,44995.355
1460,7165.679
1461,6706.5933
1462,4724.2324
1463,11174.269
1464,15444.2295
1465,18965.506
1466,6739.8774
1467,6863.6226
1468,11938.465
1469,7295.8193
1470,17972.81
1471,7683.134
1472,7118.71
1473,7158.056
1474,26547.137
1475,5082.7324
1476,9786.241
1477,19589.725
1478,3967.938
1479,16704.664
1480,7899.9316
1481,36944.977
1482,12342.669
1483,7603.0327
1484,6910.832
1485,7881.332
1486,4490.7764
1487,22307.469
1488,5866.4053
1489,60275.54
1490,153847.62
1491,27946.898
1492,8221.196
1493,5687.735
1494,3928.43
1495,61765.836
1496,4576.442
1497,6251.648
1498,12353.812
1499,6954.617
1500,8599.366
1501,28665.781
1502,7878.0947
1503,8796.061
1504,9816.392
1505,72868.9
1506,307169.16
1507,7839.7163
1508,6069.642
1509,13844.689
1510,8097.8755
1511,102363.38
1512,71410.6
1513,10175.863
1514,3698.8047
1515,15586.959
1516,6011.829
1517,9172.807
1518,8494.498
1519,139240.3
1520,6025.2437
1521,6296.98
1522,13674.192
1523,6588.9097
1524,10620.78
1525,9076.513
1526,10678.253
1527,8106.2476
1528,5032.3125
1529,8196.154
1530,14570.492
1531,7831.605
1532,32184.637
1533,10842.837
1534,9376.576
1535,8631.244
1536,4992.148
1537,6318.4697
1538,20412.324
1539,6455.495
1540,13623.005
1541,44269.477
1542,57706.727
1543,4360.16
1544,11374.84
1545,211455.88
1546,14191.446
1547,6354.518
1548,191037.17
1549,38252.094
1550,5801.7046
1551,88274.03
1552,8458.796
1553,9520.9375
1554,8141.5815
1555,6901.9663
1556,24998.941
1557,7249.487
1558,9474.427
1559,15355.466
1560,5243.485
1561,12797.239
1562,5515.791
1563,9034.702
1564,39097.99
1565,7949.057
1566,33331.598
1567,11632.839
1568,161797.75
1569,6901.5747
1570,13498.971
1571,14287.9
1572,20696.902
1573,10676.653
1574,7075.8433
1575,6402.704
1576,9196.299
1577,8756.965
1578,3408.743
1579,6486.294
1580,4751.454
1581,11256.433
1582,18099.791
1583,6251.4595
1584,4445.1597
1585,11933.27
1586,9608.273
1587,6820.61
1588,17584.373
1589,3956.7856
1590,75476.99
1591,29891.305
1592,9517.986
1593,6630.5957
1594,7692.8784
1595,4259.8213
1596,24044.697
1597,5252.1924
1598,7790.0703
1599,4678.691
1600,12280.925
1601,23881.594
1602,116754.49
1603,15358.039
1604,6854.2715
1605,5029.968
1606,92693.14
1607,8770.218
1608,9485.515
1609,7119.444
1610,46452.51
1611,8015.126
1612,32403.857
1613,52290.617
1614,6719.447
1615,108067.35
1616,128816.734
1617,6847.772
1618,6640.1807
1619,9601.93
1620,11514.52
1621,4041.3535
1622,57905.004
1623,7583.0684
1624,12875.188
1625,97476.375
1626,7233.6587
1627,23558.445
1628,10970.583
1629,15278.628
1630,7336.414
1631,16038.155
1632,26996.389
1633,22913.81
1634,9875.518
1635,19038.885
1636,8641.044
1637,16252.815
1638,10678.049
1639,7571.0684
1640,73993.1
1641,3877.3845
1642,43799.434
1643,9010.84
1644,9872.817
1645,44776.473
1646,6682.6523
1647,100928.24
1648,9494.984
1649,6895.3086
1650,7700.7144
1651,7777.211
1652,5645.3394
1653,14136.929
1654,5776.913
1655,12632.424
1656,7706.322
1657,8116.581
1658,8391.712
1659,8607.745
1660,15470.979
1661,17069.29
1662,8028.9253
1663,3623.9846
1664,212209.84
1665,18742.016
1666,5892.264
1667,4715.6226
1668,34804.316
1669,5643.178
1670,4823.6567
1671,15234.989
1672,370376.72
1673,46419.05
1674,5027.1094
1675,10010.542
1676,101716.14
1677,7929.3813
1678,5487.3257
1679,95148.21
1680,4465.752
1681,189749.3
1682,20372.117
1683,91936.59
1684,17666.582
1685,9754.248
1686,80455.766
1687,32598.684
1688,6819.217
1689,10580.672
1690,4244.721
1691,19845.633
1692,10562.451
1693,7269.4277
1694,9725.362
1695,4579.692
1696,13558.559
1697,4582.6216
1698,4524.834
1699,7017.4395
1700,8945.384
1701,84660.38
1702,3752.3416
1703,62322.94
1704,16835.473
1705,9064.196
1706,59359.555
1707,6407.5415
1708,9650.01
1709,11088.342
1710,27296.61
1711,5760.5513
1712,4398.6113
1713,193540.64
1714,22616.201
1715,3971.3003
1716,9767.972
1717,5812.328
1718,11014.087
1719,4186.3413
1720,6388.1494
1721,10180.388
1722,9769.0625
1723,4307.5913
1724,10500.881
1725,17422.809
1726,11363.405
1727,6901.0186
1728,44484.137
1729,9362.628
1730,103901.0
1731,8195.079
1732,17431.188
1733,7484.023
1734,7229.78
1735,3639.7764
1736,9756.29
1737,10243.584
1738,202069.94
1739,21912.22
1740,18146.93
1741,13799.681
1742,7068.539
1743,21917.006
1744,82130.03
1745,4130.693
1746,13436.884
1747,8812.803
1748,19999.621
1749,26428.52
1750,4717.1177
1751,9475.121
1752,21713.236
1753,6135.0327
1754,141004.4
1755,8264.563
1756,27891.865
1757,7521.0815
1758,10597.818
1759,5542.6143
1760,9488.27
1761,10608.922
1762,11504.521
1763,7916.3955
1764,64930.574
1765,45106.684
1766,7964.3877
1767,11281.111
1768,5533.652
1769,4736.4995
1770,9856.387
1771,6900.3833
1772,6837.9927
1773,7090.9414
1774,19901.326
1775,7276.6113
1776,6839.8984
1777,9125.467
1778,6440.8755
1779,9587.05
1780,5866.63
1781,9851.408
1782,7361.8667
1783,8660.292
1784,24830.393
1785,38012.8
1786,11593.719
1787,9204.221
1788,11330.576
1789,2385.7363
1790,43194.734
1791,7699.823
1792,7652.0376
1793,9299.594
1794,5900.1177
1795,5275.6387
1796,11209.841
1797,8706.567
1798,26372.732
1799,9785.388
1800,5652.0454
1801,12062.406
1802,68798.695
1803,16606.686
1804,5516.733
1805,7063.6006
1806,7036.8213
1807,7226.6343
1808,19427.508
1809,9177.335
1810,7413.886
1811,4598.4746
1812,8018.953
1813,5859.965
1814,15359.747
1815,78535.04
1816,57105.574
1817,6172.86
1818,8240.896
1819,8137.5703
1820,73621.4
1821,6996.745
1822,9100.229
1823,21582.064
1824,5278.112
1825,6290.258
1826,5773.488
1827,8364.558
1828,7656.693
1829,7564.8584
1830,6503.854
1831,6343.22
1832,12712.791
1833,5507.991
1834,22831.22
1835,6597.023
1836,6094.0874
1837,14210.59
1838,7868.4365
1839,4666.254
1840,43180.273
1841,6950.2817
1842,10247.205
1843,5214.561
1844,6644.5674
1845,5479.292
1846,8290.479
1847,5073.3477
1848,4893.9673
1849,4942.399
1850,6814.959
1851,6345.957
1852,6828.5767
1853,7207.3525
1854,8313.402
1855,10185.448
1856,5994.296
1857,9401.816
1858,18873.402
1859,53016.617
1860,87848.195
1861,7281.518
1862,12119.864
1863,10600.691
1864,9174.063
1865,19999.557
1866,7812.5166
1867,5729.731
1868,75641.89
1869,10757.848
1870,12087.131
1871,11674.086
1872,10623.184
1873,4725.005
1874,18401.633
1875,60065.55
1876,11947.765
1877,32171.445
1878,6706.6006
1879,6856.04
1880,305275.34
1881,22642.344
1882,9015.037
1883,6373.206
1884,7183.9785
1885,5123.103
1886,7587.3647
1887,6965.2617
1888,7767.138
1889,757.8267
1890,6282.7295
1891,7426.446
1892,13028.086
1893,6436.0933
1894,10700.277
1895,7720.265
1896,8280.897
1897,21000.268
1898,6021.411
1899,7197.6064
1900,5425.6406
1901,11029.994
1902,65696.1
1903,5771.1763
1904,4973.3486
1905,22770.955
1906,14556.676
1907,24684.264
1908,9667.564
1909,17021.916
1910,12368.048
1911,290118.1
1912,4787.232
1913,9487.3125
1914,7020.1636
1915,9192.383
1916,10229.009
1917,81956.08
1918,22466.762
1919,13581.691
1920,19141.643
1921,72930.99
1922,152852.64
1923,6461.9985
1924,8581.996
1925,12907.603
1926,5013.339
1927,6285.5884
1928,31083.584
1929,9807.08
1930,12390.592
1931,8172.334
1932,49490.89
1933,8738.031
1934,8009.616
1935,7372.578
1936,6559.526
1937,5243.213
1938,41267.14
1939,84114.42
1940,5819.57
1941,11441.782
1942,13336.468
1943,8018.93
1944,86305.984
1945,4239.662
1946,8671.854
1947,7760.9995
1948,105237.125
1949,6208.216
1950,10893.196
1951,5941.8594
1952,7123.3486
1953,9529.707
1954,9116.615
1955,5169.5825
1956,7037.924
1957,6503.219
1958,10017.374
1959,111726.086
1960,9293.82
1961,6190.3184
1962,8937.011
1963,7347.9185
1964,6924.5913
1965,8782.901
1966,5992.091
1967,10969.782
1968,4639.036
1969,14944.548
1970,8973.549
1971,75434.65
1972,54057.547
1973,7692.618
1974,11626.261
1975,14560.82
1976,39612.555
1977,52824.066
1978,9284.322
1979,6252.2725
1980,22330.723
1981,9152.794
1982,6105.247
1983,38526.574
1984,9464.867
1985,17502.992
1986,7974.2227
1987,1023.09454
1988,4942.063
1989,9618.331
1990,20416.027
1991,10283.654
1992,6026.2056
1993,7150.935
1994,10536.988
1995,4598.9224
1996,12231.903
1997,8042.758
1998,9093.026
1999,7641.6855
2000,7871.6196
2001,17847.018
2002,6595.5957
2003,38587.082
2004,45853.18
2005,10565.601
2006,11212.605
2007,4871.2363
2008,10284.339
2009,139457.36
2010,7144.9033
2011,6664.7773
2012,10140.239
2013,154400.23
2014,12585.896
2015,171846.02
2016,6801.78
2017,59633.727
2018,79706.34
2019,7515.1035
2020,13251.619
2021,7635.7847
2022,3743.0356
2023,12074.832
2024,6621.016
2025,232822.45
2026,7596.9805
2027,8286.962
2028,5083.2104
2029,3743.0356
2030,4096.3677
2031,54605.98
2032,7118.7793
2033,6466.9634
2034,8327.762
2035,25213.932
2036,4586.1323
2037,8390.57
2038,34658.062
2039,26358.605
2040,4924.3506
2041,13577.747
2042,5414.1514
2043,59275.16
2044,7853.018
2045,6997.5
2046,16086.871
2047,5595.8623
2048,11454.919
2049,6089.6543
2050,3434.844
2051,9656.973
2052,6899.1714
2053,14265.439
2054,7951.9663
2055,6323.212
2056,11030.068
2057,4516.564
2058,10056.478
2059,9226.308
2060,6674.803
2061,26344.654
2062,6439.929
2063,9195.595
2064,8323.936
2065,7050.952
2066,11176.6
2067,28350.518
2068,57464.406
2069,66817.63
2070,8691.788
2071,8524.3955
2072,10212.4
2073,6401.521
2074,16672.486
2075,6568.143
2076,7047.7026
2077,10051.9795
2078,5503.8096
2079,14300.1455
2080,14303.756
2081,35127.33
2082,13870.881
2083,7333.4785
2084,20180.559
2085,3928.43
2086,7636.251
2087,77243.55
2088,8088.8413
2089,5992.714
2090,5522.8486
2091,15775.041
2092,4214.6616
2093,5901.8804
2094,9868.841
2095,12307.467
2096,7395.1294
2097,8583.403
2098,8548.231
2099,33238.797
2100,8092.6646
2101,6447.307
2102,7199.5713
2103,5829.221
2104,8014.313
2105,4309.4927
2106,21036.44
2107,6255.3164
2108,7671.98
2109,8923.598
2110,10216.325
2111,10078.843
2112,51149.785
2113,6451.8975
2114,9101.377
2115,8951.648
2116,34495.527
2117,4950.8022
2118,12318.719
2119,4309.4927
2120,150057.67
2121,5045.235
2122,10849.078
2123,74606.52
2124,10414.451
2125,149723.27
2126,6582.0015
2127,12062.406
2128,9297.15
2129,8696.26
2130,8502.239
2131,6394.7656
2132,6446.436
2133,13329.71
2134,10363.347
2135,14954.175
2136,28303.34
2137,14035.334
2138,13380.523
2139,3816.341
2140,175682.95
2141,8282.661
2142,11422.39
2143,5221.684
2144,16544.928
2145,8098.597
2146,8137.72
2147,18587.016
2148,39415.035
2149,25812.73
2150,11968.806
2151,121344.914
2152,9390.365
2153,14568.269
2154,4485.3496
2155,6657.662
2156,54246.777
2157,5803.8306
2158,42436.715
2159,252162.17
2160,6848.3267
2161,15395.222
2162,28107.92
2163,12850.629
2164,7319.3247
2165,13484.676
2166,9882.211
2167,7132.03
2168,12119.559
2169,4936.968
2170,5802.8955
2171,11822.76
2172,5050.3906
2173,5749.909
2174,8333.69
2175,7960.6294
2176,7156.2197
2177,6345.463
2178,5581.9727
2179,10842.752
2180,22302.682
2181,7109.546
2182,143183.6
2183,18927.088
2184,8788.905
2185,22244.77
2186,12894.035
2187,80141.47
2188,8020.756
2189,21378.48
2190,39017.45
2191,150212.16
2192,10254.33
2193,8895.1455
2194,9377.249
2195,4569.5435
2196,10336.77
2197,9329.8125
2198,8107.328
2199,5045.486
2200,119796.13
2201,10346.746
2202,5658.8486
2203,5768.7075
2204,8877.331
2205,6754.0117
2206,10471.308
2207,7499.232
2208,13092.21
2209,7929.138
2210,10028.697
2211,53082.38
2212,6208.2656
2213,7605.617
2214,30789.19
2215,8425.846
2216,3604.0642
2217,80809.58
2218,13282.609
2219,7213.556
2220,15818.939
2221,44335.79
2222,8634.412
2223,68534.26
2224,18693.379
2225,78936.65
2226,101033.15
2227,7186.108
2228,1548.5862
2229,6280.6235
2230,4327.4023
2231,7119.444
2232,8639.907
2233,7120.644
2234,7737.03
2235,70589.086
2236,9264.171
2237,9793.29
2238,5775.0015
2239,20316.86
2240,11146.167
2241,29162.736
2242,6282.7036
2243,5971.1216
2244,10137.355
2245,6239.2656
2246,7822.9365
2247,27142.498
2248,6858.855
2249,10173.212
2250,7837.366
2251,4400.629
2252,6930.207
2253,57622.863
2254,13242.884
2255,11586.81
2256,15026.919
2257,12238.188
2258,36783.387
2259,90683.88
2260,5652.498
2261,8291.886
2262,2811.5427
2263,130559.234
2264,12787.957
2265,11929.841
2266,7796.032
2267,36492.66
2268,9966.568
2269,49776.906
2270,28466.537
2271,5291.5815
2272,5796.229
2273,17867.596
2274,7688.108
2275,8853.024
2276,13700.726
2277,5702.701
2278,120007.66
2279,7104.7197
2280,4312.3916
2281,5754.639
2282,31789.965
2283,14263.079
2284,22699.412
2285,9009.174
2286,8610.014
2287,13642.587
2288,8473.136
2289,51865.82
2290,5536.652
2291,5109.143
2292,9751.611
2293,7038.7695
2294,6745.5796
2295,8254.935
2296,6661.4995
2297,3983.197
2298,11607.954
2299,22638.832
2300,25589.133
2301,6864.274
2302,7022.996
2303,54631.844
2304,14749.106
2305,5596.264
2306,9794.2
2307,7467.3687
2308,3625.3943
2309,3875.546
2310,5751.7275
2311,17606.629
2312,9197.261
2313,24755.715
2314,11026.574
2315,9175.654
2316,9979.643
2317,12452.37
2318,11777.302
2319,6213.948
2320,8978.066
2321,7285.173
2322,8291.028
2323,7099.371
2324,49806.14
2325,5775.6255
2326,16739.623
2327,11668.716
2328,8203.696
2329,10136.979
2330,9436.066
2331,11213.235
2332,33937.51
2333,7486.9897
2334,6810.731
2335,9392.219
2336,6371.6787
2337,59731.2
2338,151964.12
2339,24155.213
2340,11801.3955
2341,6928.8257
2342,6668.6836
2343,7098.812
2344,94817.305
2345,12030.086
2346,9079.717
2347,6408.889
2348,192177.48
2349,12178.731
2350,12277.863
2351,16109.628
2352,6773.298
2353,7399.6045
2354,25433.285
2355,6266.8022
2356,7632.2437
2357,66404.04
2358,8735.68
2359,7071.5605
2360,150370.98
2361,9018.604
2362,7565.9224
2363,6926.3857
2364,13225.731
2365,35577.55
2366,7624.5728
2367,2651.6392
2368,10577.235
2369,76150.03
2370,11016.403
2371,4712.422
2372,4974.9683
2373,3749.746
2374,5262.5312
2375,34297.555
2376,84238.664
2377,8405.222
2378,6807.4707
2379,5762.0674
2380,8804.43
2381,143939.52
2382,5810.232
2383,9532.064
2384,7486.689
2385,9414.354
2386,6915.3
2387,15276.083
2388,14272.071
2389,7512.7036
2390,12300.639
2391,9973.483
2392,55243.3
2393,54364.6
2394,6211.3677
2395,5289.207
2396,6669.887
2397,7183.9785
2398,8396.663
2399,19908.824
2400,8167.4907
2401,3250.2556
2402,10620.78
2403,7184.3096
2404,6974.317
2405,7021.9746
2406,9798.306
2407,6016.793
2408,2662.2268
2409,10973.329
2410,8201.712
2411,6540.3975
2412,6968.0215
2413,9659.28
2414,5983.728
2415,7566.823
2416,10747.532
2417,9241.62
2418,66816.29
2419,6352.986
2420,6705.6606
2421,150818.81
2422,91012.25
2423,100732.14
2424,4835.933
2425,8025.0376
2426,11062.953
2427,11038.74
2428,5366.5986
2429,15524.038
2430,12578.849
2431,45509.266
2432,6332.9272
2433,12547.39
2434,6394.1924
2435,6541.185
2436,7153.9863
2437,19908.824
2438,6416.5977
2439,7534.504
2440,202859.98
2441,12262.785
2442,60543.45
2443,98609.04
2444,132716.31
2445,91936.59
2446,39558.25
2447,8305.11
2448,73560.766
2449,81193.44
2450,6492.8604
2451,4044.6792
2452,6736.7095
2453,5910.4077
2454,9208.698
2455,6285.559
2456,5804.0405
2457,10569.004
2458,23545.393
2459,39202.113
2460,15825.112
2461,8701.218
2462,21613.645
2463,5212.0767
2464,7021.838
2465,14178.626
2466,84977.72
2467,7200.67
2468,6296.27
2469,6923.267
2470,22107.35
2471,8942.481
2472,6111.455
2473,9081.783
2474,16784.6
2475,8657.457
2476,41277.008
2477,7733.364
2478,7351.472
2479,13194.949
2480,70956.586
2481,6706.544
2482,4638.4087
2483,20467.938
2484,6870.0854
2485,8524.819
2486,13096.303
2487,198085.78
2488,6477.696
2489,5396.2188
2490,61799.63
2491,5648.165
2492,5535.6206
2493,3237.3352
2494,7659.179
2495,4955.06
2496,10353.515
2497,11806.141
2498,30832.205
2499,6871.773
2500,5622.1367
2501,3738.5933
2502,9888.002
2503,5998.246
2504,127416.85
2505,6751.203
2506,10742.749
2507,54779.65
2508,6724.6284
2509,6492.305
2510,9430.635
2511,149876.92
2512,4364.2617
2513,6885.2534
2514,5514.558
2515,19037.75
2516,77850.62
2517,23892.229
2518,66886.09
2519,6339.9805
2520,10870.466
2521,13063.668
2522,5008.263
2523,20553.912
2524,14661.932
2525,29308.57
2526,6438.9497
2527,5041.7847
2528,4758.272
2529,51391.168
2530,19785.066
2531,209654.83
2532,60877.9
2533,9437.983
2534,19172.75
2535,6660.005
2536,13929.153
2537,129836.56
2538,33555.906
2539,11887.733
2540,4947.7515
2541,6206.012
2542,126053.36
2543,8661.296
2544,20546.111
2545,8631.274
2546,12243.68
2547,12276.796
2548,7000.025
2549,30893.719
2550,5806.8633
2551,6602.375
2552,16557.662
2553,17276.162
2554,19999.621
2555,9501.996
2556,16279.873
2557,27811.818
2558,18526.594
2559,6453.0547
2560,4992.0024
2561,8834.04
2562,3957.7532
2563,6512.9165
2564,10824.171
2565,10793.494
2566,32347.87
2567,11334.668
2568,37220.234
2569,4858.634
2570,45796.812
2571,9767.816
2572,5186.019
2573,5418.5884
2574,11025.148
2575,17236.97
2576,7254.7363
2577,5169.504
2578,5900.009
2579,10816.893
2580,6354.175
2581,50900.45
2582,94130.78
2583,6190.406
2584,27317.912
2585,8345.527
2586,28334.812
2587,6156.5767
2588,8472.448
2589,6753.359
2590,15791.062
2591,172807.19
2592,15816.516
2593,7342.975
2594,7732.4536
2595,4772.5674
2596,40264.28
2597,5603.456
2598,15068.996
2599,8074.537
2600,53985.85
2601,46504.805
2602,10460.2
2603,144218.47
2604,8352.192
2605,19108.53
2606,42143.69
2607,8144.8486
2608,155964.45
2609,11334.579
2610,6843.9473
2611,8279.283
2612,27925.154
2613,132412.48
2614,20158.16
2615,6127.3325
2616,6572.7935
2617,262539.4
2618,8812.803
2619,4692.0366
2620,5496.9165
2621,7078.5044
2622,5830.659
2623,12411.101
2624,19660.676
2625,6781.875
2626,5538.4644
2627,8732.05
2628,12827.998
2629,8217.396
2630,12984.881
2631,7507.92
2632,10209.676
2633,9673.402
2634,6237.8677
2635,8277.75
2636,5290.5073
2637,8319.075
2638,6083.3
2639,8001.368
2640,7984.7607
2641,18416.41
2642,6687.788
2643,115384.586
2644,7862.81
2645,5205.589
2646,7569.047
2647,11966.793
2648,15431.8
2649,9117.792
2650,144524.97
2651,9081.291
2652,19114.414
2653,6371.4487
2654,82332.03
2655,10260.147
2656,10700.277
2657,7433.5034
2658,7353.986
2659,15702.654
2660,17360.621
2661,7084.9644
2662,10311.561
2663,6675.4956
2664,8084.043
2665,6516.3257
2666,5558.275
2667,15869.772
2668,8378.197
2669,15084.293
2670,9232.656
2671,28547.928
2672,11513.626
2673,10354.798
2674,5235.877
2675,7682.794
2676,8340.491
2677,6826.482
2678,9224.244
2679,26818.81
2680,7930.3013
2681,6460.3677
2682,21775.654
2683,8001.675
2684,6045.0864
2685,51093.504
2686,7274.6064
2687,5888.8853
2688,8192.249
2689,7375.0913
2690,5585.8423
2691,7880.0693
2692,4619.6357
2693,5934.9346
2694,7037.4575
2695,15721.563
2696,5628.262
2697,21487.068
2698,29390.256
2699,8389.431
2700,11991.033
2701,37588.613
2702,6818.0586
2703,5872.4185
2704,11581.388
2705,37343.25
2706,4559.9688
2707,37490.62
2708,6578.578
2709,8276.136
2710,32176.95
2711,5199.6626
2712,189151.0
2713,60496.547
2714,6938.726
2715,7722.6978
2716,26314.541
2717,186744.55
2718,23117.795
2719,7111.3457
2720,7710.04
2721,8835.35
2722,8054.851
2723,102916.16
2724,7003.9233
2725,6841.5605
2726,37699.57
2727,6054.609
2728,8150.3877
2729,8195.804
2730,183018.42
2731,30446.82
2732,88657.266
2733,9974.398
2734,4425.7246
2735,6912.667
2736,6961.562
2737,6227.787
2738,8091.97
2739,18178.99
2740,8553.318
2741,6509.059
2742,15408.746
2743,100084.32
2744,6312.4224
2745,7700.1494
2746,15386.23
2747,3076.082
2748,4978.177
2749,5678.511
2750,15525.291
2751,6208.216
2752,5800.7876
2753,10915.45
2754,6268.7603
2755,25842.947
2756,16698.3
2757,4798.783
2758,5867.4854
2759,12279.012
2760,5766.2515
2761,6304.704
2762,6149.581
2763,7131.93
2764,7083.867
2765,10424.584
2766,6220.6177
2767,12060.545
2768,10069.843
2769,6967.409
2770,10247.353
2771,9313.151
2772,55033.61
2773,5905.778
2774,107069.016
2775,28808.68
2776,8050.2188
2777,4770.768
2778,9758.685
2779,363378.06
2780,31131.443
2781,6163.5337
2782,12462.822
2783,13700.148
2784,8514.403
2785,105490.95
2786,5838.9023
2787,10367.595
2788,7269.019
2789,9587.055
2790,6627.1367
2791,6840.34
2792,15456.714
2793,5735.848
2794,5902.9946
2795,6087.2656
2796,40858.387
2797,8645.313
2798,18267.281
2799,8036.3604
2800,9337.196
2801,4606.886
2802,15455.301
2803,6530.728
2804,10679.071
2805,4070.7666
2806,8591.386
2807,6932.019
2808,39460.734
2809,155771.2
2810,30186.559
2811,8002.253
2812,60779.16
2813,9331.642
2814,9462.794
2815,8818.423
2816,13395.8545
2817,5059.0073
2818,7851.4756
2819,228124.06
2820,5386.125
2821,23728.016
2822,23307.941
2823,5373.1455
2824,6622.5728
2825,8827.604
2826,7258.5312
2827,4131.6865
2828,33142.562
2829,13406.024
2830,21151.172
2831,6646.042
2832,7688.6177
2833,112541.78
2834,9150.0205
2835,14776.193
2836,7945.8364
2837,35238.137
2838,8835.634
2839,78926.5
2840,4385.5513
2841,8341.441
2842,8387.891
2843,5626.834
2844,44990.117
2845,129773.53
2846,8094.194
2847,21491.248
2848,34440.77
2849,5537.551
2850,59109.562
2851,13498.978
2852,14146.309
2853,7559.5664
2854,8132.4873
2855,13819.897
2856,82037.59
2857,16598.096
2858,6469.154
2859,4654.8374
2860,27749.78
2861,10456.476
2862,5030.329
2863,8468.233
2864,4014.0508
2865,5307.9204
2866,4938.0293
2867,17385.244
2868,47900.28
2869,4972.1426
2870,9328.489
2871,7302.9873
2872,6500.36
2873,8976.764
2874,6394.7373
2875,21015.096
2876,6313.2324
2877,6407.454
2878,9409.993
2879,10259.178
2880,7092.1377
2881,5813.6836
2882,4604.668
2883,8594.335
2884,12692.47
2885,6773.622
2886,10184.978
2887,10515.336
2888,5959.1953
2889,6563.7524
2890,6844.1895
2891,26441.2
2892,3898.2415
2893,7539.707
2894,20712.492
2895,2336.2954
2896,8491.803
2897,4157.506
2898,7270.1143
2899,7268.5044
2900,5709.858
2901,5671.9937
2902,16777.254
2903,5344.465
2904,7809.31
2905,7714.841
2906,15844.811
2907,17913.5
2908,11075.318
2909,70785.94
2910,5937.6196
2911,7076.085
2912,96926.63
2913,5358.1626
2914,7320.214
2915,8795.922
2916,14008.059
2917,106656.445
2918,19120.623
2919,164436.73
2920,197740.89
2921,8130.644
2922,26532.402
2923,35445.645
2924,8119.6973
2925,4018.7373
2926,68315.516
2927,13588.297
2928,229692.1
2929,5735.9272
2930,33338.82
2931,7138.8687
2932,5642.0776
2933,6296.9355
2934,8115.6323
2935,4729.5093
2936,16400.514
2937,6857.5264
2938,5674.47
2939,45469.26
2940,118757.72
2941,34717.715
2942,9057.053
2943,8106.495
2944,33244.758
2945,6846.7188
2946,8505.035
2947,14066.587
2948,7371.6255
2949,9973.965
2950,6009.295
2951,8288.138
2952,6917.096
2953,22980.23
2954,15980.573
2955,7042.712
2956,32864.133
2957,6924.2324
2958,32734.82
2959,134196.92
2960,7373.679
2961,7011.085
2962,3778.7915
2963,34434.105
2964,16669.055
2965,15257.662
2966,48241.938
2967,29828.613
2968,6030.596
2969,8727.078
2970,25113.014
2971,7111.0854
2972,8125.5635
2973,10622.875
2974,9264.605
2975,8195.062
2976,18893.172
2977,3978.3699
2978,10527.885
2979,5675.1655
2980,33338.82
2981,43108.816
2982,12255.373
2983,11531.906
2984,23569.984
2985,9369.605
2986,16463.209
2987,5983.4297
2988,6240.2437
2989,23690.424
2990,9242.051
2991,14373.961
2992,4714.3345
2993,9310.803
2994,10627.404
2995,9442.496
2996,159452.22
2997,14745.064
2998,14954.175
2999,10024.104
3000,69903.79
3001,6657.6006
3002,5964.5596
3003,5923.544
3004,4138.333
3005,6103.8813
3006,146819.06
3007,23310.08
3008,45809.496
3009,125808.516
3010,4656.0303
3011,7724.2373
3012,11100.96
3013,8626.342
3014,6996.634
3015,5807.477
3016,4882.4824
3017,45928.527
3018,12419.861
3019,88032.86
3020,12963.439
3021,4723.767
3022,7271.5034
3023,7446.2236
3024,16164.271
3025,8601.271
3026,5076.7124
3027,7732.186
3028,8501.904
3029,5003.905
3030,7204.6577
3031,171355.0
3032,37936.95
3033,53801.918
3034,104404.29
3035,54246.777
3036,11722.36
3037,154299.78
3038,17494.078
3039,51865.02
3040,11747.903
3041,8805.274
3042,34093.777
3043,10224.33
3044,51395.375
3045,20880.953
3046,4818.2754
3047,7065.3154
3048,19960.02
3049,31732.154
3050,13550.728
3051,9912.331
3052,39998.473
3053,13420.197
3054,14503.006
3055,9981.186
3056,6640.4473
3057,30956.088
3058,188185.38
3059,8826.816
3060,7065.5728
3061,4679.087
3062,8910.955
3063,8024.1484
3064,10066.413
3065,9132.596
3066,12916.857
3067,9023.704
3068,1599.5134
3069,5576.437
3070,9915.809
3071,22073.814
3072,14094.363
3073,6734.472
3074,9428.213
3075,28698.232
3076,9990.644
3077,8153.2236
3078,7923.9316
3079,8346.116
3080,5350.894
3081,100928.24
3082,16617.357
3083,9753.949
3084,4057.0312
3085,58758.12
3086,5281.5767
3087,4743.903
3088,57995.633
3089,4217.1895
3090,4463.3545
3091,10759.243
3092,9200.498
3093,7039.517
3094,4923.8706
3095,233061.8
3096,6910.3853
3097,8043.6284
3098,13518.596
3099,8042.758
3100,10471.969
3101,9644.423
3102,31684.766
3103,36821.918
3104,4779.23
3105,8398.52
3106,68981.8
3107,8380.863
3108,43124.5
3109,7616.422
3110,6273.155
3111,11183.906
3112,46287.293
3113,28265.764
3114,10002.388
3115,7927.422
3116,38558.348
3117,36070.375
3118,6296.7383
3119,7142.191
3120,7926.5293
3121,7548.6455
3122,7648.422
3123,8656.546
3124,10871.635
3125,25876.506
3126,55621.445
3127,8263.195
3128,15756.509
3129,14435.171
3130,22171.736
3131,6109.617
3132,6789.5244
3133,13544.601
3134,11138.945
3135,33254.07
3136,5456.9546
3137,12996.84
3138,3247.8276
3139,5249.1934
3140,8176.0967
3141,10390.856
3142,6635.362
3143,302664.88
3144,7177.4917
3145,4717.1177
3146,5935.3677
3147,6965.1
3148,6985.445
3149,9059.621
3150,6768.201
3151,5828.871
3152,41063.098
3153,154065.69
3154,3015.9446
3155,12131.831
3156,3208.2327
3157,10550.525
3158,16896.43
3159,5741.24
3160,28390.543
3161,8319.516
3162,16176.625
3163,144524.97
3164,7128.51
3165,5655.368
3166,9928.144
3167,7004.7935
3168,6820.1514
3169,6296.7383
3170,9713.555
3171,10060.517
3172,208487.36
3173,4685.1294
3174,241179.12
3175,145745.66
3176,7854.813
3177,11100.582
3178,8134.854
3179,197740.89
3180,13689.232
3181,124697.805
3182,4619.556
3183,23058.613
3184,35516.38
3185,13038.692
3186,8007.8774
3187,107667.29
3188,193316.38
3189,117213.945
3190,16134.616
3191,36218.754
3192,173131.48
3193,7217.458
3194,77931.6
3195,4497.8257
3196,68641.46
3197,8637.068
3198,8975.082
3199,7301.666
3200,73265.49
3201,6022.2974
3202,7217.2495
3203,10623.98
3204,6622.5728
3205,132040.42
3206,8416.592
3207,7700.839
3208,5697.997
3209,29151.615
3210,13829.379
3211,7086.1113
3212,8058.299
3213,9114.735
3214,6974.386
3215,11992.444
3216,218008.17
3217,6456.239
3218,17671.5
3219,9248.976
3220,28129.412
3221,4267.857
3222,3388.8755
3223,81046.336
3224,11676.725
3225,9187.222
3226,5569.7676
3227,7209.6626
3228,5446.921
3229,224574.44
3230,6837.5234
3231,5140.314
3232,25412.93
3233,93354.695
3234,11953.154
3235,15483.433
3236,24970.549
3237,12318.839
3238,13202.419
3239,8076.021
3240,144904.89
3241,17556.328
3242,143090.2
3243,130294.8
3244,11107.378
3245,51391.168
3246,186485.42
3247,6208.216
3248,53754.836
3249,17568.754
3250,8020.756
3251,8769.154
3252,10398.81
3253,9266.069
3254,17127.068
3255,81601.04
3256,8510.084
3257,8015.377
3258,32959.21
3259,4775.0127
3260,14879.307
3261,10074.674
3262,10314.881
3263,83161.22
3264,14805.922
3265,9100.551
3266,6592.0547
3267,4717.8687
3268,9449.335
3269,9217.171
3270,13802.554
3271,33157.383
3272,6529.3486
3273,7187.4604
3274,8780.604
3275,8546.744
3276,7531.239
3277,11699.234
3278,15103.95
3279,23464.883
3280,11354.597
3281,36948.65
3282,7598.0684
3283,335319.03
3284,139131.48
3285,6318.0396
3286,8402.483
3287,7746.048
3288,9457.106
3289,33830.277
3290,11813.161
3291,5287.541
3292,40844.152
3293,8019.8267
3294,6977.0674
3295,98855.67
3296,7603.8975
3297,6361.4717
3298,24653.06
3299,7984.7847
3300,8015.789
3301,10026.238
3302,15812.102
3303,9404.771
3304,13742.185
3305,7995.074
3306,6999.063
3307,81602.43
3308,5477.7324
3309,6584.954
3310,9355.444
3311,9572.19
3312,6759.328
3313,9782.707
3314,45102.152
3315,119796.13
3316,6242.851
3317,11557.514
3318,8195.964
3319,145745.66
3320,11859.174
3321,11310.161
3322,9439.23
3323,5571.2334
3324,6833.553
3325,7326.2446
3326,7222.9214
3327,14191.542
3328,26836.729
3329,39380.457
3330,36151.695
3331,32734.229
3332,12077.959
3333,11305.3545
3334,14020.782
3335,34685.65
3336,3663.6948
3337,4279.038
3338,9674.807
3339,8257.732
3340,8844.45
3341,8364.558
3342,6620.4966
3343,49304.777
3344,6967.6177
3345,29565.139
3346,33331.598
3347,13901.715
3348,12601.134
3349,46283.332
3350,73898.55
3351,7053.872
3352,4852.575
3353,9422.775
3354,7667.0703
3355,7498.8013
3356,16153.456
3357,28726.2
3358,176107.14
3359,89239.164
3360,15188.078
3361,7999.29
3362,14756.867
3363,10470.26
3364,4922.514
3365,8757.158
3366,8084.7095
3367,86276.305
3368,5225.0063
3369,12201.276
3370,19090.363
3371,55792.035
3372,5713.592
3373,10225.802
3374,12884.675
3375,6263.9375
3376,50417.12
3377,10331.44
3378,6776.701
3379,56005.996
3380,7155.861
3381,12477.885
3382,5421.5522
3383,5381.851
3384,146997.94
3385,14720.632
3386,52114.727
3387,12004.027
3388,37836.492
3389,9155.031
3390,7871.6724
3391,10552.431
3392,8767.339
3393,96565.59
3394,8641.103
3395,11451.895
3396,8796.724
3397,11654.599
3398,5659.4355
3399,5888.2866
3400,16204.415
3401,12410.744
3402,6413.856
3403,5393.1543
3404,10086.675
3405,7328.1924
3406,97465.51
3407,6059.9077
3408,6985.3115
3409,6094.1045
3410,32435.43
3411,9147.025
3412,24716.701
3413,4588.357
3414,7495.0728
3415,11897.084
3416,11327.385
3417,6777.9146
3418,16103.259
3419,9506.193
3420,5045.3916
3421,9269.862
3422,6480.3354
3423,8547.28
3424,5069.849
3425,9301.298
3426,4027.947
3427,9523.188
3428,8979.95
3429,8797.924
3430,10135.055
3431,86538.29
3432,18916.678
3433,11396.327
3434,7859.5254
3435,6238.005
3436,10009.941
3437,6656.8906
3438,5179.978
3439,4309.5723
3440,5797.146
3441,9705.311
3442,8749.076
3443,39318.383
3444,6300.7363
3445,21926.451
3446,5849.589
3447,32937.97
3448,6824.8223
3449,74500.87
3450,59974.117
3451,6009.972
3452,7292.3257
3453,5977.4507
3454,38833.066
3455,4991.1533
3456,8972.148
3457,4718.2036
3458,12887.496
3459,6837.523
3460,34856.746
3461,11090.338
3462,6390.9375
3463,5818.924
3464,10074.514
3465,12658.5205
3466,5817.106
3467,7053.013
3468,17236.111
3469,5022.8325
3470,33836.133
3471,15723.266
3472,6219.4404
3473,11199.672
3474,6452.319
3475,7442.8286
3476,8020.756
3477,12117.006
3478,8142.977
3479,7999.044
3480,5457.8022
3481,78107.43
3482,8422.803
3483,11824.143
3484,12824.552
3485,25685.277
3486,46645.89
3487,5679.328
3488,6639.576
3489,5126.032
3490,12317.72
3491,5352.7163
3492,40625.53
3493,10687.31
3494,6799.09
3495,6978.069
3496,21801.441
3497,8165.7944
3498,8856.769
3499,7757.6226
3500,7951.363
3501,19676.332
3502,30782.26
3503,72313.94
3504,8843.802
3505,3026.3726
3506,8515.964
3507,10260.494
3508,8627.139
3509,10552.622
3510,8699.265
3511,187974.86
3512,8877.331
3513,41145.93
3514,49592.906
3515,33722.875
3516,290669.22
3517,4746.713
3518,6029.5723
3519,6252.2725
3520,10967.011
3521,79704.766
3522,6545.119
3523,7052.456
3524,11433.473
3525,34284.633
3526,27010.787
3527,169247.8
3528,6072.208
3529,29619.062
3530,74521.68
3531,7290.4653
3532,7560.3687
3533,13163.315
3534,15651.403
3535,11446.452
3536,12288.241
3537,19556.148
3538,26745.027
3539,8342.292
3540,55840.52
3541,17091.996
3542,5865.522
3543,21035.242
3544,5445.907
3545,7291.355
3546,12855.863
3547,45322.63
3548,6053.1016
3549,9232.89
3550,11927.968
3551,10931.392
3552,15279.999
3553,7413.064
3554,9601.93
3555,5351.5073
3556,6438.7095
3557,10484.324
3558,8987.93
3559,20411.25
3560,20235.7
3561,11831.903
3562,10592.461
3563,18286.223
3564,9042.413
3565,9082.319
3566,15111.078
3567,41394.21
3568,5718.9316
3569,6260.079
3570,11693.639
3571,15546.149
3572,12507.854
3573,8107.7603
3574,8375.918
3575,5564.66
3576,7156.5654
3577,9334.892
3578,5386.9077
3579,7187.4604
3580,11443.503
3581,14174.342
3582,45295.8
3583,9226.651
3584,7164.6143
3585,13665.385
3586,17324.455
3587,9479.21
3588,11305.038
3589,15276.083
3590,5695.459
3591,13658.177
3592,9362.281
3593,5363.819
3594,7698.3013
3595,9439.23
3596,9025.942
3597,13583.465
3598,7787.675
3599,383086.2
3600,8794.438
3601,7112.6997
3602,8839.011
3603,5603.8677
3604,66415.92
3605,6536.016
3606,7929.567
3607,23700.473
3608,5222.0903
3609,8328.447
3610,35385.164
3611,8082.3755
3612,14669.488
3613,6774.145
3614,4402.8735
3615,7742.0005
3616,6818.206
3617,8486.582
3618,6439.7007
3619,87901.12
3620,4913.2007
3621,249617.7
3622,6940.403
3623,10947.192
3624,8322.114
3625,6423.8677
3626,66415.92
3627,6062.27
3628,8430.986
3629,116228.34
3630,7347.178
3631,21821.008
3632,7968.7505
3633,7322.782
3634,7765.088
3635,10357.537
3636,13599.536
3637,8835.322
3638,4528.915
3639,6879.141
3640,8433.265
3641,4947.97
3642,13101.93
3643,6589.1475
3644,13267.494
3645,11323.095
3646,5435.057
3647,6918.8325
3648,10841.773
3649,4663.622
3650,4355.175
3651,23255.426
3652,7206.3374
3653,7726.0234
3654,62197.14
3655,6718.9707
3656,4488.4927
3657,28452.176
3658,72600.14
3659,42677.29
3660,7077.0327
3661,10054.25
3662,9714.043
3663,51090.84
3664,82777.336
3665,10920.638
3666,7039.037
3667,155771.2
3668,5250.7495
3669,6084.9644
3670,51018.984
3671,5984.8774
3672,7971.781
3673,6969.0
3674,124386.37
3675,8449.881
3676,4002.9875
3677,15752.608
3678,9565.299
3679,45190.918
3680,4841.442
3681,5924.8384
3682,11740.189
3683,9781.566
3684,14079.67
3685,9142.044
3686,7454.0864
3687,7711.393
3688,13528.696
3689,126672.09
3690,7147.646
3691,40081.652
3692,13341.185
3693,5856.9517
3694,7183.434
3695,15633.45
3696,8075.111
3697,28555.129
3698,14934.409
3699,35344.375
3700,26357.818
3701,25798.586
3702,6592.2754
3703,14067.298
3704,7605.285
3705,7657.5312
3706,8649.709
3707,8935.292
3708,17440.98
3709,6051.4736
3710,11345.611
3711,8774.26
3712,64182.414
3713,8634.04
3714,27860.24
3715,8010.7783
3716,85699.375
3717,102916.16
3718,6650.239
3719,9771.811
3720,90578.34
3721,9643.1
3722,13868.073
3723,6946.478
3724,9984.993
3725,8594.919
3726,6209.9805
3727,14886.032
3728,14016.298
3729,2922.1782
3730,10028.682
3731,12062.291
3732,10941.8
3733,10980.883
3734,8534.399
3735,8552.598
3736,6023.0747
3737,7335.012
3738,7687.2407
3739,9689.131
3740,8441.687
3741,8645.803
3742,9457.022
3743,27462.719
3744,10033.228
3745,33894.035
3746,6633.566
3747,5328.154
3748,45374.863
3749,7403.5835
3750,5848.0786
3751,299996.47
3752,7993.1533
3753,83580.266
3754,26923.332
3755,8610.106
3756,5888.7495
3757,7487.056
3758,22391.447
3759,6172.5303
3760,4167.8564
3761,44716.926
3762,7674.1543
3763,8796.725
3764,8863.46
3765,21612.527
3766,7130.7065
3767,11316.29
3768,8918.524
3769,7441.671
3770,67570.08
3771,113089.41
3772,67199.4
3773,10973.736
3774,158322.83
3775,4185.2666
3776,22305.695
3777,49826.496
3778,21130.691
3779,14602.6045
3780,21509.688
3781,6603.0166
3782,10313.681
3783,6388.6416
3784,7333.6
3785,5228.69
3786,6431.2217
3787,6364.6455
3788,11665.907
3789,5760.911
3790,17992.441
3791,4744.3438
3792,4772.8184
3793,10088.165
3794,5485.3247
3795,36770.74
3796,141726.89
3797,6251.648
3798,7875.2417
3799,5913.9067
3800,57645.664
3801,5836.4653
3802,8836.291
3803,14051.196
3804,34126.27
3805,6904.149
3806,63975.695
3807,7264.373
3808,8212.081
3809,6178.366
3810,7773.7925
3811,7549.852
3812,25979.979
3813,20038.012
3814,5092.48
3815,4329.6455
3816,55937.21
3817,6559.441
3818,49077.73
3819,75575.35
3820,16767.34
3821,7979.335
3822,7271.5034
3823,5287.8115
3824,4487.36
3825,15040.4
3826,6967.606
3827,3393.639
3828,9777.318
3829,101065.87
3830,105696.06
3831,9591.925
3832,6193.82
3833,26598.42
3834,10351.773
3835,7496.372
3836,171809.78
3837,148954.4
3838,5482.478
3839,6485.6665
3840,8090.5454
3841,9354.508
3842,14135.53
3843,6771.247
3844,4115.6367
3845,8668.931
3846,6969.673
3847,18555.932
3848,175679.6
3849,10521.398
3850,27792.934
3851,6614.733
3852,7975.0503
3853,8098.903
3854,17766.146
3855,9464.833
3856,7212.759
3857,11873.476
3858,14927.981
3859,4839.356
3860,81295.34
3861,6608.476
3862,13027.539
3863,5700.787
3864,16236.115
3865,16274.742
3866,29451.61
3867,9127.744
3868,4975.3633
3869,20203.88
3870,85379.625
3871,7308.5747
3872,6741.008
3873,9011.281
3874,64344.812
3875,7214.4844
3876,6683.6104
3877,76586.25
3878,5195.961
3879,6139.4927
3880,7314.735
3881,10979.051
3882,6464.113
3883,7874.316
3884,11826.193
3885,6316.539
3886,8007.3706
3887,9183.79
3888,6138.273
3889,5116.153
3890,15076.67
3891,23335.771
3892,60516.79
3893,28489.738
3894,36836.19
3895,13915.813
3896,20109.936
3897,13246.011
3898,35456.03
3899,82356.31
3900,7337.0547
3901,15308.882
3902,9078.263
3903,5286.407
3904,70706.46
3905,8992.292
3906,341030.6
3907,18799.59
3908,4740.6113
3909,192587.39
3910,9357.291
3911,8609.803
3912,5891.7373
3913,11983.628
3914,7606.1143
3915,48863.41
3916,12254.691
3917,26321.25
3918,6974.5366
3919,10036.683
3920,12600.328
3921,9278.674
3922,116485.375
3923,4873.3486
3924,44776.473
3925,6123.1514
3926,6393.7607
3927,19785.066
3928,53656.9
3929,6078.726
3930,17183.188
3931,12878.839
3932,14536.851
3933,60676.71
3934,14010.38
3935,6571.4175
3936,8850.44
3937,6617.394
3938,6031.2803
3939,6598.7495
3940,7199.5713
3941,3283.229
3942,9324.545
3943,12227.682
3944,108765.68
3945,8148.3755
3946,6924.2324
3947,5755.052
3948,5483.1904
3949,6464.268
3950,6126.7666
3951,12534.68
3952,10271.075
3953,8414.502
3954,12709.817
3955,7591.328
3956,23427.771
3957,6662.886
3958,35225.83
3959,5683.552
3960,22743.428
3961,7259.522
3962,15634.824
3963,9760.937
3964,6669.7437
3965,9548.806
3966,8491.838
3967,30078.201
3968,6851.6562
3969,124847.08
3970,7339.247
3971,41800.516
3972,6302.6914
3973,10593.5205
3974,46360.45
3975,4316.7026
3976,39663.836
3977,4624.8315
3978,7230.055
3979,8137.845
3980,8210.408
3981,23476.336
3982,9838.693
3983,5176.274
3984,7660.844
3985,7437.147
3986,44652.12
3987,11601.421
3988,5460.6235
3989,11192.071
3990,9514.863
3991,12267.668
3992,35582.992
3993,9747.03
3994,125592.445
3995,4438.931
3996,17733.508
3997,272518.75
3998,10730.058
3999,9490.277
4000,6455.2954
4001,21621.73
4002,6147.763
4003,47630.633
4004,5846.574
4005,8157.8594
4006,44099.98
4007,81088.27
4008,11505.804
4009,54675.36
4010,7843.6196
4011,10591.434
4012,6920.818
4013,6740.416
4014,12149.328
4015,86046.93
4016,9382.891
4017,5085.3115
4018,9096.715
4019,175418.81
4020,10226.332
4021,22192.521
4022,12661.349
4023,6495.4717
4024,8915.78
4025,64371.938
4026,7838.2847
4027,3842.092
4028,14052.616
4029,34092.137
4030,11523.814
4031,3972.1956
4032,6216.368
4033,38109.816
4034,32347.87
4035,30464.48
4036,9362.9
4037,9569.499
4038,80511.13
4039,5760.6943
4040,13791.332
4041,71522.61
4042,60447.457
4043,33402.016
4044,7737.529
4045,7569.7744
4046,10842.667
4047,4631.8296
4048,7718.3984
4049,10703.543
4050,10667.89
4051,11424.569
4052,12413.359
4053,7786.568
4054,6240.5767
4055,5889.474
4056,24116.92
4057,6320.784
4058,16665.172
4059,14637.974
4060,8889.778
4061,9144.701
4062,7507.833
4063,200599.38
4064,9633.666
4065,23073.41
4066,108835.61
4067,31814.012
4068,8968.554
4069,9261.398
4070,36190.59
4071,8368.827
4072,4458.8525
4073,8095.8257
4074,6893.493
4075,35312.715
4076,36783.594
4077,16208.103
4078,39253.38
4079,7681.5854
4080,7735.5005
4081,9428.541
4082,14600.108
4083,49580.64
4084,11308.869
4085,37234.98
4086,14546.889
4087,8261.277
4088,9987.517
4089,8610.33
4090,17258.914
4091,7798.9746
4092,7044.6733
4093,5523.1787
4094,18127.566
4095,14224.146
4096,10435.063
4097,6048.7217
4098,8150.5615
4099,4384.6597
4100,9686.113
4101,6173.9844
4102,8594.919
4103,25337.635
4104,15344.306
4105,147212.89
4106,13073.078
4107,10780.314
4108,43242.266
4109,7893.6074
4110,4859.834
4111,6186.355
4112,8193.971
4113,7225.4346
4114,12970.217
4115,17187.014
4116,7646.583
4117,11099.743
4118,97779.58
4119,8658.149
4120,31536.266
4121,4821.2085
4122,48570.67
4123,26573.068
4124,3878.6042
4125,9766.232
4126,136031.8
4127,7701.412
4128,21420.459
4129,8917.615
4130,8631.1455
4131,6704.739
4132,8264.734
4133,5237.7856
4134,6786.4673
4135,10939.992
4136,4490.7764
4137,16862.955
4138,5428.2837
4139,16280.319
4140,38274.92
4141,24093.15
4142,6936.5283
4143,44949.402
4144,10410.18
4145,141213.77
4146,6498.9233
4147,313202.6
4148,14452.111
4149,163419.27
4150,74355.95
4151,7048.844
4152,12829.445
4153,7790.275
4154,5649.819
4155,30957.422
4156,12321.97
4157,7615.248
4158,132552.72
4159,13532.794
4160,7560.781
4161,5230.6123
4162,7111.8506
4163,5001.5713
4164,12121.586
4165,67983.14
4166,4693.809
4167,257716.16
4168,12261.474
4169,7849.645
4170,16452.68
4171,5367.022
4172,6348.252
4173,90068.164
4174,10357.537
4175,11707.99
4176,9355.444
4177,6801.522
4178,9470.841
4179,6764.4507
4180,23436.9
4181,107725.086
4182,33807.6
4183,9638.061
4184,9034.782
4185,9166.493
4186,10096.175
4187,6853.3916
4188,23537.207
4189,6844.1895
4190,36973.27
4191,8236.56
4192,6087.853
4193,9487.983
4194,3835.1404
4195,13495.6455
4196,7127.3823
4197,7345.2207
4198,48816.734
4199,10135.609
4200,26428.52
4201,6016.2173
4202,7259.922
4203,9082.446
4204,6989.25
4205,5007.245
4206,18110.59
4207,7078.704
4208,6259.462
4209,5606.5986
4210,80136.26
4211,10180.813
4212,48099.723
4213,5772.1143
4214,6076.119
4215,23639.113
4216,7673.1353
4217,15057.831
4218,25238.719
4219,23063.848
4220,29020.684
4221,73783.83
4222,9518.095
4223,6251.339
4224,9238.112
4225,71924.69
4226,7253.6045
4227,8678.362
4228,46872.92
4229,5439.3257
4230,160944.66
4231,30425.283
4232,125643.64
4233,5959.5312
4234,7712.8823
4235,5093.0103
4236,7389.0947
4237,6597.3813
4238,11103.672
4239,49806.14
4240,10817.983
4241,30738.17
4242,11471.628
4243,5373.1455
4244,5314.096
4245,5497.6445
4246,17142.523
4247,5826.414
4248,3419.9802
4249,7633.8696
4250,19847.13
4251,5880.2026
4252,6615.7686
4253,5394.112
4254,9732.108
4255,19757.697
4256,72355.69
4257,87823.63
4258,22212.303
4259,4605.002
4260,9205.201
4261,101206.64
4262,4945.6206
4263,11025.432
4264,5832.7495
4265,171376.97
4266,7839.082
4267,3810.9219
4268,10973.932
4269,39811.152
4270,10762.006
4271,4106.5327
4272,8277.75
4273,6876.597
4274,7432.08
4275,6166.3535
4276,8264.002
4277,120136.125
4278,20577.523
4279,6708.341
4280,6554.547
4281,17264.42
4282,10323.372
4283,9423.431
4284,11574.405
4285,6299.0483
4286,30124.717
4287,5484.2554
4288,7381.0884
4289,126470.4
4290,10069.107
4291,25042.611
4292,6810.731
4293,25904.943
4294,6911.1704
4295,5845.943
4296,5613.7783
4297,5990.947
4298,7764.323
4299,134196.92
4300,7812.217
4301,8773.135
4302,62924.414
4303,6737.519
4304,8955.836
4305,8250.939
4306,50442.22
4307,32976.72
4308,5102.223
4309,7078.1533
4310,6429.073
4311,10406.9375
4312,13184.208
4313,7466.6885
4314,42016.44
4315,20426.803
4316,6438.235
4317,14500.573
4318,5576.132
4319,11298.018
4320,11932.677
4321,5035.1553
4322,43087.586
4323,35263.938
4324,77633.445
4325,64182.414
4326,9055.0
4327,17109.729
4328,8387.162
4329,6070.1284
4330,8825.984
4331,3076.082
4332,77578.61
4333,11129.879
4334,8254.949
4335,6472.665
4336,6754.554
4337,16943.71
4338,7479.6177
4339,4983.9795
4340,21030.172
4341,7312.475
4342,8020.044
4343,41394.21
4344,5398.3086
4345,58737.617
4346,5812.3276
4347,8863.46
4348,7555.2427
4349,6706.5713
4350,41937.51
4351,9799.4
4352,9651.442
4353,7212.7686
4354,4286.0557
4355,8556.858
4356,28404.057
4357,10952.571
4358,5945.9565
4359,33752.81
4360,72203.945
4361,7147.9854
4362,60795.87
4363,41040.676
4364,9022.366
4365,6714.7764
4366,7122.96
4367,19524.062
4368,5898.172
4369,6571.4175
4370,7484.485
4371,4516.035
4372,9481.241
4373,5127.2046
4374,4188.164
4375,39277.33
4376,21800.303
4377,5535.4614
4378,12153.044
4379,9780.665
4380,18342.738
4381,11680.16
4382,6652.524
4383,71924.69
4384,7031.9805
4385,7444.783
4386,13467.886
4387,52287.492
4388,4078.6743
4389,4612.021
4390,6574.4585
4391,45733.55
4392,262485.03
4393,6505.613
4394,6528.166
4395,9172.74
4396,6206.303
4397,51491.7
4398,8128.9526
4399,13376.56
4400,28596.963
4401,11184.285
4402,45227.465
4403,7296.712
4404,14580.738
4405,78996.19
4406,54452.336
4407,10619.626
4408,22014.633
4409,12115.679
4410,22978.482
4411,6294.7983
4412,57607.113
4413,14191.446
4414,15730.008
4415,24575.625
4416,23680.982
4417,6121.441
4418,19474.57
4419,5008.17
4420,17473.02
4421,9301.292
4422,8768.56
4423,48267.637
4424,17589.082
4425,8144.12
4426,10055.3955
4427,6805.216
4428,12832.779
4429,14399.806
4430,59065.418
4431,36980.7
4432,81496.8
4433,8451.492
4434,6379.353
4435,35480.203
4436,7601.1753
4437,7364.615
4438,10589.615
4439,5783.3657
4440,13305.691
4441,7843.6196
4442,5572.6113
4443,19678.658
4444,3590.692
4445,15677.747
4446,6755.777
4447,7478.379
4448,3591.8635
4449,14773.366
4450,8497.233
4451,38738.203
4452,13835.085
4453,14077.223
4454,16236.115
4455,22449.518
4456,13314.864
4457,3931.0803
4458,3307.0786
4459,8263.599
4460,6864.209
4461,12223.954
4462,6662.639
4463,8538.505
4464,10549.884
4465,8075.33
4466,41638.55
4467,8625.487
4468,10286.165
4469,7241.179
4470,371343.28
4471,7886.979
4472,13806.502
4473,9291.415
4474,4425.528
4475,9302.648
4476,230189.42
4477,6050.846
4478,11029.908
4479,25185.867
4480,20416.027
4481,88556.61
4482,6734.1265
4483,19385.193
4484,95880.88
4485,8208.681
4486,7557.826
4487,6985.278
4488,7447.3423
4489,24074.863
4490,23256.51
4491,6727.141
4492,6634.309
4493,10692.415
4494,4961.8354
4495,10991.053
4496,11291.46
4497,39629.824
4498,7929.3813
4499,80513.44
4500,9070.583
4501,35795.027
4502,76629.914
4503,4770.1587
4504,124333.5
4505,9294.868
4506,14244.67
4507,3836.0208
4508,9378.911
4509,81046.336
4510,8110.8604
4511,22616.283
4512,7041.029
4513,6719.1377
4514,5787.523
4515,6486.884
4516,2915.309
4517,13842.31
4518,7969.4233
4519,5436.8135
4520,8756.819
4521,7860.612
4522,6520.429
4523,7792.0874
4524,6683.3022
4525,13281.27
4526,13431.503
4527,7330.042
4528,6707.707
4529,11597.49
4530,5863.0137
4531,8386.043
4532,22197.021
4533,11420.491
4534,7015.416
4535,11739.101
4536,81179.96
4537,37567.527
4538,84238.664
4539,6678.867
4540,8861.054
4541,8741.083
4542,11310.044
4543,6467.4497
4544,21826.234
4545,3887.2683
4546,7733.4165
4547,27075.994
4548,6112.925
4549,10731.839
4550,7244.8477
4551,73532.36
4552,9410.285
4553,5690.127
4554,9097.104
4555,7080.1665
4556,7958.4966
4557,5372.7573
4558,57791.266
4559,5086.0
4560,15680.438
4561,8092.6567
4562,8649.766
4563,6432.215
4564,115960.2
4565,5299.0273
4566,7771.47
4567,47559.56
4568,6097.5474
4569,25519.535
4570,21535.037
4571,6805.4395
4572,290118.1
4573,6314.0474
4574,17913.842
4575,11344.796
4576,6669.8555
4577,152830.86
4578,7741.9824
4579,6229.656
4580,8358.503
4581,5563.544
4582,27089.281
4583,380413.12
4584,4692.083
4585,29151.615
4586,6660.094
4587,7577.2114
4588,7327.391
4589,5844.1987
4590,7367.691
4591,7177.775
4592,55241.473
4593,10187.26
4594,18251.336
4595,11173.242
4596,12745.54
4597,6990.544
4598,31368.77
4599,5738.992
4600,17259.275
4601,4763.2285
4602,72239.73
4603,6281.133
4604,5998.8257
4605,10279.952
4606,5560.1523
4607,11811.947
4608,6384.1167
4609,60923.297
4610,8510.014
4611,9281.3955
4612,6151.049
4613,7035.442
4614,10916.212
4615,4281.922
4616,5321.1016
4617,9095.588
4618,6272.1494
4619,4570.645
4620,8722.753
4621,9740.625
4622,39416.438
4623,9514.421
4624,11822.773
4625,8010.7783
4626,10358.869
4627,5764.9062
4628,7510.5293
4629,28785.203
4630,15649.119
4631,4150.9316
4632,14150.912
4633,7973.785
4634,6283.349
4635,55627.688
4636,15854.499
4637,11351.968
4638,5385.9233
4639,7930.5366
4640,6966.354
4641,12802.66
4642,146157.5
4643,7994.647
4644,7912.8115
4645,34132.926
4646,26242.7
4647,24135.406
4648,9476.375
4649,37013.66
4650,8515.42
4651,87897.95
4652,19622.588
4653,4032.2026
4654,78996.19
4655,7746.8955
4656,7825.672
4657,6870.879
4658,16127.278
4659,6454.6494
4660,6117.933
4661,7390.3223
4662,12923.011
4663,4425.787
4664,7172.072
4665,12308.942
4666,8210.6045
4667,143633.9
4668,139240.3
4669,2767.1582
4670,30913.953
4671,5906.9844
4672,6406.466
4673,8344.937
4674,154299.78
4675,13861.936
4676,10994.929
4677,7799.398
4678,7556.5874
4679,5329.628
4680,11886.188
4681,7215.679
4682,9093.026
4683,25964.262
4684,4772.307
4685,7353.395
4686,24463.686
4687,8140.5967
4688,7824.032
4689,37345.152
4690,8744.694
4691,10661.348
4692,11588.545
4693,3193.9807
4694,5973.593
4695,6375.4824
4696,6472.773
4697,10983.643
4698,14670.772
4699,7142.403
4700,172807.19
4701,7962.5586
4702,9051.905
4703,3653.4248
4704,30228.357
4705,4938.5464
4706,9759.016
4707,14139.809
4708,7725.557
4709,11161.406
4710,11936.729
4711,363067.0
4712,9136.472
4713,151282.53
4714,5643.547
4715,14949.065
4716,9164.871
4717,8280.689
4718,6729.753
4719,3546.4028
4720,15045.554
4721,32856.785
4722,10962.042
4723,6656.0073
4724,8803.371
4725,112615.16
4726,8606.176
4727,100179.56
4728,7337.1997
4729,11365.848
4730,6599.8174
4731,5774.0596
4732,23150.53
4733,15152.901
4734,3930.8257
4735,10135.413
4736,5356.6196
4737,8522.831
4738,12285.403
4739,5817.1313
4740,15760.024
4741,7841.945
4742,3816.9727
4743,7498.9707
4744,18465.932
4745,7591.2363
4746,39859.414
4747,9073.95
4748,6228.7466
4749,2782.9387
4750,5998.6343
4751,26320.982
4752,4843.2295
4753,67864.195
4754,15143.755
4755,9215.384
4756,48524.117
4757,10758.444
4758,6244.8765
4759,50181.55
4760,6206.012
4761,15002.52
4762,7086.069
4763,5319.291
4764,5504.571
4765,5881.9116
4766,6530.7227
4767,7259.56
4768,5214.0337
4769,5931.541
4770,6787.665
4771,10987.777
4772,141318.39
4773,20142.023
4774,3943.0945
4775,5097.998
4776,4366.161
4777,10833.332
4778,5814.2275
4779,4230.6523
4780,5968.3887
4781,10298.785
4782,44610.555
4783,6269.014
4784,25247.871
4785,93226.84
4786,6085.002
4787,7900.451
4788,4130.693
4789,26594.86
4790,13251.943
4791,5780.8755
4792,19159.434
4793,7969.092
4794,11290.3
4795,27995.18
4796,15675.984
4797,11507.182
4798,58969.46
4799,6078.852
4800,13285.627
4801,5754.3955
4802,12194.764
4803,35750.09
4804,8863.604
4805,3113.3386
4806,10882.242
4807,9298.661
4808,6453.0815
4809,22810.6
4810,26959.598
4811,9196.299
4812,7117.259
4813,26241.021
4814,5100.9917
4815,18358.172
4816,7694.934
4817,10695.388
4818,9741.1
4819,9059.701
4820,4131.5356
4821,8119.0522
4822,8596.777
4823,7600.867
4824,4257.499
4825,9854.045
4826,11714.916
4827,5946.8804
4828,113255.055
4829,6711.922
4830,7360.449
4831,6859.53
4832,6953.316
4833,107069.016
4834,6518.286
4835,8533.144
4836,189749.3
4837,7405.868
4838,6293.4595
4839,5785.185
4840,5399.0073
4841,19137.96
4842,12856.809
4843,24424.94
4844,22527.14
4845,7378.6113
4846,23627.629
4847,10788.241
4848,4375.6636
4849,6446.465
4850,10716.321
4851,8159.5874
4852,12560.071
4853,115229.125
4854,17721.277
4855,21088.188
4856,35713.164
4857,7558.458
4858,311288.8
4859,92387.695
4860,15991.551
4861,7885.4043
4862,8062.3765
4863,5798.1104
4864,91012.25
4865,4755.649
4866,9215.368
4867,6495.485
4868,105526.91
4869,87728.17
4870,51286.55
4871,7775.2676
4872,7960.8457
4873,11413.556
4874,13847.253
4875,18238.207
4876,13580.152
4877,84238.664
4878,89170.516
4879,9110.169
4880,6345.957
4881,7087.4775
4882,15165.498
4883,5955.3047
4884,1886.9678
4885,7364.42
4886,6069.2505
4887,29912.55
4888,7187.2627
4889,13099.868
4890,3025.1738
4891,4239.6367
4892,7300.1387
4893,6267.52
4894,35038.613
4895,24760.62
4896,13189.227
4897,83362.01
4898,43357.383
4899,7233.1177
4900,73429.86
4901,18884.3
4902,97962.75
4903,6097.408
4904,6907.63
4905,8825.543
4906,10655.645
4907,16741.627
4908,7389.9863
4909,4084.9524
4910,17914.13
4911,6265.824
4912,6797.347
4913,11095.638
4914,40978.562
4915,7071.5605
4916,4574.8423
4917,12754.725
4918,7181.274
4919,11957.202
4920,7216.116
4921,138437.12
4922,8146.6406
4923,6438.785
4924,14052.074
4925,5945.9565
4926,6138.1426
4927,5694.056
4928,47076.477
4929,31139.21
4930,6662.5933
4931,8779.051
4932,2855.3772
4933,8546.744
4934,9674.52
4935,15490.727
4936,9055.779
4937,6494.3945
4938,5741.24
4939,55474.633
4940,10486.539
4941,6775.2065
4942,8369.643
4943,12727.315
4944,51069.965
4945,16483.092
4946,16830.201
4947,73974.65
4948,6150.851
4949,5863.1836
4950,8766.781
4951,5500.8066
4952,10429.943
4953,3528.5852
4954,7030.939
4955,178708.12
4956,70333.06
4957,11579.856
4958,4340.2944
4959,4986.4
4960,12211.295
4961,4782.122
4962,5921.647
4963,6930.182
4964,18849.586
4965,5619.684
4966,64069.96
4967,6469.2266
4968,10920.194
4969,9415.43
4970,22222.06
4971,6696.111
4972,11695.448
4973,6257.216
4974,9216.79
4975,8838.986
4976,8713.072
4977,22762.268
4978,10318.246
4979,19050.227
4980,8029.1797
4981,14898.987
4982,97852.11
4983,7022.324
4984,6468.2144
4985,5802.4316
4986,8141.5815
4987,7066.413
4988,7189.0503
4989,6551.1504
4990,5789.615
4991,10969.782
4992,4953.4907
4993,16758.807
4994,6890.7344
4995,5001.2036
4996,93350.45
4997,12547.176
4998,4690.3433
4999,6195.351
5000,5178.001
5001,10176.914
5002,6304.216
5003,18300.283
5004,50155.023
5005,12380.578
5006,5968.458
5007,7099.317
5008,7435.505
5009,58136.48
5010,46800.387
5011,9068.598
5012,8052.5527
5013,9567.143
5014,12194.616
5015,6870.9873
5016,7875.853
5017,5307.52
5018,12560.871
5019,16279.873
5020,9017.709
5021,191037.17
5022,64277.19
5023,6484.009
5024,62409.562
5025,6636.359
5026,4170.097
5027,8490.691
5028,9212.581
5029,7539.8984
5030,13063.776
5031,5849.2134
5032,9796.434
5033,24865.166
5034,26850.383
5035,15350.533
5036,5630.924
5037,6604.656
5038,10095.329
5039,8824.95
5040,14354.644
5041,13036.208
5042,10975.942
5043,31047.504
5044,14167.802
5045,19655.291
5046,9391.124
5047,99197.73
5048,10632.89
5049,5708.4546
5050,14394.87
5051,5994.5747
5052,40441.15
5053,9790.667
5054,6538.742
5055,7210.7344
5056,5929.1953
5057,28830.955
5058,12767.921
5059,58770.03
5060,6216.0723
5061,150835.56
5062,68559.375
5063,17273.564
5064,8027.8574
5065,15982.326
5066,63472.83
5067,55183.61
5068,58746.938
5069,68260.766
5070,189749.3
5071,10358.058
5072,8496.866
5073,3093.5342
5074,7476.0454
5075,85951.14
5076,6493.116
5077,147938.84
5078,11860.067
5079,8919.841
5080,4672.2153
5081,13823.553
5082,28367.674
5083,10513.294
5084,6757.4175
5085,8307.102
5086,5576.2935
5087,13442.202
5088,5818.7314
5089,44443.098
5090,8105.6104
5091,6211.751
5092,46884.137
5093,4886.26
5094,52682.9
5095,39459.25
5096,7539.0083
5097,9472.339
5098,16007.251
5099,117675.6
5100,12723.639
5101,11530.546
5102,8002.9
5103,7474.346
5104,27244.547
5105,9996.388
5106,6520.7075
5107,7278.199
5108,49314.344
5109,43951.598
5110,48761.504
5111,7979.0073
5112,5683.552
5113,5574.025
5114,4372.1704
5115,7678.14
5116,11277.717
5117,8708.23
5118,6854.297
5119,14902.889
5120,7838.325
5121,7272.1094
5122,8359.001
5123,65357.09
5124,11302.996
5125,63248.863
5126,5804.0405
5127,10078.82
5128,5130.8237
5129,15123.667
5130,72807.164
5131,146796.14
5132,8301.174
5133,8006.9727
5134,8616.539
5135,9482.012
5136,7700.66
5137,10657.725
5138,8893.949
5139,10230.335
5140,11125.2295
5141,4783.0464
5142,5797.8413
5143,11033.473
5144,6053.2783
5145,10190.384
5146,5545.9736
5147,6999.2456
5148,82046.96
5149,96474.37
5150,5972.5024
5151,5399.072
5152,57755.25
5153,6500.1665
5154,4916.2705
5155,112666.13
5156,5783.3657
5157,6913.8584
5158,47890.625
5159,17281.65
5160,8259.011
5161,5683.2627
5162,26421.377
5163,3725.5037
5164,15574.119
5165,54676.28
5166,8221.741
5167,9479.851
5168,121750.94
5169,4258.4614
5170,16792.258
5171,8538.846
5172,7979.482
5173,5210.9214
5174,97076.6
5175,6306.471
5176,9474.968
5177,225960.97
5178,6937.643
5179,22686.947
5180,4344.9165
5181,32686.105
5182,37588.613
5183,7806.924
5184,6059.6724
5185,6059.9077
5186,16632.238
5187,17163.844
5188,8959.438
5189,34441.29
5190,5124.476
5191,50852.918
5192,69116.38
5193,49978.477
5194,5089.1147
5195,7174.4863
5196,8158.219
5197,33851.44
5198,4569.5435
5199,7956.0923
5200,159823.11
5201,11262.15
5202,6366.89
5203,4991.78
5204,5605.652
5205,13679.793
5206,5248.8633
5207,5817.593
5208,8596.175
5209,28785.115
5210,11734.027
5211,4182.1597
5212,7091.2896
5213,15544.017
5214,13533.592
5215,73319.58
5216,6998.661
5217,9303.999
5218,12097.282
5219,7518.588
5220,19509.066
5221,68012.23
5222,9880.519
5223,10834.987
5224,4852.4443
5225,9500.862
5226,10794.462
5227,7275.9956
5228,6943.34
5229,6899.0615
5230,76941.516
5231,7949.3486
5232,6228.1426
5233,4501.8247
5234,8499.092
5235,70736.96
5236,6785.831
5237,5669.421
5238,6796.7314
5239,21768.002
5240,6005.331
5241,33585.656
5242,73134.875
5243,6581.7773
5244,10280.758
5245,7107.939
5246,7218.5117
5247,7601.4766
5248,13675.828
5249,4529.445
5250,9904.668
5251,52654.39
5252,20742.91
5253,16630.164
5254,12321.97
5255,6667.3013
5256,51944.2
5257,8367.583
5258,8938.429
5259,8455.625
5260,22813.84
5261,8062.3765
5262,9949.781
5263,48165.17
5264,11987.225
5265,9819.333
5266,8148.2397
5267,5029.2866
5268,36813.79
5269,69426.53
5270,39621.41
5271,7543.813
5272,6540.3203
5273,48189.902
5274,7094.073
5275,36300.164
5276,11601.621
5277,6588.0786
5278,6389.9287
5279,4798.2593
5280,7641.5566
5281,22858.824
5282,7256.2124
5283,21343.494
5284,6075.8994
5285,36980.7
5286,20917.76
5287,7856.2344
5288,12176.315
5289,15744.988
5290,6869.688
5291,150285.0
5292,12442.0205
5293,7319.396
5294,229298.08
5295,14415.291
5296,9228.262
5297,5962.2583
5298,9824.412
5299,11713.783
5300,40093.434
5301,27321.26
5302,8388.616
5303,5873.117
5304,11364.191
5305,7530.593
5306,8485.623
5307,8074.537
5308,35595.31
5309,20953.45
5310,6947.542
5311,5930.1504
5312,6983.1553
5313,20939.062
5314,6115.7783
5315,47135.996
5316,11927.053
5317,6935.5864
5318,7606.6
5319,195155.1
5320,11867.729
5321,248250.73
5322,9891.54
5323,15187.288
5324,9583.354
5325,7586.328
5326,35456.03
5327,8408.171
5328,65829.55
5329,10257.189
5330,5848.9575
5331,4475.6367
5332,11836.36
5333,50650.645
5334,3622.7969
5335,127601.4
5336,7494.6353
5337,6277.916
5338,12729.685
5339,8105.675
5340,55999.83
5341,5187.203
5342,5440.307
5343,25943.562
5344,81578.13
5345,6214.3457
5346,9998.105
5347,95511.68
5348,103108.734
5349,3904.9504
5350,6583.0776
5351,7289.992
5352,3619.6658
5353,58186.535
5354,8865.827
5355,4285.6733
5356,8947.159
5357,10247.353
5358,7024.9106
5359,7833.655
5360,55434.688
5361,27288.523
5362,6035.5835
5363,15359.747
5364,117978.87
5365,48646.055
5366,31403.826
5367,8640.944
5368,14190.859
5369,29850.361
5370,7077.642
5371,6503.4097
5372,5674.1704
5373,6078.85
5374,6111.6885
5375,114789.12
5376,95739.48
5377,135610.38
5378,6440.688
5379,63248.863
5380,9518.326
5381,10541.06
5382,5149.64
5383,21293.8
5384,4507.273
5385,3968.0024
5386,7106.117
5387,7308.941
5388,10267.881
5389,9241.289
5390,15204.212
5391,7458.623
5392,5864.06
5393,17507.059
5394,15318.261
5395,140922.72
5396,6547.245
5397,15604.213
5398,7017.894
5399,38105.754
5400,11592.43
5401,7505.741
5402,6585.8022
5403,15140.769
5404,129824.65
5405,5714.4263
5406,142393.03
5407,24174.762
5408,8912.11
5409,68052.26
5410,15113.032
5411,6983.1294
5412,6302.534
5413,9430.072
5414,7035.226
5415,165808.16
5416,6043.8604
5417,7333.272
5418,32130.77
5419,19944.838
5420,14249.228
5421,8533.841
5422,8199.89
5423,7108.4746
5424,13771.148
5425,161956.83
5426,195155.75
5427,18672.752
5428,48158.45
5429,6589.8345
5430,7719.291
5431,53700.87
5432,10450.181
5433,4981.8994
5434,15077.872
5435,54295.605
5436,10907.588
5437,10478.187
5438,6149.0107
5439,5070.1196
5440,12758.635
5441,7759.2
5442,12213.894
5443,5263.86
5444,7616.172
5445,7402.6284
5446,37601.754
5447,5820.625
5448,5565.682
5449,5638.4653
5450,6175.9883
5451,5538.828
5452,10736.347
5453,14335.349
5454,6385.638
5455,26670.621
5456,9026.415
5457,5514.735
5458,6800.3877
5459,7505.9224
5460,90578.34
5461,5822.992
5462,6001.2407
5463,26853.01
5464,126581.67
5465,14723.904
5466,10340.524
5467,13971.778
5468,5314.327
5469,34159.363
5470,8993.122
5471,62888.62
5472,9024.692
5473,8071.0947
5474,19532.346
5475,6173.235
5476,7665.6826
5477,6262.4546
5478,8294.058
5479,10610.151
5480,16921.477
5481,27785.48
5482,43968.89
5483,10016.62
5484,18309.28
5485,6316.539
5486,8894.429
5487,8987.274
5488,7252.2407
5489,172143.53
5490,5804.0405
5491,4467.5156
5492,57631.65
5493,24802.773
5494,10353.281
5495,6822.445
5496,16617.37
5497,8073.7153
5498,11847.531
5499,3287.3235
5500,7909.5176
5501,9303.129
5502,10687.834
5503,9244.124
5504,6187.555
5505,16351.849
5506,19952.16
5507,30455.469
5508,37976.945
5509,6266.567
5510,8993.09
5511,7512.924
5512,7331.993
5513,11450.896
5514,5692.7466
5515,7639.861
5516,7484.485
5517,4493.679
5518,9964.881
5519,25505.396
5520,81094.81
5521,63248.863
5522,76271.78
5523,6666.9727
5524,139555.02
5525,6907.2534
5526,8132.7954
5527,4915.9224
5528,5175.736
5529,13612.407
5530,10221.023
5531,10701.795
5532,19896.74
5533,7332.351
5534,112827.64
5535,8950.792
5536,7071.3374
5537,6710.2173
5538,6854.7993
5539,6238.567
5540,10539.557
5541,7077.4883
5542,9277.978
5543,8588.283
5544,7870.9404
5545,13387.106
5546,5822.44
5547,6474.5757
5548,185559.89
5549,12149.328
5550,8413.181
5551,36938.508
5552,11801.739
5553,6928.569
5554,44484.137
5555,6762.235
5556,9005.359
5557,69754.91
5558,64880.77
5559,13054.09
5560,14727.059
5561,7404.7285
5562,5112.2827
5563,4919.0527
5564,17436.047
5565,15786.658
5566,4856.9683
5567,5467.3975
5568,10081.638
5569,6257.1445
5570,12550.754
5571,17436.717
5572,12524.086
5573,6042.594
5574,8273.094
5575,5336.211
5576,5800.838
5577,8082.3755
5578,4544.685
5579,3272.147
5580,49064.777
5581,49525.582
5582,9027.466
5583,4235.0356
5584,5354.1675
5585,7054.143
5586,20329.438
5587,7031.9805
5588,8123.249
5589,8671.038
5590,38146.684
5591,6111.149
5592,6912.144
5593,5718.9316
5594,14498.244
5595,71620.85
5596,13909.897
5597,45022.266
5598,6551.2925
5599,6190.4253
5600,5864.0767
5601,4557.3447
5602,184819.22
5603,14554.836
5604,5907.031
5605,7218.665
5606,17217.523
5607,32135.822
5608,8459.407
5609,5038.8057
5610,24212.479
5611,6474.7715
5612,24684.264
5613,5383.967
5614,15027.691
5615,8339.071
5616,6332.833
5617,6848.709
5618,6993.72
5619,14968.899
5620,8845.012
5621,8186.1104
5622,4814.843
5623,81193.44
5624,22260.666
5625,10545.389
5626,13478.743
5627,8082.8516
5628,7031.6855
5629,8733.494
5630,6493.978
5631,10716.727
5632,7930.444
5633,9579.889
5634,78526.94
5635,4487.6357
5636,5584.148
5637,6309.897
5638,7143.7275
5639,61198.88
5640,207492.02
5641,9561.885
5642,4763.906
5643,7700.6343
5644,9301.824
5645,8603.576
5646,9796.744
5647,6085.3423
5648,8312.886
5649,6745.2515
5650,7620.997
5651,13227.124
5652,11893.327
5653,17536.096
5654,9581.075
5655,8372.261
5656,6309.5234
5657,11980.023
5658,30402.305
5659,15214.641
5660,42610.645
5661,6765.2334
5662,8284.291
5663,36923.496
5664,8731.783
5665,3921.3303
5666,33309.96
5667,25376.031
5668,27890.598
5669,10582.207
5670,51391.168
5671,16805.297
5672,11013.307
5673,5369.701
5674,5818.0796
5675,11649.946
5676,8992.312
5677,39572.723
5678,8182.9717
5679,30064.4
5680,28544.307
5681,19765.648
5682,14816.543
5683,222241.05
5684,20263.73
5685,6860.79
5686,8351.607
5687,5373.7593
5688,12832.779
5689,7364.711
5690,21030.752
5691,33050.05
5692,10417.782
5693,19776.252
5694,11159.483
5695,10770.873
5696,7306.484
5697,8202.208
5698,5824.288
5699,9537.184
5700,3651.795
5701,33311.977
5702,6478.139
5703,25463.684
5704,14305.014
5705,5030.811
5706,6118.847
5707,8874.823
5708,17697.117
5709,9853.831
5710,11247.497
5711,12051.942
5712,9688.787
5713,7665.7954
5714,4941.822
5715,110577.305
5716,14000.147
5717,6792.101
5718,8510.0205
5719,17238.738
5720,5300.868
5721,42590.22
5722,4328.8994
5723,15389.368
5724,7644.299
5725,21995.803
5726,7590.6025
5727,8601.061
5728,8109.55
5729,14864.95
5730,6588.176
5731,4629.7886
5732,7017.2676
5733,4545.982
5734,25904.943
5735,5673.077
5736,78895.29
5737,27477.654
5738,4046.5188
5739,7970.3667
5740,12017.57
5741,50962.992
5742,29579.225
5743,9461.776
5744,11659.855
5745,9516.939
5746,10385.648
5747,15948.436
5748,14581.287
5749,8219.583
5750,66847.55
5751,141606.45
5752,274339.66
5753,2633.9546
5754,5881.333
5755,6277.946
5756,58100.887
5757,9016.392
5758,24225.865
5759,12900.958
5760,29309.965
5761,44738.426
5762,62197.14
5763,4538.701
5764,7105.574
5765,10759.625
5766,7570.2446
5767,37413.41
5768,9802.585
5769,7455.12
5770,21424.537
5771,5746.138
5772,6461.504
5773,8579.845
5774,5095.661
5775,40224.055
5776,11785.922
5777,10439.531
5778,48604.973
5779,12453.854
5780,12032.385
5781,14936.941
5782,9871.73
5783,5162.861
5784,12292.277
5785,13049.272
5786,17693.602
5787,8810.817
5788,21129.414
5789,13959.54
5790,6846.7188
5791,4575.4067
5792,169609.5
5793,42156.645
5794,9672.192
5795,45907.375
5796,45026.324
5797,31108.428
5798,8388.62
5799,7950.0967
5800,95825.86
5801,92674.54
5802,72381.96
5803,34168.35
5804,8334.908
5805,9862.574
5806,4374.834
5807,7538.1543
5808,16808.59
5809,10849.351
5810,14863.024
5811,8722.951
5812,54493.227
5813,4542.576
5814,12146.742
5815,8076.8994
5816,5251.7354
5817,5469.67
5818,188551.06
5819,17694.475
5820,10644.097
5821,6480.616
5822,19814.926
5823,7269.373
5824,8239.769
5825,13034.279
5826,18277.193
5827,8113.369
5828,7592.411
5829,13698.161
5830,10875.054
5831,6986.4565
5832,29340.195
5833,60065.55
5834,48978.266
5835,9043.252
5836,13971.778
5837,26731.336
5838,109574.984
5839,10131.262
5840,9252.867
5841,47432.01
5842,5630.7607
5843,7821.8926
5844,39723.367
5845,8079.778
5846,6858.7153
5847,30767.01
5848,13678.21
5849,10620.78
5850,3847.5312
5851,30703.305
5852,6648.454
5853,6975.677
5854,8322.114
5855,98630.24
5856,8445.618
5857,27205.918
5858,56444.457
5859,12862.929
5860,7298.134
5861,11809.093
5862,6152.479
5863,5703.514
5864,12957.01
5865,5715.3496
5866,5541.007
5867,22948.604
5868,12745.554
5869,10256.233
5870,5459.236
5871,12772.555
5872,124747.97
5873,143062.17
5874,5246.051
5875,13068.97
5876,60065.55
5877,18667.95
5878,10333.325
5879,9089.024
5880,8471.552
5881,6690.856
5882,48642.754
5883,214538.05
5884,44427.625
5885,5585.03
5886,7821.88
5887,7207.1675
5888,9280.105
5889,14995.644
5890,9613.811
5891,7389.7427
5892,7203.8716
5893,61679.45
5894,5637.7573
5895,11862.883
5896,5848.6934
5897,41181.945
5898,12876.665
5899,205390.33
5900,3702.3508
5901,43448.9
5902,8369.858
5903,13620.731
5904,10421.799
5905,2411.756
5906,5467.861
5907,18595.35
5908,14910.674
5909,7707.663
5910,10985.287
5911,9246.604
5912,15679.778
5913,8782.53
5914,17784.27
5915,6014.7793
5916,14359.911
5917,6011.829
5918,16765.574
5919,87115.805
5920,7414.2534
5921,45973.21
5922,6474.837
5923,6941.845
5924,17555.463
5925,9292.197
5926,6325.437
5927,68135.766
5928,8036.3413
5929,10150.008
5930,7128.946
5931,5532.356
5932,6428.385
5933,8441.258
5934,7576.526
5935,7420.9272
5936,6244.8765
5937,9130.235
5938,10674.291
5939,6653.728
5940,11272.94
5941,4907.4795
5942,6110.4385
5943,5344.3916
5944,7176.4775
5945,7334.8716
5946,7406.1455
5947,8168.852
5948,13149.177
5949,5674.787
5950,10026.537
5951,9701.957
5952,10117.643
5953,7258.0596
5954,8297.56
5955,9616.309
5956,9572.339
5957,6867.325
5958,8485.795
5959,9344.845
5960,7366.443
5961,34765.883
5962,73571.45
5963,12028.065
5964,8597.316
5965,6343.977
5966,7666.819
5967,4682.3438
5968,5557.099
5969,5349.2256
5970,6721.782
5971,7273.022
5972,5187.203
5973,8034.6064
5974,84833.67
5975,13436.884
5976,35633.312
5977,16078.476
5978,23694.97
5979,5460.5317
5980,6858.5996
5981,7058.5703
5982,5330.5854
5983,5356.242
5984,35071.24
5985,10877.668
5986,4614.142
5987,22576.844
5988,60938.72
5989,7284.885
5990,55683.777
5991,22621.643
5992,12011.455
5993,5372.301
5994,9029.402
5995,5311.674
5996,6761.9985
5997,8713.583
5998,7695.9194
5999,6688.4224
6000,8580.941
6001,9976.284
6002,6514.935
6003,9045.643
6004,11841.907
6005,4601.618
6006,6768.662
6007,7883.8237
6008,8926.103
6009,6660.181
6010,8546.744
6011,6443.0586
6012,7171.418
6013,44484.137
6014,8767.321
6015,20161.299
6016,7776.4272
6017,10638.353
6018,7911.441
6019,5197.357
6020,6806.47
6021,13152.475
6022,5783.3657
6023,19869.006
6024,16845.275
6025,22848.658
6026,5121.6006
6027,6798.885
6028,33278.367
6029,10471.308
6030,7005.1655
6031,5973.1367
6032,9360.538
6033,12421.947
6034,4463.3545
6035,6426.6875
6036,7821.9146
6037,6148.305
6038,11448.121
6039,5135.0854
6040,8720.493
6041,33038.316
6042,5011.706
6043,48541.24
6044,5590.0273
6045,6788.8696
6046,9683.773
6047,5688.8574
6048,6403.9336
6049,105926.66
6050,8326.62
6051,18973.648
6052,133985.12
6053,5813.207
6054,5483.361
6055,159051.39
6056,109202.11
6057,13534.282
6058,24836.512
6059,6883.28
6060,8350.94
6061,6456.441
6062,36579.6
6063,4686.198
6064,6988.131
6065,18325.998
6066,6672.757
6067,3569.1323
6068,23796.95
6069,7563.613
6070,8440.93
6071,5106.8623
6072,3657.835
6073,7468.0215
6074,12924.418
6075,16853.617
6076,5481.7827
6077,7216.3125
6078,13286.31
6079,32343.812
6080,18175.863
6081,5214.3716
6082,7950.4106
6083,6279.5317
6084,6754.6577
6085,30319.668
6086,113729.6
6087,6540.4253
6088,6579.2603
6089,6637.287
6090,24610.232
6091,5393.8423
6092,8097.038
6093,10996.121
6094,7843.876
6095,129294.555
6096,20163.457
6097,9145.506
6098,7930.5366
6099,4677.879
6100,7344.078
6101,4212.944
6102,6455.6245
6103,35524.117
6104,13940.161
6105,6025.2827
6106,82633.52
6107,145774.28
6108,11803.556
6109,12386.044
6110,11739.505
6111,11597.515
6112,13181.444
6113,7645.728
6114,16000.44
6115,8826.078
6116,8509.314
6117,4755.1646
6118,22017.318
6119,8167.545
6120,6583.9424
6121,12143.146
6122,14974.725
6123,8697.398
6124,9839.565
6125,8941.535
6126,17574.064
6127,19771.164
6128,5928.1094
6129,53581.395
6130,40503.605
6131,8343.576
6132,10224.624
6133,5698.241
6134,81992.125
6135,21278.736
6136,4653.927
6137,5254.803
6138,8132.4214
6139,4661.971
6140,14661.556
6141,7033.146
6142,7480.729
6143,5055.6626
6144,5365.2007
6145,5865.338
6146,16811.324
6147,6507.0366
6148,5545.0776
6149,133329.6
6150,3841.4985
6151,10229.572
6152,29997.623
6153,5024.2354
6154,3752.4521
6155,36831.188
6156,34794.105
6157,36022.434
6158,7264.551
6159,7620.59
6160,6941.059
6161,128464.79
6162,11391.137
6163,11760.765
6164,295713.8
6165,5339.622
6166,7171.8623
6167,8721.172
6168,5623.234
6169,4085.1594
6170,6917.907
6171,43211.586
6172,8004.5635
6173,6393.9556
6174,7888.127
6175,5899.135
6176,63758.633
6177,8385.316
6178,11053.266
6179,7199.3237
6180,5469.558
6181,82716.84
6182,3741.125
6183,27356.324
6184,9244.232
6185,4515.658
6186,6275.8276
6187,98759.805
6188,6478.7773
6189,5149.7847
6190,42472.06
6191,53980.12
6192,19537.29
6193,6368.1484
6194,6170.5303
6195,10183.116
6196,9622.065
6197,8509.374
6198,10693.841
6199,5322.1313
6200,5317.765
6201,7200.7124
6202,8759.674
6203,7362.1694
6204,20529.549
6205,47106.684
6206,91501.16
6207,5179.978
6208,297056.5
6209,21207.852
6210,4467.132
6211,6266.6885
6212,26295.02
6213,16840.912
6214,82777.336
6215,5618.302
6216,8844.7
6217,4007.2263
6218,16208.155
6219,5884.3184
6220,73264.21
6221,67724.65
6222,11652.241
6223,7278.235
6224,5541.007
6225,7765.9854
6226,8473.899
6227,50224.66
6228,26635.531
6229,98668.53
6230,6565.8955
6231,7691.4536
6232,10212.324
6233,5679.806
6234,5922.64
6235,12008.109
6236,5070.782
6237,71820.08
6238,55947.25
6239,6756.753
6240,8224.873
6241,66445.93
6242,9904.668
6243,5524.262
6244,14923.025
6245,5864.1577
6246,10455.408
6247,70541.414
6248,8336.098
6249,4174.579
6250,7072.857
6251,8014.0176
6252,8064.714
6253,5783.3657
6254,7871.8
6255,52838.297
6256,63532.42
6257,5844.127
6258,6201.803
6259,49560.8
6260,8073.566
6261,6621.857
6262,202069.94
6263,67692.67
6264,28618.729
6265,7461.1733
6266,6597.2256
6267,10233.488
6268,8387.477
6269,5843.9863
6270,6988.131
6271,19421.38
6272,9505.464
6273,11443.53
6274,3813.8928
6275,8341.441
6276,8134.0874
6277,23051.73
6278,5122.5215
6279,7445.4365
6280,78581.23
6281,4976.709
6282,44962.34
6283,9282.092
6284,7523.6436
6285,7630.428
6286,158206.86
6287,7701.8076
6288,33234.633
6289,6839.6606
6290,16024.41
6291,6338.5967
6292,12032.165
6293,23176.947
6294,21933.324
6295,50812.152
6296,61091.195
6297,13379.225
6298,33790.73
6299,196166.7
6300,316415.28
6301,11369.674
6302,12864.88
6303,45995.67
6304,11532.022
6305,10800.547
6306,110382.46
6307,11540.307
6308,193150.58
6309,11521.105
6310,7186.537
6311,188185.38
6312,73974.65
6313,10132.197
6314,20629.652
6315,5523.4834
6316,26935.25
6317,53744.08
6318,10384.077
6319,5142.5757
6320,53009.426
6321,14455.483
6322,7692.618
6323,92313.75
6324,12938.193
6325,6628.4434
6326,7583.51
6327,6703.8027
6328,6786.787
6329,6234.279
6330,4440.1816
6331,9917.898
6332,15310.337
6333,122979.58
6334,5006.8877
6335,5205.7666
6336,9656.879
6337,61265.152
6338,5566.2993
6339,8967.694
6340,8749.076
6341,15800.483
6342,7776.9287
6343,20656.598
6344,4718.635
6345,9659.588
6346,5897.2915
6347,16629.441
6348,5871.1675
6349,4770.956
6350,7011.5996
6351,10214.946
6352,27402.027
6353,30499.453
6354,7739.917
6355,11546.858
6356,7422.6045
6357,72517.62
6358,20923.887
6359,57131.57
6360,53531.312
6361,5164.4126
6362,4100.399
6363,6757.3813
6364,81939.1
6365,15004.35
6366,6638.362
6367,9315.231
6368,6029.3203
6369,6520.581
6370,30215.432
6371,9315.797
6372,7400.063
6373,6570.6313
6374,7154.9526
6375,5050.355
6376,7711.1357
6377,7769.2017
6378,16746.24
6379,22966.791
6380,14447.33
6381,13622.677
6382,6593.916
6383,24344.09
6384,8903.405
6385,16374.783
6386,6867.13
6387,8873.022
6388,8658.256
6389,10312.502
6390,4366.161
6391,9063.807
6392,19376.547
6393,8447.124
6394,9940.071
6395,11886.1875
6396,9639.678
6397,25598.736
6398,8257.184
6399,5750.0493
6400,13957.204
6401,6080.751
6402,6221.9497
6403,21772.408
6404,5517.9087
6405,6659.219
6406,120482.92
6407,4232.655
6408,6409.354
6409,7286.6787
6410,7835.1953
6411,8309.179
6412,94939.9
6413,21468.564
6414,7469.9424
6415,10695.089
6416,6218.073
6417,6473.9355
6418,4599.665
6419,7695.9165
6420,7014.626
6421,27682.65
6422,4768.428
6423,8604.279
6424,7581.7417
6425,9666.545
6426,13265.787
6427,10182.22
6428,121268.19
6429,4650.512
6430,33382.61
6431,12958.612
6432,7449.548
6433,6285.916
6434,25894.955
6435,11071.177
6436,6296.963
6437,5685.2183
6438,107244.59
6439,6528.081
6440,5755.9253
6441,13848.801
6442,4911.2764
6443,9536.571
6444,6770.088
6445,9086.333
6446,5179.001
6447,5240.1304
6448,16734.836
6449,77633.445
6450,4389.402
6451,6302.1772
6452,10183.686
6453,10767.507
6454,5126.9453
6455,4838.9233
6456,7985.3633
6457,6933.1055
6458,14088.256
6459,7891.273
6460,23427.771
6461,6456.107
6462,7553.786
6463,8081.021
6464,6189.6665
6465,4750.979
6466,5358.602
6467,13076.07
6468,6200.2954
6469,6460.15
6470,13457.267
6471,5134.51
6472,5140.314
6473,114461.19
6474,115571.945
6475,12904.206
6476,56366.277
6477,5305.9873
6478,6438.785
6479,8849.594
6480,11163.088
6481,7329.218
6482,6007.039
6483,6322.726
6484,4767.61
6485,10559.294
6486,39036.043
6487,7823.143
6488,7274.5215
6489,7584.976
6490,5343.4336
6491,13992.405
6492,5747.8857
6493,95893.9
6494,6653.041
6495,7416.0264
6496,8422.154
6497,7386.067
6498,5426.3516
6499,22235.504
6500,19482.918
6501,161943.61
6502,49806.14
6503,91785.6
6504,6609.974
6505,8284.348
6506,15490.727
6507,10244.342
6508,2189.7456
6509,150864.84
6510,36691.066
6511,16360.941
6512,3948.49
6513,5292.9326
6514,6813.8433
6515,4949.1553
6516,25721.102
6517,15152.901
6518,67434.43
6519,4263.6357
6520,8277.179
6521,66578.6
6522,7287.4277
6523,14713.69
6524,5765.14
6525,38240.03
6526,5973.504
6527,8967.331
6528,5915.2964
6529,12624.776
6530,7432.892
6531,4517.6724
6532,4939.9497
6533,7356.409
6534,9461.915
6535,7176.404
6536,7899.0723
6537,10151.6045
6538,24310.588
6539,147689.27
6540,7645.016
6541,12436.101
6542,1766.4644
6543,6873.317
6544,5653.3794
6545,39237.246
6546,21322.014
6547,7749.663
6548,9141.981
6549,7630.4175
6550,16867.156
6551,10557.768
6552,7211.3364
6553,7819.739
6554,5262.9604
6555,7279.9873
6556,13681.181
6557,8678.98
6558,16554.13
6559,7538.967
6560,6284.051
6561,217474.42
6562,4738.9106
6563,54513.445
6564,7576.526
6565,13031.013
6566,5893.0977
6567,5913.414
6568,4873.772
6569,13310.866
6570,3460.385
6571,6831.7705
6572,6736.7974
6573,26381.63
6574,8038.383
6575,34304.164
6576,4962.421
6577,13421.413
6578,11584.539
6579,5703.3267
6580,8747.72
6581,8483.228
6582,55352.074
6583,7343.0723
6584,7738.194
6585,7103.8906
6586,10151.518
6587,4710.6577
6588,7433.552
6589,13535.039
6590,7403.8667
6591,52483.137
6592,6626.395
6593,5156.539
6594,7134.44
6595,6011.6475
6596,215257.06
6597,5700.309
6598,8928.483
6599,6331.0747
6600,8368.86
6601,27861.732
6602,12507.787
6603,12834.451
6604,3698.1794
6605,5179.978
6606,8763.95
6607,24980.3
6608,7270.0215
6609,8796.725
6610,6534.77
6611,7251.595
6612,5913.2334
6613,5691.033
6614,9024.466
6615,156183.34
6616,7348.242
6617,5755.2603
6618,8283.591
6619,6618.3926
6620,8844.5625
6621,6311.2227
6622,8350.72
6623,5772.3623
6624,17961.018
6625,9996.983
6626,256640.44
6627,10976.351
6628,11854.919
6629,6546.12
6630,67505.46
6631,5386.125
6632,6781.1187
6633,6072.2627
6634,15016.143
6635,14050.001
6636,9723.581
6637,6968.747
6638,7185.4565
6639,7545.753
6640,5766.982
6641,6716.0464
6642,6604.0474
6643,12816.521
6644,7889.3184
6645,25932.488
6646,357242.66
6647,28182.9
6648,19111.242
6649,8242.453
6650,7585.8945
6651,11680.16
6652,5695.1475
6653,5826.2153
6654,10138.936
6655,31183.592
6656,65310.906
6657,9404.771
6658,7214.4844
6659,15794.652
6660,6584.195
6661,9858.393
6662,9914.104
6663,10352.582
6664,11155.924
6665,6227.827
6666,5516.145
6667,7605.615
6668,100375.08
6669,15373.286
6670,9844.424
6671,6832.274
6672,7986.3193
6673,4765.4385
6674,6866.726
6675,14719.779
6676,24875.719
6677,4430.6377
6678,8760.899
6679,47962.895
6680,9068.938
6681,9696.344
6682,4816.4404
6683,16573.447
6684,16109.628
6685,4375.2397
6686,4178.043
6687,6081.95
6688,3307.3044
6689,10845.566
6690,84114.42
6691,6594.2407
6692,8021.8364
6693,12658.605
6694,15552.048
6695,7981.618
6696,5888.811
6697,7140.6025
6698,5678.455
6699,46454.18
6700,8409.3955
6701,6789.956
6702,9139.3545
6703,7232.229
6704,7579.4185
6705,5304.6367
6706,4816.4404
6707,4426.665
6708,5906.9644
6709,22917.303
6710,17046.18
6711,21021.852
6712,19050.227
6713,9895.54
6714,50962.992
6715,19072.07
6716,20794.979
6717,8214.201
6718,5512.4272
6719,23831.705
6720,112015.49
6721,5294.9414
6722,21929.92
6723,5733.0796
6724,21008.156
6725,5511.3965
6726,6312.5225
6727,11141.329
6728,13179.768
6729,18187.992
6730,5311.2427
6731,5514.735
6732,9932.312
6733,36546.254
6734,4855.315
6735,96200.61
6736,9810.4
6737,3609.7563
6738,8367.733
6739,6168.0073
6740,8296.868
6741,7818.913
6742,12609.6045
6743,6693.9736
6744,6402.659
6745,53681.19
6746,4226.724
6747,10021.596
6748,7417.764
6749,12127.382
6750,13020.451
6751,6939.3257
6752,6444.476
6753,7530.6714
6754,81079.88
6755,6360.3286
6756,10716.727
6757,4268.516
6758,5707.14
6759,50439.992
6760,8731.553
6761,7775.4995
6762,9629.558
6763,8480.363
6764,7451.855
6765,7016.1494
6766,9647.603
6767,36999.902
6768,3502.1226
6769,7766.8906
6770,41104.773
6771,5030.058
6772,6316.471
6773,57464.406
6774,45540.652
6775,109461.72
6776,19771.06
6777,9109.703
6778,14801.421
6779,10710.916
6780,7873.8306
6781,6741.444
6782,8915.788
6783,3298.5269
6784,53754.836
6785,12994.57
6786,6603.761
6787,21756.64
6788,4111.7563
6789,4222.6914
6790,36663.887
6791,6442.966
6792,9656.748
6793,9230.135
6794,14955.975
6795,12844.334
6796,4740.8003
6797,4829.2905
6798,6011.792
6799,10121.439
6800,14864.95
6801,102916.16
6802,6179.57
6803,14283.436
6804,8792.876
6805,8047.3325
6806,74521.68
6807,125951.96
6808,10939.992
6809,98068.17
6810,22701.2
6811,50750.457
6812,5828.8433
6813,6694.855
6814,6978.419
6815,7238.7646
6816,9908.129
6817,4453.0737
6818,17937.508
6819,15565.936
6820,5831.2017
6821,9466.877
6822,6510.2417
6823,25667.035
6824,12347.5625
6825,3373.9453
6826,11539.484
6827,10356.3955
6828,6647.98
6829,6540.2373
6830,10068.007
6831,35577.793
6832,107335.336
6833,8274.134
6834,14138.232
6835,20916.62
6836,5690.4067
6837,20860.734
6838,10639.554
6839,30055.9
6840,6787.426
6841,8931.307
6842,19814.926
6843,8172.025
6844,34996.84
6845,30086.697
6846,7410.316
6847,5474.262
6848,57607.113
6849,138297.12
6850,8352.341
6851,11774.164
6852,6983.4844
6853,16001.623
6854,6689.8774
6855,10120.992
6856,23065.727
6857,178064.38
6858,5577.0244
6859,12357.656
6860,10032.853
6861,4530.051
6862,25419.807
6863,11514.52
6864,8158.498
6865,12619.077
6866,5437.6426
6867,53954.97
6868,5839.0884
6869,9095.533
6870,47816.26
6871,9535.853
6872,7178.7383
6873,9679.43
6874,7351.766
6875,9425.892
6876,7996.6733
6877,12215.522
6878,83892.89
6879,53642.633
6880,5495.183
6881,7272.8335
6882,8473.521
6883,9154.415
6884,13693.101
6885,10188.033
6886,8541.388
6887,7846.2876
6888,7376.876
6889,5480.466
6890,55162.453
6891,7036.1567
6892,8512.703
6893,203282.98
6894,16584.977
6895,7906.6396
6896,8007.707
6897,16157.771
6898,11055.457
6899,122347.29
6900,11082.763
6901,78423.23
6902,10274.206
6903,8989.231
6904,14011.574
6905,7639.762
6906,64930.574
6907,13939.455
6908,49806.14
6909,7301.259
6910,9765.726
6911,198500.61
6912,5382.9077
6913,6978.419
6914,6894.068
6915,6885.6714
6916,11335.764
6917,11915.678
6918,8011.9775
6919,7602.358
6920,12583.014
6921,7750.574
6922,7824.8228
6923,11882.193
6924,11275.454
6925,10793.508
6926,5307.3955
6927,8627.98
6928,5926.462
6929,11830.212
6930,8643.411
6931,7303.2324
6932,7400.3213
6933,52365.8
6934,9616.444
6935,156742.88
6936,6430.3823
6937,9621.457
6938,4938.496
6939,10510.125
6940,16267.036
6941,43784.457
6942,11850.464
6943,6377.7207
6944,7827.868
6945,11779.062
6946,16754.477
6947,39621.203
6948,19330.377
6949,38897.996
6950,79047.24
6951,7535.637
6952,6035.0894
6953,6741.008
6954,7184.604
6955,8388.527
6956,17432.85
6957,29766.104
6958,9009.74
6959,8060.863
6960,7875.7036
6961,6654.874
6962,8426.332
6963,5808.212
6964,12879.706
6965,4000.902
6966,241598.2
6967,5617.2314
6968,84922.81
6969,10243.949
6970,12787.609
6971,12372.496
6972,5594.48
6973,8669.245
6974,5814.119
6975,19789.912
6976,42938.438
6977,44058.73
6978,31798.328
6979,59497.715
6980,9401.168
6981,16331.63
6982,5028.3003
6983,5166.686
6984,6316.582
6985,9085.341
6986,15700.1455
6987,42017.99
6988,10371.288
6989,7095.822
6990,5343.6147
6991,5360.083
6992,8639.33
6993,5314.0005
6994,4660.601
6995,16363.973
6996,6460.7593
6997,9344.065
6998,12727.338
6999,9108.857
7000,7901.319
7001,9270.671
7002,4418.997
7003,12662.691
7004,8445.86
7005,4971.289
7006,72380.305
7007,4932.1953
7008,10530.99
7009,40092.133
7010,73492.04
7011,155318.14
7012,199562.61
7013,8600.723
7014,151955.52
7015,7472.0464
7016,11482.222
7017,62970.363
7018,17502.992
7019,49083.2
7020,15344.306
7021,40005.543
7022,7614.5625
7023,4911.9326
7024,16323.085
7025,5583.461
7026,3837.2856
7027,5778.1685
7028,8286.285
7029,16179.529
7030,14020.157
7031,8592.533
7032,54315.746
7033,41109.78
7034,10491.204
7035,6046.844
7036,5598.969
7037,10544.719
7038,6359.165
7039,29921.783
7040,13196.489
7041,7191.854
7042,5588.8525
7043,12290.055
7044,8895.2295
7045,8062.146
7046,6490.005
7047,19582.62
7048,6485.2593
7049,29101.156
7050,8782.083
7051,19857.191
7052,8557.642
7053,10436.303
7054,16412.934
7055,7483.123
7056,5029.968
7057,149968.8
7058,159452.22
7059,8784.824
7060,11444.203
7061,7843.869
7062,7369.0884
7063,12177.6875
7064,6367.7207
7065,10191.952
7066,52126.473
7067,6347.402
7068,23796.95
7069,5181.411
7070,9172.773
7071,11931.634
7072,23346.988
7073,7227.0317
7074,5764.4556
7075,6894.7534
7076,8249.21
7077,102661.76
7078,9297.176
7079,5048.1562
7080,9939.572
7081,14661.717
7082,24061.516
7083,5997.3594
7084,15699.555
7085,10372.982
7086,5665.6924
7087,6737.8145
7088,8970.565
7089,8303.661
7090,4962.869
7091,57575.242
7092,5506.6426
7093,6530.8413
7094,16664.67
7095,6801.78
7096,9387.933
7097,7303.243
7098,106306.06
7099,75271.164
7100,5205.589
7101,57618.98
7102,153763.61
7103,11396.216
7104,67413.86
7105,8618.071
7106,338879.3
7107,12186.546
7108,7925.5264
7109,7508.4233
7110,6276.23
7111,164901.3
7112,5222.0903
7113,184264.52
7114,6330.7754
7115,5763.8975
7116,7810.0146
7117,6193.0806
7118,7455.12
7119,4614.6304
7120,7786.568
7121,4133.314
7122,5292.2363
7123,148854.4
7124,11270.833
7125,11047.669
7126,23631.594
7127,27725.402
7128,18742.016
7129,3085.4653
7130,8824.519
7131,51273.285
7132,68052.26
7133,13281.0205
7134,13945.869
7135,15147.515
7136,5658.3296
7137,10347.293
7138,4094.2124
7139,6776.9883
7140,7347.2188
7141,14228.873
7142,6482.447
7143,9297.4795
7144,12162.909
7145,7389.1323
7146,7134.561
7147,7361.9233
7148,33766.023
7149,19886.219
7150,11801.014
7151,7927.3354
7152,3911.8547
7153,6681.516
7154,125911.7
7155,12755.973
7156,5274.4634
7157,6855.769
7158,8517.638
7159,5460.4414
7160,7058.306
7161,7075.846
7162,3895.2683
7163,104265.94
7164,108740.93
7165,6624.219
7166,28403.438
7167,7014.045
7168,5835.9224
7169,12817.142
7170,62924.414
7171,7155.693
7172,15945.052
7173,7570.194
7174,262485.03
7175,203530.2
7176,8333.362
7177,7607.8877
7178,7051.254
7179,33810.66
7180,61747.727
7181,28657.617
7182,6958.37
7183,26577.604
7184,7981.989
7185,6583.4326
7186,13110.316
7187,4929.7407
7188,5112.869
7189,7420.168
7190,9822.134
7191,18432.303
7192,5778.554
7193,5129.922
7194,4635.6616
7195,6192.877
7196,4865.1855
7197,8846.501
7198,9581.226
7199,26795.24
7200,8885.488
7201,6114.7207
7202,5861.267
7203,7420.1177
7204,17140.691
7205,8090.3984
7206,8182.363
7207,7291.1567
7208,5505.3066
7209,6136.1245
7210,7929.6743
7211,133665.53
7212,10570.784
7213,3867.9402
7214,14911.148
7215,14371.288
7216,8952.001
7217,7428.3857
7218,19878.033
7219,5657.6235
7220,8768.529
7221,8739.505
7222,110481.62
7223,15071.011
7224,6934.0024
7225,6103.677
7226,9458.737
7227,6571.4175
7228,4640.9844
7229,7329.0674
7230,187621.86
7231,7509.838
7232,53287.312
7233,21186.912
7234,17670.723
7235,14592.731
7236,50228.8
7237,7581.1055
7238,6050.131
7239,5792.749
7240,11609.092
7241,6260.7837
7242,19943.326
7243,35762.406
7244,8875.116
7245,8212.291
7246,6378.5654
7247,8687.681
7248,6006.4316
7249,5952.8433
7250,48657.637
7251,9771.811
7252,7503.9614
7253,9859.098
7254,13126.088
7255,72753.64
7256,10648.7705
7257,22577.842
7258,315006.06
7259,6577.653
7260,36022.434
7261,10976.351
7262,6035.9233
7263,7327.686
7264,85390.69
7265,23631.594
7266,10574.24
7267,9043.48
7268,103933.56
7269,50326.242
7270,5549.422
7271,8594.178
7272,6804.6284
7273,9300.419
7274,10455.006
7275,5991.946
7276,9073.711
7277,10807.122
7278,5469.67
7279,6571.4175
7280,18515.08
7281,7053.11
7282,8515.605
7283,18640.62
7284,11803.556
7285,8085.331
7286,4705.707
7287,8756.965
7288,21030.225
7289,53031.62
7290,6711.1426
7291,5350.4
7292,100882.98
7293,8603.736
7294,6836.3804
7295,5387.838
7296,30909.418
7297,5342.949
7298,16443.37
7299,8409.192
7300,4856.9683
7301,57302.824
7302,5325.7646
7303,21198.225
7304,71571.76
7305,4516.8037
7306,5201.4634
7307,193540.64
7308,3755.7522
7309,6260.7837
7310,10308.069
7311,11225.58
7312,6672.054
7313,7124.878
7314,8733.778
7315,6066.481
7316,28045.88
7317,6143.534
7318,9650.486
7319,23073.41
7320,9375.232
7321,51275.938
7322,9175.493
7323,4990.51
7324,48158.45
7325,98131.164
7326,14896.632
7327,59897.44
7328,131066.12
7329,11349.111
7330,8455.625
7331,5384.261
7332,16590.676
7333,25674.492
7334,28650.506
7335,47495.184
7336,5317.243
7337,9554.309
7338,53744.08
7339,29207.916
7340,6074.2783
7341,14539.213
7342,7265.562
7343,9892.967
7344,135688.17
7345,32722.61
7346,126751.35
7347,8092.598
7348,7681.6074
7349,218008.17
7350,20956.154
7351,17655.854
7352,6625.5444
7353,6105.6797
7354,44203.92
7355,8843.802
7356,11572.522
7357,7859.095
7358,11355.617
7359,25267.787
7360,7038.675
7361,13687.443
7362,7130.27
7363,6014.981
7364,4372.1704
7365,5777.568
7366,7534.643
7367,5914.78
7368,16554.13
7369,173690.77
7370,15295.487
7371,7264.451
7372,16743.428
7373,8240.849
7374,5860.9395
7375,161956.83
7376,17058.46
7377,10485.551
7378,10195.863
7379,5090.646
7380,11998.451
7381,11414.878
7382,7729.4077
7383,6875.134
7384,6687.531
7385,11210.533
7386,25035.676
7387,7943.9194
7388,8660.369
7389,5979.854
7390,30573.688
7391,5993.0063
7392,6801.522
7393,35456.03
7394,8439.508
7395,8104.475
7396,10277.499
7397,4671.311
7398,8093.479
7399,6604.0986
7400,11302.352
7401,126277.4
7402,9664.049
7403,4601.7246
7404,19531.781
7405,229217.31
7406,7876.685
7407,5882.166
7408,4982.3154
7409,5418.7285
7410,12784.021
7411,5879.559
7412,17811.572
7413,4983.9795
7414,7157.21
7415,18622.172
7416,8510.084
7417,6712.786
7418,10543.186
7419,11894.94
7420,167711.58
7421,16795.16
7422,49173.25
7423,19536.816
7424,22487.871
7425,7763.846
7426,22527.14
7427,16878.488
7428,5798.393
7429,7605.822
7430,7557.251
7431,82716.84
7432,121831.03
7433,7287.4277
7434,10061.152
7435,5792.6245
7436,13162.376
7437,7825.9297
7438,26286.678
7439,4956.7334
7440,13380.34
7441,22383.156
7442,188595.42
7443,12787.957
7444,9306.244
7445,4057.9922
7446,10270.585
7447,138109.88
7448,8246.556
7449,32381.744
7450,5113.7812
7451,7440.107
7452,19135.648
7453,7119.0527
7454,7973.6113
7455,8205.832
7456,14368.044
7457,8125.5547
7458,6197.955
7459,10214.957
7460,7082.2104
7461,163493.58
7462,4477.79
7463,48158.45
7464,4252.401
7465,18292.904
7466,11162.877
7467,7701.0664
7468,10973.753
7469,5692.5635
7470,4650.512
7471,11892.648
7472,694.9325
7473,7379.3677
7474,9798.888
7475,4120.597
7476,6666.6265
7477,7587.057
7478,290952.2
7479,7861.911
7480,6950.4663
7481,7197.4126
7482,6144.4844
7483,7590.82
7484,31334.111
7485,4460.6553
7486,7202.578
7487,9814.886
7488,21829.506
7489,10608.724
7490,18063.23
7491,12049.953
7492,10192.796
7493,8300.377
7494,4562.2773
7495,12835.893
7496,5170.7363
7497,11654.88
7498,7107.432
7499,5013.339
7500,5770.1978
7501,12183.197
7502,7333.777
7503,6976.9556
7504,54640.184
7505,19902.61
7506,6983.771
7507,15029.251
7508,16768.318
7509,10431.573
7510,17066.654
7511,48158.45
7512,16588.365
7513,4176.53
7514,7545.172
7515,7031.28
7516,6449.9478
7517,84238.664
7518,6887.7935
7519,37540.594
7520,8012.6313
7521,7538.8213
7522,7558.9795
7523,67999.016
7524,9007.506
7525,15599.774
7526,28618.729
7527,18452.299
7528,6387.869
7529,39727.605
7530,18838.186
7531,8037.6685
7532,20211.383
7533,7094.12
7534,9809.177
7535,6942.646
7536,13898.124
7537,5248.373
7538,8913.903
7539,10411.138
7540,10421.469
7541,6631.8203
7542,7920.161
7543,12272.5
7544,12214.637
7545,4080.7852
7546,11032.661
7547,5354.8296
7548,148116.33
7549,4921.206
7550,11629.084
7551,94862.77
7552,5771.043
7553,11207.236
7554,7459.296
7555,5443.5225
7556,131116.97
7557,6170.9473
7558,6187.976
7559,8729.136
7560,9504.658
7561,8341.096
7562,5603.047
7563,78380.96
7564,9901.48
7565,46874.75
7566,11001.361
7567,9175.718
7568,6490.008
7569,5601.0933
7570,7126.0493
7571,24934.678
7572,7921.6865
7573,8849.594
7574,14777.763
7575,27977.178
7576,7932.1025
7577,5509.2603
7578,5743.4785
7579,5060.674
7580,6754.361
7581,7340.9688
7582,35216.58
7583,14812.426
7584,50900.45
7585,9539.308
7586,5818.247
7587,5210.983
7588,5314.7793
7589,9286.985
7590,10848.25
7591,7402.4487
7592,10029.463
7593,9626.285
7594,7061.2827
7595,10892.932
7596,7402.729
7597,11389.952
7598,44716.926
7599,9944.506
7600,37065.523
7601,20263.73
7602,49984.836
7603,23465.418
7604,12241.35
7605,13412.103
7606,9148.306
7607,6847.2295
7608,8226.227
7609,6964.4917
7610,8125.3364
7611,7642.332
7612,12858.7
7613,9609.257
7614,1548.5862
7615,6663.2036
7616,26539.916
7617,7738.746
7618,18345.537
7619,49592.906
7620,30335.07
7621,11429.214
7622,12865.303
7623,12421.734
7624,14938.74
7625,11071.421
7626,47509.832
7627,10860.551
7628,6937.9688
7629,9715.852
7630,8686.834
7631,11066.013
7632,8427.576
7633,15256.721
7634,20008.338
7635,17507.059
7636,19733.658
7637,9515.878
7638,7362.2393
7639,132417.47
7640,143062.17
7641,6023.6333
7642,8408.067
7643,7622.018
7644,6163.404
7645,58737.617
7646,140753.7
7647,10377.42
7648,8738.901
7649,8927.544
7650,6326.599
7651,7304.8994
7652,6846.7944
7653,5745.7236
7654,14727.301
7655,16765.574
7656,5732.884
7657,54759.18
7658,9407.418
7659,6258.976
7660,18477.805
7661,6038.495
7662,28995.863
7663,4607.235
7664,6906.9077
7665,57831.97
7666,9523.715
7667,13973.867
7668,4436.2373
7669,8471.558
7670,12507.787
7671,28768.584
7672,5846.215
7673,69768.516
7674,6593.5244
7675,35907.195
7676,7922.7207
7677,11600.567
7678,93144.33
7679,8482.101
7680,18679.973
7681,16981.064
7682,8738.521
7683,12864.88
7684,24289.0
7685,7090.64
7686,6814.54
7687,6436.2886
7688,11336.357
7689,15648.687
7690,5364.3027
7691,7749.124
7692,11130.377
7693,7924.4966
7694,16788.664
7695,8219.109
7696,10767.24
7697,4601.308
7698,9998.181
7699,7817.5283
7700,36744.46
7701,6139.9565
7702,7447.509
7703,7128.6416
7704,22071.84
7705,103797.03
7706,46884.137
7707,22842.355
7708,17099.256
7709,103841.055
7710,4600.3643
7711,6856.1123
7712,124386.82
7713,38448.348
7714,6311.019
7715,5659.062
7716,5894.793
7717,7024.2954
7718,17230.23
7719,6789.3394
7720,8771.01
7721,13589.402
7722,22376.568
7723,6421.251
7724,86931.68
7725,22311.6
7726,4342.3496
7727,5969.494
7728,42199.996
7729,28186.438
7730,53954.504
7731,76244.79
7732,8268.019
7733,16413.748
7734,36453.766
7735,12104.574
7736,6987.47
7737,15115.995
7738,16027.511
7739,6072.943
7740,9563.931
7741,19972.188
7742,7356.3564
7743,36019.727
7744,4146.79
7745,11834.212
7746,58832.867
7747,9165.389
7748,5197.0317
7749,7556.852
7750,6379.9736
7751,7079.655
7752,9707.16
7753,12044.564
7754,4140.117
7755,5222.0903
7756,107435.625
7757,143363.48
7758,34267.508
7759,10572.482
7760,18417.281
7761,5009.4805
7762,241179.12
7763,4361.2397
7764,8926.203
7765,30806.404
7766,10391.721
7767,11944.596
7768,10482.363
7769,6622.5728
7770,15883.128
7771,12508.206
7772,7033.547
7773,5548.781
7774,28375.146
7775,11654.937
7776,10742.776
7777,4831.5386
7778,7061.3613
7779,7914.6743
7780,15665.741
7781,8553.171
7782,6856.9497
7783,20279.242
7784,11347.846
7785,123645.31
7786,6302.24
7787,7766.7856
7788,7217.458
7789,111710.71
7790,5356.031
7791,16421.402
7792,49865.414
7793,15319.512
7794,11734.897
7795,14932.496
7796,10880.317
7797,14051.306
7798,66009.0
7799,7637.746
7800,11179.11
7801,6132.263
7802,6898.7495
7803,7192.0776
7804,7515.0444
7805,15102.684
7806,7178.3066
7807,9078.192
7808,72482.64
7809,15614.802
7810,10258.295
7811,5377.5957
7812,15624.455
7813,5509.9263
7814,35577.55
7815,8131.422
7816,4471.4727
7817,7083.867
7818,16499.348
7819,13240.553
7820,8946.889
7821,7117.259
7822,38484.766
7823,10128.3955
7824,9032.542
7825,40757.797
7826,13439.271
7827,20364.75
7828,34068.746
7829,45853.18
7830,7561.445
7831,79852.91
7832,5780.06
7833,7250.7495
7834,55947.25
7835,11892.692
7836,12070.623
7837,7215.4717
7838,9981.683
7839,5783.3657
7840,13135.161
7841,11691.482
7842,10019.244
7843,13347.995
7844,8814.42
7845,21664.643
7846,48342.918
7847,4722.0547
7848,7176.1406
7849,47367.176
7850,19802.906
7851,11096.015
7852,21397.756
7853,10123.579
7854,7427.799
7855,70888.15
7856,18124.625
7857,12851.159
7858,5750.8203
7859,6497.546
7860,13626.687
7861,107443.51
7862,9515.342
7863,7384.1226
7864,28698.232
7865,64802.42
7866,9260.999
7867,6670.5205
7868,15144.707
7869,8462.455
7870,10107.627
7871,81193.44
7872,13301.586
7873,7299.928
7874,13101.001
7875,206854.78
7876,14619.026
7877,8563.098
7878,5853.8564
7879,31351.398
7880,6839.9893
7881,15664.032
7882,51132.734
7883,8479.206
7884,5420.5874
7885,10175.119
7886,6376.4053
7887,9168.443
7888,4738.9106
7889,11146.167
7890,8082.7446
7891,7433.4297
7892,69828.6
7893,14061.6875
7894,19875.334
7895,88039.22
7896,8198.917
7897,5853.981
7898,36021.86
7899,11540.806
7900,18263.23
7901,44086.13
7902,33621.82
7903,6318.415
7904,13871.87
7905,6296.9355
7906,20295.23
7907,6343.939
7908,13200.237
7909,6832.086
7910,24563.969
7911,8094.704
7912,9177.46
7913,5372.5796
7914,19800.25
7915,8069.833
7916,7882.3687
7917,11499.743
7918,9338.602
7919,7004.1855
7920,25519.535
7921,13877.179
7922,5302.699
7923,8894.807
7924,9226.813
7925,10680.801
7926,7985.086
7927,8530.441
7928,8655.994
7929,10164.694
7930,5262.9604
7931,24221.795
7932,11911.5
7933,8069.5317
7934,8607.203
7935,9970.734
7936,14094.453
7937,9044.321
7938,18216.031
7939,9113.363
7940,7892.4404
7941,4361.2397
7942,75510.74
7943,4494.4844
7944,13600.269
7945,9982.449
7946,3605.639
7947,4490.7764
7948,11171.307
7949,7765.8486
7950,11860.313
7951,6396.609
7952,7995.964
7953,12013.412
7954,6245.1416
7955,26117.691
7956,39030.91
7957,6793.63
7958,159398.36
7959,49865.414
7960,9901.629
7961,8490.932
7962,8051.6123
7963,10042.227
7964,72203.945
7965,6643.7827
7966,3623.9846
7967,10792.564
7968,6480.08
7969,41432.125
7970,12870.411
7971,23694.316
7972,77778.25
7973,5412.561
7974,4107.6763
7975,19751.475
7976,5262.496
7977,8310.116
7978,136172.44
7979,10683.649
7980,112105.08
7981,22097.477
7982,6167.634
7983,6518.787
7984,72203.945
7985,55669.07
7986,8046.7993
7987,117675.6
7988,7036.7046
7989,129444.2
7990,33622.46
7991,347932.38
7992,6142.254
7993,13087.644
7994,11801.521
7995,5906.0503
7996,4976.0107
7997,4162.8506
7998,10237.991
7999,13048.56
8000,5300.0938
8001,5122.61
8002,6265.0864
8003,8899.737
8004,13341.212
8005,56730.49
8006,11734.394
8007,6681.5234
8008,19053.627
8009,6263.7036
8010,6421.8804
8011,290669.22
8012,42143.69
8013,4227.4097
8014,9083.396
8015,5955.919
8016,6267.741
8017,18894.512
8018,13407.522
8019,14816.192
8020,7766.3237
8021,40214.49
8022,10137.743
8023,10106.102
8024,9727.682
8025,9375.87
8026,10796.583
8027,9757.63
8028,17576.244
8029,4349.921
8030,13528.997
8031,7950.173
8032,202069.94
8033,16154.432
8034,13974.36
8035,7486.689
8036,8557.473
8037,6921.3735
8038,11973.369
8039,8068.669
8040,30190.205
8041,20469.018
8042,10569.907
8043,7153.147
8044,7747.6304
8045,13469.259
8046,6142.6313
8047,17366.38
8048,6325.067
8049,15196.01
8050,8340.492
8051,36664.797
8052,9603.096
8053,42748.023
8054,4576.442
8055,12568.777
8056,11986.952
8057,7895.415
8058,15680.044
8059,20819.357
8060,10534.875
8061,111881.81
8062,7709.573
8063,12096.231
8064,8321.223
8065,76829.51
8066,4144.6045
8067,10697.606
8068,7978.602
8069,37820.016
8070,34260.527
8071,4188.164
8072,57930.14
8073,7558.63
8074,5990.889
8075,5271.378
8076,7184.219
8077,26300.227
8078,33610.234
8079,30803.607
8080,7544.272
8081,39705.51
8082,7125.1484
8083,7623.2925
8084,80906.805
8085,5006.003
8086,7603.3975
8087,7533.3857
8088,10628.558
8089,6437.514
8090,52629.402
8091,41003.098
8092,18282.867
8093,6731.2227
8094,17036.254
8095,8911.695
8096,9204.645
8097,11684.158
8098,7110.8457
8099,82041.086
8100,5717.3076
8101,6718.0054
8102,42379.867
8103,6160.812
8104,51286.55
8105,37939.516
8106,6437.2407
8107,7835.1953
8108,6481.455
8109,85131.87
8110,28786.803
8111,4983.9795
8112,31797.566
8113,8014.313
8114,8155.651
8115,7239.2183
8116,192264.69
8117,7831.965
8118,42734.73
8119,16167.17
8120,4569.2056
8121,6809.807
8122,6387.2734
8123,29299.676
8124,22653.076
8125,8558.451
8126,24379.086
8127,8947.224
8128,15287.078
8129,10407.561
8130,9587.467
8131,5302.211
8132,8070.715
8133,17902.883
8134,7636.576
8135,19847.785
8136,12797.088
8137,6170.9473
8138,3039.2886
8139,1500.0729
8140,52251.74
8141,8309.562
8142,13982.245
8143,6912.8525
8144,8440.614
8145,24284.168
8146,3648.8872
8147,21820.248
8148,8540.912
8149,6683.307
8150,6230.5454
8151,2913.3738
8152,7970.6865
8153,5232.309
8154,6290.173
8155,16948.607
8156,15232.721
8157,7969.374
8158,12692.622
8159,5644.1235
8160,8467.148
8161,10269.906
8162,26174.23
8163,6807.522
8164,3983.197
8165,12154.036
8166,4963.081
8167,11063.7
8168,11118.359
8169,9480.637
8170,92060.99
8171,5818.58
8172,4846.012
8173,8434.754
8174,12365.523
8175,14006.606
8176,101732.46
8177,5003.259
8178,15834.948
8179,9313.543
8180,9769.964
8181,7603.3105
8182,143062.17
8183,16768.986
8184,7390.003
8185,31070.484
8186,9853.403
8187,22242.61
8188,5922.5215
8189,19606.6
8190,16134.616
8191,18624.543
8192,6656.8906
8193,9505.2
8194,3559.634
8195,8899.92
8196,9578.713
8197,18596.178
8198,130001.95
8199,5044.818
8200,5545.956
8201,13089.681
8202,5261.27
8203,10157.037
8204,13461.387
8205,64371.938
8206,7421.005
8207,10478.355
8208,4836.525
8209,14289.725
8210,7637.4023
8211,8688.207
8212,26923.332
8213,75689.766
8214,8171.732
8215,20840.3
8216,7909.766
8217,5224.763
8218,80355.97
8219,5303.7324
8220,27967.219
8221,6795.622
8222,8867.736
8223,10801.344
8224,50426.625
8225,12386.044
8226,11278.496
8227,45254.418
8228,17523.652
8229,7847.9546
8230,5318.453
8231,6356.489
8232,10801.121
8233,39793.156
8234,17622.238
8235,47108.695
8236,15282.835
8237,8439.755
8238,6641.003
8239,7674.3154
8240,8671.854
8241,7453.714
8242,5832.016
8243,38477.688
8244,6060.3867
8245,8166.7593
8246,5783.3657
8247,7109.8145
8248,7879.0635
8249,7459.999
8250,8114.6455
8251,14300.062
8252,10032.262
8253,24437.08
8254,11396.887
8255,7690.464
8256,5366.534
8257,7108.2393
8258,5007.245
8259,6004.222
8260,5987.047
8261,11820.281
8262,154616.66
8263,30827.08
8264,6812.061
8265,4960.653
8266,15544.8545
8267,93637.43
8268,4177.252
8269,6096.1143
8270,7102.1025
8271,6853.03
8272,9456.852
8273,17567.535
8274,7844.459
8275,7489.251
8276,7955.5703
8277,6924.942
8278,16005.5205
8279,4809.428
8280,21933.168
8281,49267.816
8282,19331.66
8283,3757.383
8284,9822.162
8285,10996.161
8286,13191.011
8287,75537.36
8288,8258.113
8289,10486.539
8290,147911.38
8291,5337.419
8292,30365.84
8293,17587.346
8294,7526.786
8295,64224.082
8296,52774.83
8297,5462.992
8298,4048.9312
8299,129848.7
8300,7005.817
8301,6440.367
8302,102817.79
8303,7992.081
8304,8116.581
8305,28934.521
8306,38355.816
8307,5497.7295
8308,52990.703
8309,20431.326
8310,5244.915
8311,10960.793
8312,5089.184
8313,6242.4277
8314,47176.707
8315,6074.193
8316,6673.8047
8317,205390.33
8318,5797.9756
8319,6932.848
8320,4724.576
8321,55840.52
8322,21334.89
8323,6779.506
8324,13930.522
8325,174543.5
8326,5499.238
8327,14981.821
8328,37224.258
8329,24075.727
8330,6144.3535
8331,8107.7783
8332,18973.975
8333,115753.805
8334,13188.889
8335,39510.7
8336,9225.931
8337,9771.811
8338,20477.879
8339,10717.31
8340,4010.2505
8341,6706.086
8342,5838.164
8343,12148.681
8344,9850.691
8345,8734.207
8346,129254.62
8347,12496.804
8348,7717.245
8349,8879.403
8350,14171.219
8351,10054.073
8352,7068.403
8353,94392.1
8354,11981.643
8355,16396.234
8356,213706.95
8357,19246.398
8358,15603.762
8359,5205.589
8360,13040.536
8361,14026.66
8362,10558.108
8363,4911.9326
8364,11891.94
8365,5207.3525
8366,7706.4946
8367,7493.634
8368,6931.8535
8369,17251.82
8370,10359.209
8371,25871.553
8372,8492.453
8373,15766.618
8374,6482.956
8375,9427.692
8376,6877.166
8377,6406.396
8378,23997.367
8379,15573.774
8380,3966.4937
8381,4824.28
8382,5814.8413
8383,13263.14
8384,89239.164
8385,17310.39
8386,6480.275
8387,5726.6523
8388,6609.497
8389,13321.939
8390,7037.2676
8391,7700.0728
8392,42579.324
8393,74051.52
8394,11534.746
8395,8909.522
8396,79316.1
8397,5793.965
8398,20167.725
8399,11634.368
8400,31773.305
8401,7789.156
8402,5846.634
8403,5500.0005
8404,9385.459
8405,7515.542
8406,9247.177
8407,8677.536
8408,13582.931
8409,6192.7617
8410,7343.6523
8411,10530.99
8412,14793.963
8413,10992.764
8414,6587.1807
8415,15784.141
8416,10105.783
8417,165499.05
8418,7153.924
8419,15538.138
8420,16940.984
8421,6825.713
8422,8796.565
8423,11713.015
8424,11469.218
8425,5892.762
8426,10042.934
8427,5235.273
8428,4287.918
8429,13529.226
8430,8224.454
8431,7527.372
8432,10310.028
8433,16109.628
8434,5726.793
8435,4956.8535
8436,41264.445
8437,18455.307
8438,4779.6963
8439,5587.4736
8440,7636.251
8441,13115.84
8442,6626.855
8443,5394.3716
8444,7029.917
8445,67899.29
8446,15988.405
8447,8593.995
8448,16356.47
8449,16506.85
8450,34562.47
8451,6668.354
8452,6791.2285
8453,8027.354
8454,21988.064
8455,7036.881
8456,8631.262
8457,4485.3496
8458,6034.6978
8459,5839.63
8460,4761.9834
8461,6620.7876
8462,5098.613
8463,7747.5435
8464,5092.0894
8465,9904.897
8466,5642.516
8467,10355.924
8468,6675.7856
8469,5965.009
8470,5857.028
8471,95221.54
8472,29649.82
8473,8342.726
8474,29132.068
8475,62321.484
8476,55128.324
8477,11813.81
8478,8499.251
8479,10397.574
8480,6786.916
8481,7039.306
8482,10101.552
8483,17900.898
8484,14009.479
8485,4906.37
8486,7749.971
8487,4928.2646
8488,9378.79
8489,26242.7
8490,6916.8965
8491,4639.5854
8492,11075.734
8493,10035.069
8494,7978.3345
8495,27404.963
8496,6206.1816
8497,5433.357
8498,62842.707
8499,6007.4644
8500,7940.6826
8501,26421.377
8502,9538.498
8503,8292.773
8504,5763.271
8505,6992.775
8506,9622.065
8507,13059.541
8508,6972.576
8509,7555.549
8510,51569.188
8511,8099.765
8512,4636.0884
8513,57301.055
8514,6899.1445
8515,9073.888
8516,10910.554
8517,98770.62
8518,6110.3833
8519,6803.6567
8520,290669.22
8521,5950.694
8522,11823.201
8523,8486.7
8524,17421.664
8525,9285.181
8526,10604.712
8527,43973.26
8528,207327.12
8529,6102.0664
8530,5363.819
8531,29646.951
8532,6437.978
8533,9481.707
8534,12549.38
8535,8268.8125
8536,4078.9897
8537,5838.587
8538,7634.993
8539,6502.644
8540,14438.8955
8541,6440.8066
8542,6810.3433
8543,9908.664
8544,9213.152
8545,9131.039
8546,6479.6357
8547,130463.77
8548,168651.3
8549,23760.674
8550,5514.735
8551,5827.673
8552,9703.615
8553,5001.2036
8554,37298.395
8555,8309.961
8556,6062.165
8557,29662.104
8558,7958.6704
8559,7688.96
8560,98577.92
8561,24560.438
8562,91622.375
8563,69654.18
8564,37820.016
8565,13798.644
8566,14302.095
8567,5705.0977
8568,32722.61
8569,18730.178
8570,4772.238
8571,20303.098
8572,5718.5454
8573,5846.564
8574,6682.6523
8575,6856.3438
8576,8379.681
8577,5878.1094
8578,7502.145
8579,7952.4385
8580,37008.85
8581,145933.39
8582,16536.06
8583,59669.023
8584,9491.734
8585,19943.326
8586,72272.53
8587,6620.6953
8588,5791.8765
8589,13339.467
8590,43662.184
8591,27160.414
8592,35541.312
8593,290952.2
8594,40412.676
8595,7996.265
8596,20743.354
8597,6991.9863
8598,303416.0
8599,6050.3784
8600,13472.698
8601,7629.7847
8602,79406.17
8603,32927.85
8604,8742.93
8605,17817.33
8606,51050.535
8607,5232.277
8608,6665.414
8609,6858.416
8610,6279.207
8611,142941.98
8612,199562.61
8613,6037.723
8614,6922.867
8615,97446.41
8616,9579.86
8617,7489.251
8618,25736.518
8619,7088.4443
8620,6567.508
8621,28130.566
8622,7990.924
8623,6225.9175
8624,32773.617
8625,4535.371
8626,5203.4053
8627,5808.64
8628,13489.923
8629,4516.8037
8630,34014.56
8631,7894.546
8632,9046.572
8633,8344.937
8634,4631.944
8635,321399.22
8636,7138.2007
8637,14336.693
8638,5188.576
8639,15876.095
8640,8164.1226
8641,5913.2334
8642,6801.78
8643,5960.1763
8644,5110.9546
8645,6359.3906
8646,10980.33
8647,10537.194
8648,12428.482
8649,5666.104
8650,8280.502
8651,9903.09
8652,16602.521
8653,5722.108
8654,27811.818
8655,10364.96
8656,9976.284
8657,18821.783
8658,18192.797
8659,7863.5107
8660,8182.7812
8661,5396.8325
8662,6784.328
8663,8841.235
8664,6764.169
8665,11338.246
8666,4427.065
8667,9967.991
8668,7254.112
8669,6551.2236
8670,21194.553
8671,35703.77
8672,13492.81
8673,11344.769
8674,5928.59
8675,11792.135
8676,5469.921
8677,6581.2817
8678,8534.996
8679,46313.336
8680,9260.945
8681,177142.75
8682,6304.232
8683,10616.08
8684,17296.523
8685,70615.4
8686,14967.366
8687,7440.215
8688,7182.1963
8689,54057.547
8690,19501.607
8691,10168.965
8692,10515.144
8693,5915.2524
8694,133585.7
8695,5678.575
8696,3585.528
8697,32627.457
8698,8890.323
8699,16562.154
8700,183152.27
8701,5013.339
8702,74352.62
8703,10856.86
8704,24769.74
8705,4376.111
8706,6051.8125
8707,7500.8345
8708,13102.431
8709,12620.591
8710,14094.827
8711,13569.74
8712,6822.3945
8713,5939.939
8714,4849.909
8715,167332.67
8716,6259.842
8717,8637.053
8718,35476.184
8719,39178.867
8720,8368.754
8721,6196.7036
8722,13542.947
8723,7731.495
8724,11364.942
8725,24430.807
8726,40195.035
8727,7464.059
8728,7593.857
8729,16897.926
8730,6041.3545
8731,11246.6045
8732,4157.154
8733,16996.344
8734,13636.115
8735,187974.86
8736,10021.596
8737,6661.733
8738,6579.2314
8739,12570.771
8740,4071.7358
8741,7360.611
8742,3902.254
8743,32527.248
8744,8428.172
8745,11442.435
8746,7728.0615
8747,5883.6343
8748,9093.45
8749,6941.7173
8750,4995.799
8751,9282.49
8752,9421.65
8753,12822.119
8754,136489.55
8755,9601.465
8756,39032.77
8757,102363.38
8758,84128.125
8759,6434.998
8760,11297.933
8761,9306.623
8762,25758.553
8763,7863.005
8764,7546.8657
8765,7695.1772
8766,7471.3525
8767,7643.8125
8768,13526.5
8769,9798.513
8770,8540.361
8771,7199.0635
8772,6459.818
8773,5360.114
8774,6203.1377
8775,6336.2573
8776,16229.78
8777,5977.0474
8778,7180.7734
8779,12173.134
8780,7146.12
8781,7923.1353
8782,7866.442
8783,6394.9243
8784,10010.122
8785,133782.52
8786,20168.826
8787,87409.28
8788,76155.51
8789,26462.047
8790,14389.909
8791,67983.14
8792,22673.484
8793,5671.4243
8794,7483.899
8795,6409.5127
8796,23470.824
8797,7687.7275
8798,6467.2153
8799,5786.999
8800,8828.855
8801,5929.6914
8802,7556.896
8803,8779.184
8804,5702.701
8805,18102.922
8806,28650.506
8807,5529.0054
8808,39811.152
8809,11754.209
8810,33243.434
8811,8438.304
8812,7014.467
8813,7216.4263
8814,10944.068
8815,21386.867
8816,48904.69
8817,110129.375
8818,5422.068
8819,3277.6274
8820,11578.405
8821,14095.155
8822,7495.808
8823,234100.53
8824,10728.549
8825,7690.906
8826,7961.256
8827,10678.049
8828,177266.84
8829,11119.206
8830,18846.598
8831,7557.5303
8832,147294.33
8833,8683.724
8834,6029.451
8835,9571.937
8836,23364.148
8837,15221.199
8838,6428.385
8839,7302.762
8840,56549.797
8841,39209.2
8842,5514.9575
8843,5437.0903
8844,9715.527
8845,221586.9
8846,15344.619
8847,6634.5566
8848,6224.4136
8849,11609.092
8850,5949.2334
8851,8570.056
8852,14008.405
8853,29155.627
8854,10333.006
8855,9515.994
8856,157346.61
8857,3982.192
8858,4094.4978
8859,8279.563
8860,16711.701
8861,8028.3794
8862,222007.94
8863,30325.443
8864,4948.7812
8865,12147.816
8866,12449.159
8867,7863.303
8868,6879.9863
8869,7217.106
8870,134303.03
8871,6525.33
8872,5926.495
8873,6818.016
8874,5864.624
8875,9055.779
8876,97914.0
8877,13630.525
8878,6142.923
8879,7412.369
8880,5043.94
8881,9346.756
8882,7651.8203
8883,53082.38
8884,5746.532
8885,9957.422
8886,9549.587
8887,134994.08
8888,15739.526
8889,10343.372
8890,3222.7578
8891,7590.472
8892,8734.774
8893,7617.5195
8894,136088.77
8895,7113.987
8896,172875.33
8897,3886.979
8898,68815.625
8899,6699.201
8900,5036.106
8901,9238.402
8902,7418.132
8903,13619.18
8904,7804.081
8905,5356.6196
8906,6173.9106
8907,5545.679
8908,34484.46
8909,8020.085
8910,6187.772
8911,6510.743
8912,7888.766
8913,6232.748
8914,9818.906
8915,15371.971
8916,130143.31
8917,43349.688
8918,6964.638
8919,14470.292
8920,88052.39
8921,14940.152
8922,9036.24
8923,85482.664
8924,9764.323
8925,118705.29
8926,3326.733
8927,124029.695
8928,10414.796
8929,5581.9727
8930,4928.2866
8931,13080.996
8932,7228.8174
8933,4190.6045
8934,156350.27
8935,81970.164
8936,8831.834
8937,9187.876
8938,11862.883
8939,147861.81
8940,7095.0938
8941,8705.43
8942,4016.769
8943,12027.856
8944,10024.2
8945,6418.694
8946,19930.148
8947,21326.82
8948,12289.687
8949,6817.53
8950,9024.14
8951,9295.965
8952,25352.645
8953,4948.7095
8954,6581.5283
8955,6776.3604
8956,69641.75
8957,7014.996
8958,5432.484
8959,10512.938
8960,23063.848
8961,7679.705
8962,33071.48
8963,9041.558
8964,7531.0356
8965,279653.78
8966,39983.418
8967,9449.165
8968,6648.825
8969,26044.031
8970,7874.866
8971,5126.377
8972,85867.93
8973,8844.531
8974,7048.3687
8975,8599.137
8976,14982.065
8977,6117.2725
8978,15728.006
8979,5729.781
8980,5884.8604
8981,4069.6265
8982,5230.326
8983,18745.223
8984,6658.7876
8985,18855.652
8986,41030.348
8987,9482.842
8988,27344.652
8989,6297.5713
8990,5741.6675
8991,43716.867
8992,15773.868
8993,101867.44
8994,6147.763
8995,5718.9316
8996,7187.7627
8997,7825.141
8998,5112.2827
8999,7181.274
9000,175070.38
9001,7075.1636
9002,8911.539
9003,5616.6553
9004,4673.6353
9005,9160.943
9006,109837.7
9007,45065.504
9008,23447.918
9009,5839.351
9010,278209.84
9011,8241.529
9012,7286.347
9013,9240.456
9014,58291.81
9015,6451.465
9016,30777.24
9017,12821.602
9018,8792.483
9019,5856.06
9020,6996.358
9021,18889.88
9022,12921.64
9023,8857.5625
9024,29607.055
9025,78802.04
9026,97413.305
9027,7843.0117
9028,22380.703
9029,35825.74
9030,8369.648
9031,7258.356
9032,26749.305
9033,10392.555
9034,133819.73
9035,36980.7
9036,21418.52
9037,9543.055
9038,4179.923
9039,9771.811
9040,10131.328
9041,54873.457
9042,7652.6343
9043,6304.9297
9044,25563.822
9045,7077.7656
9046,47008.207
9047,95412.04
9048,10429.357
9049,25734.121
9050,10981.324
9051,7140.5386
9052,6043.4673
9053,5764.1274
9054,8651.994
9055,193540.64
9056,8618.237
9057,206052.47
9058,14844.76
9059,7035.818
9060,6479.5146
9061,6179.365
9062,99869.24
9063,3711.6504
9064,5198.3354
9065,8655.728
9066,11287.612
9067,37812.344
9068,15336.705
9069,21351.898
9070,6687.629
9071,13697.699
9072,7808.622
9073,14987.882
9074,9454.559
9075,6684.6074
9076,7088.0127
9077,4562.2773
9078,8503.292
9079,6054.315
9080,3453.7844
9081,44358.836
9082,20027.781
9083,9706.351
9084,13241.706
9085,6367.727
9086,7103.1055
9087,7683.9775
9088,7597.2544
9089,3365.2573
9090,5394.8496
9091,13668.9375
9092,18928.852
9093,3778.7915
9094,7036.881
9095,8082.064
9096,11429.237
9097,5551.66
9098,8064.3926
9099,57340.254
9100,7478.24
9101,17355.592
9102,5637.021
9103,53528.176
9104,6980.8286
9105,7586.158
9106,202696.02
9107,8212.638
9108,7595.1313
9109,14030.656
9110,38252.016
9111,4811.9985
9112,9760.044
9113,77597.53
9114,6472.9736
9115,11922.631
9116,8131.855
9117,8302.492
9118,5225.765
9119,14681.691
9120,6346.9956
9121,6373.8853
9122,5986.4224
9123,93497.46
9124,7655.435
9125,6003.073
9126,5691.23
9127,274339.66
9128,5357.213
9129,8298.0625
9130,8988.758
9131,4417.977
9132,4285.3975
9133,4787.0957
9134,14045.364
9135,8000.5747
9136,6238.942
9137,5891.0996
9138,7404.386
9139,11374.032
9140,5562.2676
9141,8229.849
9142,15051.941
9143,11307.149
9144,143633.9
9145,8844.5625
9146,7451.732
9147,6721.401
9148,6217.2
9149,7657.801
9150,23863.848
9151,6198.843
9152,7401.8945
9153,8068.65
9154,7443.464
9155,5684.319
9156,7235.7715
9157,9143.412
9158,9075.908
9159,6011.6094
9160,65576.34
9161,7144.397
9162,9227.154
9163,8307.169
9164,5105.3735
9165,104538.14
9166,4854.539
9167,9149.72
9168,7109.5845
9169,4905.198
9170,8071.999
9171,58186.535
9172,7050.5273
9173,11766.437
9174,3521.9666
9175,5172.266
9176,62715.23
9177,44572.94
9178,12688.574
9179,9304.194
9180,15680.757
9181,5774.248
9182,6531.625
9183,6739.908
9184,6625.298
9185,6281.133
9186,5828.305
9187,11353.976
9188,5305.5996
9189,5635.478
9190,8631.607
9191,149924.67
9192,7472.5117
9193,5843.5913
9194,5596.5996
9195,21598.926
9196,8996.278
9197,8204.332
9198,6812.061
9199,16618.627
9200,4628.5527
9201,37407.535
9202,16199.885
9203,10351.773
9204,6244.7427
9205,5044.818
9206,9891.023
9207,13403.89
9208,7513.576
9209,11783.911
9210,7917.6226
9211,9819.333
9212,4542.576
9213,8109.7935
9214,38521.926
9215,4399.0044
9216,5655.0166
9217,6931.685
9218,5422.589
9219,10590.755
9220,6370.4556
9221,70274.87
9222,12592.832
9223,6115.7783
9224,10237.508
9225,144904.89
9226,10688.8955
9227,24892.447
9228,18881.865
9229,11854.506
9230,5077.95
9231,5733.121
9232,8386.892
9233,7883.208
9234,7505.4326
9235,5434.9463
9236,75568.625
9237,5717.577
9238,10743.731
9239,8248.159
9240,9418.551
9241,7977.6685
9242,51721.43
9243,32382.475
9244,8782.697
9245,23685.613
9246,7072.6387
9247,14980.453
9248,8042.0947
9249,76943.88
9250,11539.484
9251,33934.848
9252,7496.166
9253,8013.2334
9254,9418.671
9255,9623.569
9256,10105.599
9257,5873.7314
9258,47278.363
9259,10741.568
9260,10622.669
9261,8031.989
9262,4686.9795
9263,11941.858
9264,6820.1475
9265,5067.2344
9266,10815.477
9267,188670.17
9268,9520.826
9269,11705.701
9270,6237.595
9271,6867.1626
9272,5337.9067
9273,7304.187
9274,9321.324
9275,9618.791
9276,99684.34
9277,8957.585
9278,11321.355
9279,20358.238
9280,8955.389
9281,5679.6235
9282,9039.594
9283,12962.175
9284,89132.69
9285,8474.254
9286,8098.637
9287,8412.105
9288,4508.903
9289,124374.234
9290,3496.7854
9291,9984.884
9292,16042.388
9293,9930.003
9294,8442.726
9295,25875.002
9296,7937.909
9297,9048.549
9298,8111.561
9299,136711.6
9300,8406.183
9301,10658.202
9302,19233.82
9303,8728.171
9304,10680.759
9305,4839.832
9306,91580.945
9307,7558.458
9308,6366.1035
9309,10487.817
9310,21296.16
9311,59030.047
9312,7388.1074
9313,113913.734
9314,8707.917
9315,11045.013
9316,7014.9795
9317,5426.381
9318,12227.808
9319,7962.4097
9320,4450.172
9321,6824.159
9322,12511.73
9323,76020.09
9324,5611.6245
9325,11518.243
9326,36297.445
9327,42878.33
9328,7568.0054
9329,6627.829
9330,9072.472
9331,5322.553
9332,14991.924
9333,6955.2954
9334,13036.208
9335,7085.0127
9336,13237.004
9337,124291.83
9338,13092.2705
9339,42748.023
9340,7778.1523
9341,9495.698
9342,7571.3696
9343,7837.364
9344,10538.191
9345,6290.2656
9346,13283.657
9347,7458.5684
9348,10312.315
9349,14777.975
9350,6364.6455
9351,51173.168
9352,139131.48
9353,15272.148
9354,5183.3066
9355,91622.375
9356,5387.5967
9357,11500.577
9358,4173.8896
9359,12994.505
9360,7581.826
9361,8956.095
9362,13403.89
9363,12333.159
9364,8773.725
9365,41933.62
9366,6899.494
9367,8394.113
9368,6544.5293
9369,4611.872
9370,14189.789
9371,26638.297
9372,8895.769
9373,6833.128
9374,84529.24
9375,18755.668
9376,221805.16
9377,8276.076
9378,11194.633
9379,5234.812
9380,9399.835
9381,5742.243
9382,6248.12
9383,23407.646
9384,26819.896
9385,7976.496
9386,7410.0913
9387,6157.6226
9388,18695.643
9389,45995.91
9390,69479.51
9391,8459.495
9392,7366.117
9393,4659.6343
9394,7113.3354
9395,5784.2266
9396,8638.784
9397,11306.141
9398,8315.919
9399,5098.613
9400,6975.9424
9401,12633.864
9402,7724.097
9403,4434.031
9404,6449.9155
9405,9156.241
9406,16851.305
9407,14026.66
9408,6407.454
9409,6724.6284
9410,125271.5
9411,15344.619
9412,18420.95
9413,91870.85
9414,21987.719
9415,33755.633
9416,30312.004
9417,6092.343
9418,7587.4956
9419,19928.672
9420,5102.8164
9421,8513.828
9422,7608.9517
9423,68312.83
9424,17621.705
9425,156542.5
9426,16499.477
9427,5380.481
9428,8697.162
9429,6833.092
9430,6496.618
9431,19970.746
9432,5687.471
9433,11445.254
9434,8347.329
9435,16848.502
9436,6383.5005
9437,4837.5293
9438,4868.563
9439,8295.983
9440,33247.75
9441,6857.79
9442,7889.9985
9443,38477.285
9444,62766.58
9445,17951.0
9446,32177.264
9447,151883.08
9448,7706.4697
9449,12142.514
9450,7197.4126
9451,8594.57
9452,10465.711
9453,5844.71
9454,7951.75
9455,4351.2676
9456,10427.757
9457,102817.79
9458,7536.804
9459,9417.439
9460,8725.932
9461,21630.11
9462,11221.797
9463,6441.378
9464,131961.3
9465,7730.1323
9466,23654.754
9467,8696.678
9468,19406.498
9469,15150.391
9470,21286.55
9471,3636.5044
9472,7319.3384
9473,8156.298
9474,7004.5996
9475,85596.85
9476,11474.541
9477,19795.402
9478,11456.759
9479,6000.624
9480,5240.1304
9481,23753.09
9482,58832.867
9483,16280.454
9484,6829.2812
9485,9107.221
9486,5931.541
9487,7685.5547
9488,8648.775
9489,12797.239
9490,11562.216
9491,7805.866
9492,106096.92
9493,8538.045
9494,5302.459
9495,43948.77
9496,6207.3774
9497,5731.5947
9498,4886.9077
9499,10872.477
9500,6328.0723
9501,6340.0566
9502,102896.86
9503,3731.85
9504,8362.562
9505,5395.975
9506,6264.2236
9507,11885.704
9508,9842.71
9509,7399.9414
9510,6799.304
9511,1116.2671
9512,24463.686
9513,35385.164
9514,15806.079
9515,7245.1895
9516,3713.2588
9517,4309.4927
9518,106311.266
9519,54278.395
9520,8019.924
9521,6644.5615
9522,6910.528
9523,6207.3774
9524,8371.774
9525,5112.1494
9526,6341.1997
9527,6541.0483
9528,49387.977
9529,7337.299
9530,3602.434
9531,10255.688
9532,13289.537
9533,6883.6816
9534,7639.3555
9535,48447.742
9536,7480.0225
9537,6343.9224
9538,5917.1094
9539,11155.76
9540,58742.457
9541,13512.947
9542,20685.215
9543,6303.746
9544,19898.207
9545,8663.871
9546,5998.246
9547,13877.357
9548,21348.988
9549,10023.13
9550,14779.272
9551,11145.041
9552,6207.8687
9553,16348.223
9554,4563.4043
9555,27856.865
9556,13247.229
9557,29781.2
9558,8676.703
9559,4739.1987
9560,14672.254
9561,12086.381
9562,109928.01
9563,17118.275
9564,41222.418
9565,7375.5425
9566,36033.348
9567,8334.619
9568,6212.4375
9569,10957.279
9570,7152.154
9571,8737.597
9572,8234.525
9573,8087.0474
9574,252679.34
9575,9854.986
9576,4996.8276
9577,4391.384
9578,4482.4497
9579,120189.68
9580,4562.351
9581,8433.396
9582,11999.1875
9583,13940.161
9584,7061.7046
9585,22621.748
9586,9267.864
9587,37363.945
9588,6269.4805
9589,9317.843
9590,8316.609
9591,7599.5327
9592,7228.0083
9593,7310.922
9594,5144.339
9595,5491.0176
9596,6803.2856
9597,5116.38
9598,6295.4116
9599,5611.9316
9600,8559.107
9601,6389.9287
9602,3431.3826
9603,5273.928
9604,6971.465
9605,9805.162
9606,10573.259
9607,16098.081
9608,6433.5127
9609,6063.024
9610,5826.812
9611,8745.36
9612,8222.838
9613,16513.666
9614,6525.114
9615,15168.488
9616,6329.433
9617,8728.651
9618,9576.372
9619,8616.183
9620,16636.672
9621,5742.7773
9622,5665.651
9623,18291.873
9624,6830.943
9625,17330.44
9626,39513.332
9627,9184.832
9628,12029.375
9629,7636.855
9630,60214.156
9631,5884.451
9632,11642.671
9633,8326.548
9634,7783.7827
9635,38215.906
9636,7120.9473
9637,6348.4634
9638,6862.7236
9639,7321.438
9640,15452.473
9641,78556.42
9642,10530.99
9643,6236.832
9644,31434.127
9645,6725.268
9646,28665.781
9647,8949.64
9648,31270.365
9649,8082.7393
9650,25734.121
9651,72793.7
9652,6741.774
9653,6028.069
9654,4257.9
9655,6078.5806
9656,6554.8315
9657,8210.661
9658,17805.994
9659,16007.524
9660,7762.749
9661,12949.367
9662,14000.147
9663,5449.9937
9664,10845.566
9665,4900.985
9666,11801.367
9667,6807.417
9668,9463.684
9669,10083.914
9670,6302.1533
9671,3590.8232
9672,197740.89
9673,8777.35
9674,7117.799
9675,34397.574
9676,6614.926
9677,7889.3184
9678,7822.769
9679,8775.96
9680,7995.26
9681,90257.07
9682,7113.5757
9683,6550.9707
9684,12183.226
9685,6971.803
9686,10604.801
9687,7008.095
9688,5623.686
9689,15001.857
9690,7123.0225
9691,9145.799
9692,9109.728
9693,4116.5566
9694,7457.2915
9695,45295.8
9696,44331.13
9697,9534.874
9698,17919.135
9699,8547.466
9700,10221.325
9701,4582.6216
9702,51154.633
9703,6840.6
9704,12482.586
9705,15682.544
9706,9380.325
9707,7151.1836
9708,38011.27
9709,5482.8525
9710,3332.8384
9711,6540.891
9712,11069.115
9713,34429.05
9714,7222.028
9715,87937.984
9716,7534.752
9717,92052.61
9718,5263.1543
9719,5765.097
9720,7994.1133
9721,7996.5557
9722,3521.7625
9723,125157.805
9724,12922.607
9725,9485.745
9726,6843.9126
9727,5123.3423
9728,14787.128
9729,7356.3564
9730,8873.865
9731,38240.152
9732,4596.9277
9733,13729.473
9734,129824.65
9735,22276.176
9736,8650.694
9737,8363.706
9738,6286.5093
9739,45798.05
9740,5921.769
9741,13227.741
9742,20806.805
9743,7203.8486
9744,8903.42
9745,23080.438
9746,4088.6333
9747,9363.515
9748,314409.0
9749,6895.1875
9750,8339.223
9751,7162.025
9752,33338.82
9753,5318.4404
9754,5967.5176
9755,17592.84
9756,5446.6826
9757,11905.854
9758,8163.036
9759,18342.436
9760,7652.0874
9761,6264.36
9762,5652.9175
9763,70415.43
9764,8805.229
9765,100161.97
9766,55682.742
9767,9176.34
9768,17589.082
9769,5532.765
9770,7926.825
9771,50962.992
9772,8785.239
9773,23196.54
9774,8208.148
9775,18387.756
9776,7732.283
9777,19375.871
9778,36809.098
9779,12912.002
9780,4291.2764
9781,92800.37
9782,10681.917
9783,15892.228
9784,10675.55
9785,144824.08
9786,5371.1963
9787,4743.5566
9788,14808.949
9789,6392.6963
9790,16993.117
9791,5592.276
9792,8585.371
9793,2212.2615
9794,5328.8433
9795,44419.34
9796,9624.245
9797,6875.226
9798,23058.613
9799,12805.068
9800,40858.387
9801,141407.36
9802,5235.273
9803,6938.174
9804,8603.64
9805,5526.6094
9806,6739.267
9807,8645.118
9808,2857.5676
9809,6455.1763
9810,10431.192
9811,8113.268
9812,6444.8784
9813,37413.543
9814,12716.379
9815,8500.724
9816,16443.863
9817,11660.726
9818,10907.423
9819,5811.409
9820,6596.802
9821,40442.914
9822,26561.338
9823,6206.303
9824,8883.225
9825,10882.638
9826,73974.65
9827,52304.906
9828,6427.665
9829,68746.195
9830,112881.195
9831,8001.966
9832,4519.8076
9833,41041.73
9834,3121.1135
9835,6425.195
9836,12035.505
9837,3833.1448
9838,4593.3877
9839,22566.582
9840,8970.565
9841,6041.818
9842,5451.4697
9843,15207.7295
9844,7640.332
9845,13741.344
9846,120180.22
9847,23612.088
9848,13442.97
9849,7786.895
9850,12614.961
9851,11542.4375
9852,58500.824
9853,18294.986
9854,16256.621
9855,114467.29
9856,9699.649
9857,6739.07
9858,12037.6045
9859,74890.31
9860,8007.707
9861,7177.4917
9862,7616.655
9863,7470.8584
9864,27215.281
9865,11065.369
9866,7902.6035
9867,83599.34
9868,7574.8647
9869,6276.92
9870,12431.476
9871,7185.5825
9872,49477.83
9873,5164.5337
9874,7506.6978
9875,19382.059
9876,20239.242
9877,6465.295
9878,87897.38
9879,6698.064
9880,11853.764
9881,110379.125
9882,44189.08
9883,4785.1636
9884,7292.7573
9885,6507.009
9886,117677.11
9887,63846.426
9888,70010.7
9889,32149.314
9890,7662.986
9891,4604.9175
9892,59364.21
9893,6120.8687
9894,30471.258
9895,5886.9067
9896,8816.046
9897,81193.44
9898,3831.1655
9899,8485.055
9900,11462.945
9901,5484.498
9902,47655.86
9903,4557.3447
9904,5559.2324
9905,7857.066
9906,8641.654
9907,8251.585
9908,5551.3384
9909,7751.776
9910,9641.492
9911,4602.9893
9912,6359.015
9913,34406.12
9914,27912.713
9915,5970.0317
9916,16725.275
9917,62715.23
9918,9671.142
9919,8297.674
9920,57085.562
9921,10117.892
9922,26896.266
9923,7633.94
9924,9457.229
9925,4632.0093
9926,17728.68
9927,13736.846
9928,13938.052
9929,99434.43
9930,184008.8
9931,5596.1255
9932,117675.6
9933,6990.544
9934,25875.184
9935,8033.6523
9936,7471.3525
9937,59359.555
9938,8192.792
9939,12330.607
9940,8498.406
9941,20142.338
9942,7870.7124
9943,76421.66
9944,8410.296
9945,57981.47
9946,14061.6875
9947,9646.991
9948,6912.762
9949,6663.8667
9950,36827.19
9951,13612.704
9952,8490.08
9953,10247.703
9954,5070.4697
9955,6976.203
9956,14811.854
9957,10678.642
9958,8666.941
9959,27379.6
9960,13333.104
9961,9116.396
9962,91290.34
9963,11508.352
9964,205923.95
9965,130626.77
9966,6927.053
9967,7737.8887
9968,4331.93
9969,4505.6943
9970,89382.27
9971,7601.6816
9972,8304.424
9973,6228.229
9974,26395.346
9975,151821.38
9976,3460.385
9977,134196.92
9978,46060.27
9979,9112.171
9980,5695.6143
9981,14222.583
9982,6325.42
9983,8094.1636
9984,15982.326
9985,254935.4
9986,68707.125
9987,11594.389
9988,6607.408
9989,10830.1045
9990,8199.898
9991,4960.4385
9992,15633.945
9993,9378.989
9994,20329.438
9995,9014.431
9996,31332.613
9997,2860.1401
9998,6749.8325
9999,8742.659
10000,7963.6694
10001,61579.89
10002,5903.054
10003,8098.1343
10004,7834.364
10005,5407.867
10006,273779.0
10007,60032.766
10008,13414.71
10009,7108.4707
10010,33708.73
10011,9297.65
10012,8241.064
10013,8247.087
10014,9012.21
10015,6732.232
10016,5163.644
10017,14485.987
10018,22830.838
10019,4210.3926
10020,17624.514
10021,6216.0723
10022,28679.773
10023,8910.181
10024,6063.024
10025,5796.413
10026,5395.8057
10027,116910.32
10028,4745.033
10029,6085.6377
10030,7093.713
10031,53475.44
10032,9414.339
10033,14596.241
10034,7749.971
10035,17605.713
10036,12928.859
10037,11192.277
10038,6824.318
10039,66405.54
10040,6315.475
10041,5806.6504
10042,20490.785
10043,4969.9272
10044,130349.05
10045,15865.771
10046,7336.975
10047,16429.182
10048,13267.031
10049,6809.435
10050,7527.0693
10051,6718.28
10052,14289.725
10053,5229.083
10054,4575.4775
10055,8007.933
10056,9208.862
10057,10535.216
10058,43377.81
10059,195979.3
10060,53210.848
10061,9359.364
10062,8995.833
10063,9285.842
10064,3427.9607
10065,4972.534
10066,16787.018
10067,197656.27
10068,7398.2593
10069,23893.184
10070,10718.382
10071,29742.66
10072,15699.249
10073,5769.496
10074,16665.518
10075,13898.124
10076,11916.432
10077,10824.71
10078,7643.709
10079,6007.9736
10080,8444.212
10081,27998.625
10082,9056.966
10083,258113.55
10084,8587.249
10085,11179.268
10086,5664.877
10087,4856.633
10088,4890.8223
10089,6481.319
10090,6356.349
10091,5357.213
10092,13006.001
10093,7885.8013
10094,5205.7666
10095,63250.12
10096,5607.2383
10097,6790.859
10098,11689.224
10099,17295.777
10100,6389.961
10101,6753.5576
10102,7579.0034
10103,21492.596
10104,5496.8716
10105,7839.887
10106,12712.791
10107,53568.26
10108,4271.6865
10109,8156.297
10110,147460.19
10111,22928.254
10112,10851.809
10113,7250.5776
10114,10435.096
10115,5066.6587
10116,2054.5586
10117,21543.209
10118,4483.197
10119,5501.869
10120,6133.449
10121,14486.086
10122,5348.4517
10123,18167.889
10124,15634.181
10125,7618.7495
10126,8694.538
10127,7839.007
10128,4898.378
10129,18569.588
10130,10978.733
10131,34450.086
10132,9654.592
10133,9358.05
10134,41264.445
10135,13091.38
10136,7479.6978
10137,10076.295
10138,5457.5645
10139,46532.777
10140,7463.5796
10141,50568.633
10142,28634.295
10143,39971.566
10144,13810.177
10145,5897.027
10146,7541.7944
10147,16835.588
10148,13424.049
10149,10026.537
10150,6630.3086
10151,3594.361
10152,5249.2114
10153,37325.527
10154,7498.3994
10155,22385.447
10156,10907.044
10157,155684.47
10158,4343.9346
10159,13006.094
10160,9943.108
10161,7778.734
10162,9523.255
10163,153391.77
10164,42007.145
10165,44804.645
10166,153653.2
10167,6130.043
10168,15175.714
10169,6025.0483
10170,26228.664
10171,7964.339
10172,5182.8525
10173,5370.627
10174,42580.707
10175,7889.9863
10176,18773.094
10177,7561.257
10178,6473.031
10179,20140.117
10180,9682.384
10181,7986.3447
10182,21461.86
10183,19670.34
10184,8900.182
10185,6180.341
10186,8088.0273
10187,5754.3955
10188,8067.622
10189,4972.534
10190,7927.895
10191,5835.5938
10192,5136.669
10193,10649.644
10194,5342.333
10195,8669.462
10196,29817.91
10197,6494.976
10198,5815.6387
10199,11312.696
10200,15221.09
10201,7322.1357
10202,6077.1562
10203,6704.6772
10204,4268.5312
10205,7442.774
10206,9338.582
10207,7388.746
10208,17956.154
10209,10787.497
10210,13588.68
10211,13140.687
10212,7426.9287
10213,3744.5771
10214,10893.196
10215,4776.707
10216,5605.4966
10217,31530.617
10218,7210.12
10219,11073.284
10220,27148.773
10221,38985.723
10222,7098.5654
10223,58193.824
10224,7495.843
10225,89913.734
10226,5937.854
10227,8486.582
10228,148805.44
10229,6502.271
10230,7158.1567
10231,4807.7305
10232,115438.68
10233,9400.541
10234,4838.5728
10235,13856.9795
10236,142840.25
10237,6498.9233
10238,38484.766
10239,5403.4697
10240,7774.0728
10241,11925.341
10242,6683.596
10243,13560.401
10244,6319.766
10245,23547.807
10246,13667.078
10247,9137.726
10248,53214.81
10249,6388.5664
10250,5992.563
10251,8674.373
10252,19639.863
10253,25059.418
10254,6503.4097
10255,10560.147
10256,36503.316
10257,5741.4204
10258,10333.006
10259,55266.18
10260,10134.116
10261,7337.03
10262,47626.055
10263,4000.902
10264,11740.017
10265,5257.5884
10266,7368.486
10267,15225.955
10268,7117.4844
10269,65937.92
10270,105230.66
10271,4560.226
10272,13369.744
10273,12783.156
10274,62224.375
10275,7623.0923
10276,20602.568
10277,16179.331
10278,6510.6357
10279,10874.213
10280,37682.125
10281,19894.115
10282,6252.4277
10283,7693.836
10284,4456.693
10285,7055.724
10286,15673.672
10287,8084.5967
10288,7324.435
10289,12870.411
10290,22633.492
10291,7800.54
10292,4800.7114
10293,8090.2686
10294,14010.38
10295,5595.673
10296,4140.1123
10297,202463.45
10298,67496.29
10299,9732.187
10300,6297.5654
10301,7117.9272
10302,4443.296
10303,80070.79
10304,35727.715
10305,8229.2295
10306,8030.336
10307,3571.0652
10308,9341.056
10309,120938.41
10310,16853.617
10311,11876.153
10312,6649.7495
10313,5123.9375
10314,4096.3677
10315,29236.312
10316,11038.612
10317,11581.624
10318,11032.661
10319,11279.7295
10320,6795.416
10321,43154.184
10322,9028.081
10323,4542.576
10324,45227.465
10325,6933.429
10326,43282.15
10327,7159.7217
10328,4314.4336
10329,21970.297
10330,70268.266
10331,8652.999
10332,55465.938
10333,7610.3125
10334,12668.471
10335,3982.5256
10336,13915.455
10337,9481.0205
10338,6338.1973
10339,54580.223
10340,48334.11
10341,6750.8213
10342,7833.8755
10343,7184.293
10344,8284.759
10345,52511.97
10346,11551.789
10347,11320.773
10348,10474.313
10349,110373.09
10350,7852.5864
10351,5881.4004
10352,9652.115
10353,8441.848
10354,4983.531
10355,9943.698
10356,8174.0806
10357,20567.783
10358,196166.7
10359,6295.947
10360,22090.11
10361,6753.3237
10362,7700.66
10363,6996.5186
10364,13619.508
10365,6319.7686
10366,7925.385
10367,6498.541
10368,8458.5625
10369,13523.771
10370,51310.523
10371,16492.598
10372,11645.078
10373,23850.336
10374,15356.271
10375,8864.472
10376,4130.693
10377,4591.902
10378,16236.442
10379,58319.613
10380,7479.1636
10381,4271.7783
10382,7365.8994
10383,16562.227
10384,121589.984
10385,9365.762
10386,6196.6733
10387,7405.738
10388,8115.2134
10389,15989.837
10390,5747.853
10391,11075.895
10392,63352.496
10393,12894.035
10394,6482.9844
10395,10933.443
10396,16665.555
10397,53370.312
10398,45498.934
10399,7587.865
10400,50809.51
10401,58914.215
10402,7653.9473
10403,55280.22
10404,9642.046
10405,11276.526
10406,5734.2383
10407,7826.3433
10408,6378.4043
10409,5854.389
10410,52544.797
10411,40640.88
10412,6814.327
10413,10459.805
10414,92266.625
10415,54421.637
10416,11194.633
10417,11100.582
10418,19353.383
10419,6648.454
10420,11469.526
10421,19403.107
10422,97851.08
10423,10191.901
10424,20943.246
10425,8438.008
10426,11020.1
10427,13287.736
10428,9820.142
10429,8456.17
10430,10786.076
10431,9865.326
10432,11107.378
10433,41332.477
10434,5973.756
10435,9509.159
10436,9903.452
10437,97820.266
10438,6227.3604
10439,10332.446
10440,8611.65
10441,7945.9434
10442,10117.557
10443,17688.94
10444,5611.4897
10445,41174.25
10446,9649.753
10447,8444.068
10448,6614.926
10449,11077.53
10450,5505.652
10451,7515.2603
10452,5508.3765
10453,43656.832
10454,6656.493
10455,17511.008
10456,18006.98
10457,5441.124
10458,7000.4624
10459,16937.516
10460,5556.1816
10461,5142.6562
10462,19215.135
10463,7740.112
10464,114789.12
10465,19421.87
10466,7264.7295
10467,5429.8057
10468,6454.6177
10469,42486.78
10470,10686.807
10471,150495.34
10472,8076.8394
10473,4894.6
10474,8534.974
10475,6369.164
10476,6087.099
10477,11472.836
10478,16956.672
10479,55272.74
10480,5460.4126
10481,4166.6953
10482,8355.065
10483,12353.324
10484,4588.391
10485,5565.961
10486,9902.966
10487,13984.383
10488,8429.862
10489,17614.693
10490,7770.9478
10491,12360.34
10492,137607.28
10493,7838.8657
10494,31649.373
10495,131431.16
10496,32722.61
10497,7664.9478
10498,7223.1543
10499,5186.1313
10500,6073.966
10501,6403.9688
10502,86942.664
10503,6411.4463
10504,18472.742
10505,26918.316
10506,6492.457
10507,22037.953
10508,4916.588
10509,53772.746
10510,15906.464
10511,106656.445
10512,6113.234
10513,54354.773
10514,5779.2993
10515,16029.177
10516,11644.608
10517,7857.7285
10518,7467.02
10519,24258.344
10520,8216.491
10521,5219.8354
10522,7814.282
10523,10233.276
10524,8897.62
10525,7884.938
10526,12921.075
10527,5789.2207
10528,46283.332
10529,18280.572
10530,10872.835
10531,8694.968
10532,20656.598
10533,16396.186
10534,16186.218
10535,25628.15
10536,4958.4004
10537,50159.926
10538,9408.609
10539,12881.388
10540,7007.959
10541,6198.316
10542,184648.45
10543,79932.96
10544,5927.0703
10545,8989.299
10546,3864.909
10547,5941.328
10548,27135.678
10549,8051.6904
10550,6597.512
10551,9211.211
10552,12125.743
10553,6093.147
10554,95739.48
10555,9345.842
10556,6386.785
10557,16414.242
10558,5705.0977
10559,8524.603
10560,5174.865
10561,16067.924
10562,5283.852
10563,29834.934
10564,6934.0425
10565,6033.57
10566,210218.69
10567,19963.266
10568,18377.719
10569,12827.966
10570,50903.85
10571,13041.764
10572,7734.947
10573,72381.96
10574,6094.57
10575,69528.87
10576,9646.288
10577,6282.904
10578,8503.821
10579,13660.729
10580,5849.2393
10581,5718.2734
10582,6631.172
10583,10190.153
10584,4612.021
10585,7815.161
10586,11943.01
10587,10370.595
10588,5045.3916
10589,11607.408
10590,71410.6
10591,5641.2896
10592,10782.625
10593,4214.6616
10594,7028.252
10595,40005.543
10596,11270.833
10597,13843.13
10598,16036.311
10599,4595.528
10600,5997.108
10601,92564.805
10602,7153.66
10603,7259.1655
10604,6758.2876
10605,32480.432
10606,10970.618
10607,4751.1753
10608,9875.602
10609,12325.09
10610,9998.181
10611,13041.284
10612,11091.179
10613,22282.545
10614,14174.495
10615,34694.43
10616,7801.776
10617,37877.23
10618,38814.992
10619,3590.8584
10620,9859.703
10621,3659.3767
10622,4195.572
10623,4397.104
10624,6079.31
10625,5370.6357
10626,79678.125
10627,10202.673
10628,8046.804
10629,5846.215
10630,7159.307
10631,6538.789
10632,11159.082
10633,14966.57
10634,7243.023
10635,7244.873
10636,7063.061
10637,61231.184
10638,176112.78
10639,7550.3833
10640,7841.576
10641,111726.086
10642,5488.2266
10643,9769.075
10644,192587.39
10645,7202.5684
10646,8770.912
10647,7303.4307
10648,139094.53
10649,7072.845
10650,11282.3
10651,169609.5
10652,8467.787
10653,14024.203
10654,11241.304
10655,13703.846
10656,29444.518
10657,4891.1436
10658,6544.3877
10659,5901.2935
10660,13457.569
10661,7183.1226
10662,14956.267
10663,9040.239
10664,6295.14
10665,15364.759
10666,26719.771
10667,14396.553
10668,7184.855
10669,5299.765
10670,12214.637
10671,8355.229
10672,4302.8164
10673,106708.89
10674,13100.673
10675,6497.3667
10676,63770.78
10677,10939.898
10678,13169.986
10679,21839.781
10680,5351.877
10681,6257.195
10682,18640.049
10683,38515.45
10684,21846.506
10685,7562.0146
10686,9018.337
10687,10007.551
10688,4371.5127
10689,36305.043
10690,6285.451
10691,15346.731
10692,9482.977
10693,27862.424
10694,9409.697
10695,7409.557
10696,6689.8086
10697,12134.864
10698,6297.5713
10699,5337.5356
10700,4912.646
10701,4271.6255
10702,8871.625
10703,7488.2393
10704,7676.5293
10705,9850.636
10706,6095.5747
10707,32879.305
10708,5643.2305
10709,7734.0146
10710,41385.938
10711,7550.084
10712,18603.828
10713,10435.913
10714,10982.546
10715,11940.389
10716,7920.598
10717,161956.83
10718,11201.318
10719,123645.31
10720,91290.34
10721,51118.22
10722,19902.615
10723,6577.8013
10724,4378.1094
10725,31332.613
10726,6490.9536
10727,6600.0176
10728,196129.56
10729,10234.872
10730,69422.83
10731,7416.9834
10732,5841.297
10733,6471.1875
10734,6659.219
10735,97686.96
10736,55792.035
10737,8819.98
10738,10326.423
10739,14734.79
10740,3565.053
10741,17749.238
10742,3524.4966
10743,108091.42
10744,11621.34
10745,61513.027
10746,31580.285
10747,6019.6123
10748,6898.6606
10749,27292.568
10750,29293.773
10751,9263.82
10752,8315.879
10753,6134.9146
10754,8864.033
10755,141577.1
10756,17819.205
10757,11565.692
10758,14060.889
10759,13430.764
10760,11530.854
10761,9661.848
10762,20625.234
10763,63325.68
10764,6925.2437
10765,5750.0493
10766,6542.2446
10767,3618.0493
10768,2987.6538
10769,10922.025
10770,51118.22
10771,8763.284
10772,4348.098
10773,21820.248
10774,6343.695
10775,9338.015
10776,194522.14
10777,60058.09
10778,41939.977
10779,3693.1501
10780,6792.7017
10781,98609.04
10782,44892.13
10783,12263.939
10784,8009.7065
10785,9994.999
10786,7250.1045
10787,6356.9014
10788,13652.568
10789,22256.393
10790,6883.1963
10791,9807.08
10792,7872.8213
10793,7909.5806
10794,15085.903
10795,8217.706
10796,6081.1094
10797,8782.083
10798,6819.1987
10799,119796.13
10800,25665.49
10801,4016.8384
10802,6298.0396
10803,91622.375
10804,4779.6206
10805,10081.666
10806,5594.448
10807,10408.145
10808,46283.332
10809,7691.3223
10810,6281.133
10811,9044.884
10812,7855.418
10813,17939.09
10814,13414.916
10815,9473.099
10816,80906.805
10817,64277.19
10818,48219.598
10819,126556.16
10820,4218.941
10821,3814.05
10822,33238.797
10823,39978.457
10824,16019.244
10825,43358.547
10826,9471.498
10827,6522.594
10828,7430.27
10829,8149.8027
10830,19512.182
10831,27968.988
10832,1620.3107
10833,13237.004
10834,8880.851
10835,6503.61
10836,6392.6094
10837,7972.7544
10838,51273.285
10839,34953.63
10840,6218.5986
10841,6863.015
10842,90902.305
10843,18721.234
10844,6948.3193
10845,12545.262
10846,5547.028
10847,7470.72
10848,6274.9355
10849,14873.967
10850,89315.32
10851,12508.923
10852,139430.83
10853,5121.5454
10854,5976.0757
10855,5309.5996
10856,15147.191
10857,18153.781
10858,10897.576
10859,10443.748
10860,12863.394
10861,8357.692
10862,6954.1133
10863,8842.665
10864,8257.148
10865,8733.4375
10866,10404.559
10867,34812.906
10868,8483.43
10869,20334.88
10870,8648.21
10871,14135.199
10872,35829.445
10873,12160.495
10874,5355.4487
10875,8785.239
10876,7440.225
10877,12858.7
10878,68905.63
10879,6571.5493
10880,7527.0693
10881,7231.593
10882,10956.668
10883,13897.641
10884,5320.9126
10885,6002.6807
10886,5840.2896
10887,8027.1035
10888,5444.894
10889,6563.9893
10890,4854.6377
10891,8279.283
10892,28935.293
10893,35737.625
10894,34589.14
10895,10873.662
10896,7565.892
10897,9679.43
10898,6884.272
10899,64277.19
10900,7586.9985
10901,10924.179
10902,14191.446
10903,6007.3594
10904,40030.406
10905,9656.337
10906,7052.0063
10907,4614.6304
10908,15373.286
10909,10492.454
10910,46283.332
10911,4422.682
10912,10023.682
10913,10312.315
10914,9944.203
10915,7043.0156
10916,27140.299
10917,10738.818
10918,170487.81
10919,9859.828
10920,15864.177
10921,10013.887
10922,153696.1
10923,8701.735
10924,5775.233
10925,6004.2695
10926,8635.764
10927,9665.267
10928,7625.214
10929,7370.3574
10930,14207.228
10931,1023.09454
10932,9251.735
10933,5991.414
10934,10886.725
10935,4406.0854
10936,23302.557
10937,127885.83
10938,9432.229
10939,55683.234
10940,15196.01
10941,9361.193
10942,85482.664
10943,6238.647
10944,11689.72
10945,26808.291
10946,25447.71
10947,12262.787
10948,10089.85
10949,5091.9395
10950,9069.269
10951,76629.914
10952,6370.4214
10953,10434.37
10954,16322.486
10955,4775.8916
10956,36294.656
10957,50900.45
10958,4592.2666
10959,8510.084
10960,5285.555
10961,7772.237
10962,6744.556
10963,7599.909
10964,5662.1284
10965,110072.055
10966,5752.029
10967,53844.1
10968,11011.122
10969,5363.819
10970,37922.562
10971,8147.9893
10972,14302.312
10973,5888.2627
10974,5816.2163
10975,8377.465
10976,13719.231
10977,5830.3706
10978,11277.088
10979,5676.8545
10980,5802.216
10981,28182.9
10982,161956.83
10983,8571.982
10984,68403.07
10985,8976.82
10986,8009.981
10987,7892.408
10988,7769.644
10989,15195.613
10990,13978.323
10991,4428.1406
10992,28778.889
10993,117213.945
10994,13094.626
10995,6560.7
10996,10363.784
10997,5928.1094
10998,44443.098
10999,95465.54
11000,10177.621
11001,68869.625
11002,9115.008
11003,9095.805
11004,4545.3066
11005,32742.783
11006,6737.2256
11007,10594.699
11008,7204.249
11009,7487.08
11010,52483.137
11011,17506.74
11012,8848.553
11013,25196.158
11014,8659.379
11015,71930.57
11016,9649.41
11017,8323.47
11018,2811.5427
11019,314409.0
11020,11610.947
11021,7549.056
11022,68583.3
11023,4841.179
11024,5325.659
11025,6725.492
11026,33172.957
11027,6164.046
11028,3247.8276
11029,5904.5264
11030,5899.626
11031,8272.092
11032,8598.077
11033,7155.9775
11034,18956.713
11035,19992.463
11036,53868.21
11037,4211.6064
11038,195979.3
11039,7309.825
11040,6663.0884
11041,63908.76
11042,7154.9604
11043,30145.975
11044,79492.01
11045,7418.132
11046,15120.402
11047,5172.283
11048,5516.837
11049,17111.111
11050,13685.519
11051,9174.57
11052,19515.672
11053,15941.201
11054,50219.73
11055,15701.235
11056,10060.532
11057,7039.0083
11058,61422.633
11059,8517.139
11060,106342.875
11061,10465.604
11062,54379.777
11063,5216.7007
11064,26994.062
11065,8975.944
11066,4434.7583
11067,5987.181
11068,8387.217
11069,14149.186
11070,5608.4443
11071,5477.663
11072,12039.616
11073,6904.3833
11074,209520.98
11075,7238.0205
11076,9893.773
11077,18675.986
11078,7799.5215
11079,7736.544
11080,14813.433
11081,8874.826
11082,20567.783
11083,4994.334
11084,100161.97
11085,8244.182
11086,19901.121
11087,108080.0
11088,10246.05
11089,7727.4966
11090,11808.931
11091,20798.508
11092,4006.638
11093,21538.682
11094,7071.484
11095,11679.875
11096,7503.9614
11097,162500.16
11098,7675.3057
11099,6715.918
11100,6180.0986
11101,3790.2031
11102,21309.186
11103,5121.5454
11104,16069.193
11105,7911.441
11106,6129.363
11107,6964.4917
11108,6636.771
11109,14350.453
11110,18048.87
11111,8668.931
11112,7358.081
11113,18452.021
11114,5998.4717
11115,6756.751
11116,8083.1543
11117,7440.8022
11118,19973.695
11119,31526.662
11120,11148.743
11121,11524.764
11122,20836.135
11123,4789.7314
11124,14666.7705
11125,9219.377
11126,50608.727
11127,12321.97
11128,40349.254
11129,5148.5645
11130,85182.086
11131,11747.573
11132,9261.528
11133,7310.825
11134,5467.62
11135,139586.72
11136,4816.4404
11137,21346.854
11138,11753.48
11139,12320.207
11140,8721.259
11141,6120.814
11142,16118.007
11143,194522.14
11144,15077.919
11145,5753.744
11146,7945.1763
11147,10433.939
11148,6338.55
11149,17044.088
11150,10250.263
11151,7294.588
11152,8485.745
11153,26845.99
11154,56072.11
11155,10730.523
11156,20971.629
11157,6874.264
11158,7966.622
11159,8063.941
11160,6899.49
11161,6069.2505
11162,6228.3438
11163,7364.711
11164,8057.5815
11165,16788.664
11166,3168.2153
11167,72600.14
11168,28009.318
11169,5701.594
11170,9026.929
11171,22128.03
11172,290118.1
11173,9124.202
11174,23845.258
11175,7554.1064
11176,10944.248
11177,48453.918
11178,5618.0527
11179,19434.717
11180,11564.736
11181,6542.906
11182,5705.534
11183,7500.2573
11184,11407.174
11185,920.0416
11186,17020.145
11187,4245.0938
11188,8351.982
11189,149784.03
11190,8127.141
11191,9778.538
11192,8770.801
11193,7369.216
11194,11165.3
11195,9430.072
11196,6482.1763
11197,9092.622
11198,4634.993
11199,15265.537
11200,26753.1
11201,7513.2207
11202,10552.928
11203,9560.017
11204,8700.805
11205,5535.453
11206,7249.437
11207,105581.875
11208,39965.22
11209,6277.4146
11210,8052.9565
11211,7438.0547
11212,9105.088
11213,5457.8022
11214,21554.951
11215,7106.117
11216,8786.756
11217,8624.555
11218,16781.674
11219,6491.0977
11220,8903.341
11221,8067.9917
11222,7397.754
11223,21546.4
11224,133819.73
11225,12938.193
11226,7250.13
11227,6754.7744
11228,5045.3916
11229,7790.988
11230,8845.794
11231,15918.723
11232,6260.1255
11233,15775.2
11234,4906.2407
11235,10937.809
11236,14374.568
11237,166420.61
11238,7918.0894
11239,22903.85
11240,22166.412
11241,3591.0125
11242,25180.264
11243,4084.7302
11244,7675.7583
11245,9112.348
11246,46080.344
11247,4963.892
11248,4072.8564
11249,27467.273
11250,8174.3525
11251,4096.3677
11252,17594.006
11253,4419.51
11254,9586.095
11255,4790.966
11256,8903.629
11257,7322.782
11258,5459.07
11259,22260.666
11260,11777.9375
11261,7288.028
11262,17631.27
11263,8324.64
11264,11934.644
11265,7346.976
11266,16236.458
11267,43274.83
11268,147745.11
11269,7920.98
11270,16232.529
11271,7955.2695
11272,6653.6895
11273,54604.688
11274,22762.268
11275,9539.685
11276,3945.9934
11277,9871.675
11278,3663.2756
11279,6836.114
11280,12640.827
11281,7669.5034
11282,6580.3745
11283,16835.65
11284,5260.979
11285,8939.185
11286,12374.797
11287,8827.279
11288,27778.816
11289,4724.226
11290,17671.887
11291,17282.021
11292,8242.603
11293,150820.61
11294,7640.608
11295,31016.35
11296,44962.11
11297,5464.78
11298,41844.97
11299,13717.775
11300,8122.942
11301,4544.3706
11302,7399.4478
11303,7317.3843
11304,10399.095
11305,8618.674
11306,4739.7065
11307,98790.4
11308,5896.2085
11309,5377.419
11310,12988.191
11311,4452.9043
11312,9189.361
11313,6233.6455
11314,56246.63
11315,7553.826
11316,4298.749
11317,98959.89
11318,214154.2
11319,302484.7
11320,8555.946
11321,9314.457
11322,5760.6943
11323,9917.725
11324,6580.3745
11325,24869.732
11326,12032.341
11327,5731.0376
11328,52451.527
11329,8285.912
11330,8151.6504
11331,6064.9546
11332,16860.54
11333,4602.2017
11334,4253.814
11335,9182.191
11336,5507.1826
11337,13149.241
11338,9340.117
11339,133329.6
11340,8524.662
11341,8269.085
11342,99927.7
11343,14805.922
11344,8663.643
11345,290118.1
11346,5699.2417
11347,6768.484
11348,8127.9805
11349,6160.616
11350,31856.152
11351,17924.951
11352,49769.46
11353,10419.402
11354,18267.408
11355,7448.498
11356,16234.307
11357,8388.946
11358,6730.8047
11359,10748.962
11360,17258.914
11361,8802.746
11362,29117.043
11363,3434.764
11364,16854.182
11365,6518.964
11366,6669.887
11367,6759.3384
11368,9711.808
11369,17568.754
11370,28529.352
11371,12688.574
11372,17680.475
11373,9130.081
11374,16896.43
11375,50417.12
11376,32403.857
11377,9297.58
11378,5419.3745
11379,7938.21
11380,29971.205
11381,9445.939
11382,7822.7075
11383,68583.3
11384,6567.1104
11385,112015.49
11386,159823.11
11387,4536.5044
11388,6958.884
11389,5997.188
11390,5879.982
11391,8886.768
11392,9143.048
11393,5505.7505
11394,9400.038
11395,43073.777
11396,141213.77
11397,7060.244
11398,8185.273
11399,13612.854
11400,27160.414
11401,22578.95
11402,4883.5034
11403,11533.776
11404,13559.737
11405,4919.9546
11406,7398.1875
11407,11632.327
11408,7381.1265
11409,14586.127
11410,16490.361
11411,12505.5
11412,7072.845
11413,11396.887
11414,129836.56
11415,5073.048
11416,8850.2295
11417,13788.756
11418,9275.076
11419,5889.5356
11420,49266.824
11421,8335.573
11422,133585.7
11423,8510.296
11424,9214.628
11425,7932.41
11426,10243.568
11427,8802.49
11428,24916.986
11429,9091.756
11430,6242.851
11431,12733.133
11432,5553.507
11433,11661.967
11434,66726.945
11435,7973.439
11436,19677.08
11437,10630.45
11438,5545.0776
11439,9405.096
11440,6917.016
11441,5409.9697
11442,7252.5796
11443,9767.194
11444,7036.0693
11445,111354.44
11446,7047.3154
11447,4823.6616
11448,47626.055
11449,6750.939
11450,7863.0776
11451,8964.406
11452,7397.477
11453,17851.402
11454,6139.746
11455,15374.91
11456,6772.208
11457,17360.379
11458,7144.393
11459,6072.4434
11460,5043.8247
11461,14940.021
11462,137482.12
11463,6361.2056
11464,8930.838
11465,10852.045
11466,82001.625
11467,81437.69
11468,10787.573
11469,35520.15
11470,7960.8657
11471,12687.255
11472,52544.797
11473,7068.4307
11474,5366.5986
11475,5825.5234
11476,8157.734
11477,253984.84
11478,14311.25
11479,8335.288
11480,17927.188
11481,5126.9453
11482,257716.16
11483,6776.701
11484,11283.08
11485,11272.94
11486,10125.581
11487,7690.1987
11488,115152.1
11489,8441.848
11490,7505.399
11491,10944.248
11492,4991.7446
11493,29922.393
11494,31424.541
11495,36637.1
11496,7956.2026
11497,7742.976
11498,6668.1436
11499,24036.045
11500,113062.74
11501,6004.6445
11502,41211.684
11503,12369.269
11504,7410.316
11505,5315.581
11506,6422.2363
11507,26875.623
11508,9179.401
11509,12402.661
11510,7652.75
11511,114334.99
11512,6298.1807
11513,12657.445
11514,6359.9253
11515,6315.475
11516,6213.2603
11517,7327.1094
11518,6993.5386
11519,6487.246
11520,11968.029
11521,60037.766
11522,19559.648
11523,9327.216
11524,7786.2607
11525,142163.45
11526,38676.21
11527,23379.605
11528,18078.293
11529,9619.158
11530,9046.572
11531,54219.9
11532,63450.414
11533,6197.337
11534,98317.26
11535,10060.517
11536,6053.5205
11537,90838.54
11538,6389.308
11539,61759.668
11540,8775.915
11541,7804.4155
11542,15532.219
11543,186455.2
11544,4479.145
11545,87022.37
11546,5955.981
11547,12665.458
11548,21701.602
11549,4266.0503
11550,11620.689
11551,80435.28
11552,6594.8525
11553,163879.75
11554,20701.912
11555,13597.25
11556,6580.249
11557,48018.203
11558,23738.895
11559,11442.446
11560,13299.428
11561,8883.548
11562,12536.621
11563,6414.082
11564,7616.0186
11565,6512.358
11566,5034.768
11567,16883.238
11568,6636.378
11569,3238.852
11570,13523.584
11571,25422.832
11572,7678.14
11573,7827.1836
11574,5603.844
11575,19222.736
11576,108067.35
11577,12367.786
11578,7476.7227
11579,3085.4653
11580,8385.025
11581,9997.122
11582,9785.388
11583,11302.819
11584,4568.701
11585,80455.766
11586,11518.936
11587,12993.156
11588,11674.086
11589,19308.178
11590,28927.83
11591,210412.02
11592,4258.066
11593,6179.578
11594,7158.943
11595,7522.134
11596,11455.239
11597,3214.0732
11598,69192.97
11599,4106.9478
11600,6239.131
11601,12687.157
11602,5141.794
11603,7284.124
11604,16208.155
11605,6129.438
11606,7267.439
11607,5097.025
11608,5167.442
11609,58489.273
11610,55183.61
11611,117191.77
11612,6579.469
11613,5778.554
11614,33632.277
11615,17701.285
11616,5845.9707
11617,11758.802
11618,6029.5723
11619,8651.7295
11620,6330.332
11621,7319.7295
11622,5606.0815
11623,6591.211
11624,28398.732
11625,5325.7676
11626,44484.137
11627,8688.207
11628,28591.705
11629,13366.629
11630,105645.47
11631,10638.929
11632,5359.707
11633,6547.0166
11634,5594.354
11635,4808.595
11636,4337.8203
11637,9661.31
11638,5637.021
11639,7135.485
11640,9657.531
11641,7731.904
11642,69045.31
11643,11419.245
11644,84238.664
11645,37936.95
11646,7109.8145
11647,180758.11
11648,196753.98
11649,8251.229
11650,7129.8174
11651,7661.8975
11652,8524.73
11653,14361.273
11654,22449.518
11655,47910.164
11656,9095.461
11657,7839.748
11658,15406.907
11659,80547.38
11660,198228.66
11661,29206.072
11662,11456.292
11663,115696.48
11664,6542.9824
11665,8013.9175
11666,6225.3354
11667,5077.7705
11668,150057.67
11669,294239.34
11670,25925.791
11671,7296.3877
11672,26552.865
11673,6756.528
11674,26261.6
11675,7211.2476
11676,11245.459
11677,6165.065
11678,7177.612
11679,15948.987
11680,7286.343
11681,4545.076
11682,171463.55
11683,166997.06
11684,167378.8
11685,16857.113
11686,8599.137
11687,5007.245
11688,5938.3984
11689,10239.823
11690,50164.58
11691,6106.7427
11692,18348.938
11693,340703.7
11694,11763.0205
11695,5929.3164
11696,3553.983
11697,4855.6353
11698,4545.6826
11699,5530.819
11700,5097.353
11701,9736.762
11702,7014.996
11703,28197.844
11704,15227.325
11705,87774.94
11706,6556.6577
11707,27229.15
11708,9608.603
11709,5945.0
11710,19314.371
11711,17970.309
11712,6859.61
11713,18171.95
11714,3920.0894
11715,4575.8965
11716,10901.633
11717,36604.98
11718,6153.7124
11719,9225.074
11720,7825.6006
11721,14934.409
11722,6255.433
11723,9413.637
11724,14550.245
11725,5780.543
11726,5313.411
11727,6446.465
11728,56052.277
11729,23909.445
11730,6944.481
11731,6188.5576
11732,6837.2593
11733,6016.609
11734,43487.0
11735,4721.8784
11736,7841.6943
11737,43171.55
11738,132274.98
11739,4673.6353
11740,7317.1367
11741,18391.133
11742,7289.465
11743,11884.3955
11744,107244.59
11745,4375.6636
11746,10246.05
11747,95880.88
11748,8423.367
11749,8097.8755
11750,24521.484
11751,8976.514
11752,7644.6187
11753,6077.27
11754,6980.5977
11755,11288.649
11756,5848.009
11757,6208.2656
11758,36918.04
11759,7630.6953
11760,5323.467
11761,8028.764
11762,105512.08
11763,75497.19
11764,224574.44
11765,12288.637
11766,7336.762
11767,15702.654
11768,18331.965
11769,26297.518
11770,7408.7075
11771,4141.41
11772,31944.145
11773,11977.228
11774,8388.918
11775,11256.2
11776,15846.574
11777,38772.465
11778,12236.264
11779,9551.242
11780,15152.901
11781,6805.08
11782,17590.535
11783,6056.4575
11784,171809.78
11785,183028.39
11786,31338.604
11787,11507.007
11788,10476.062
11789,6465.776
11790,13346.436
11791,5301.933
11792,7997.3086
11793,10021.346
11794,10731.839
11795,10960.78
11796,8256.9375
11797,20668.455
11798,7079.1084
11799,10487.678
11800,39313.934
11801,16458.414
11802,2385.7363
11803,8478.424
11804,9573.026
11805,4879.8374
11806,11570.247
11807,197740.89
11808,14342.148
11809,36545.25
11810,8971.508
11811,6932.741
11812,19434.533
11813,5592.39
11814,3735.4084
11815,17268.322
11816,9816.1
11817,7141.624
11818,6816.844
11819,39449.645
11820,12304.699
11821,6875.605
11822,5079.3403
11823,4700.408
11824,5857.081
11825,169502.3
11826,32171.555
11827,10640.786
11828,4359.343
11829,5630.4985
11830,5392.5034
11831,4686.171
11832,6448.799
11833,20386.932
11834,20899.98
11835,4417.977
11836,7360.5225
11837,8141.5815
11838,12319.783
11839,190796.48
11840,10552.622
11841,4217.2476
11842,3956.0112
11843,6842.022
11844,60923.297
11845,10554.053
11846,46041.72
11847,7058.9653
11848,51853.836
11849,109220.31
11850,9458.189
11851,82849.23
11852,9589.778
11853,6664.379
11854,8246.294
11855,9091.538
11856,19820.494
11857,6150.963
11858,6937.9507
11859,20635.357
11860,26580.328
11861,5794.822
11862,44907.824
11863,7177.1133
11864,9074.377
11865,9994.111
11866,7960.637
11867,6879.5293
11868,10312.315
11869,24079.734
11870,9375.756
11871,6666.9727
11872,7315.4346
11873,7381.191
11874,8503.6
11875,211348.84
11876,6889.815
11877,12397.237
11878,8165.052
11879,5189.5
11880,4922.701
11881,18889.293
11882,138553.86
11883,6962.5107
11884,25987.23
11885,6808.747
11886,7900.0947
11887,6632.369
11888,5044.818
11889,115433.21
11890,6430.8228
11891,9480.953
11892,8574.609
11893,194522.14
11894,43685.977
11895,7473.8613
11896,6630.6123
11897,9606.045
11898,15822.381
11899,20352.145
11900,11745.889
11901,7165.9272
11902,7837.364
11903,7752.547
11904,7264.451
11905,11056.367
11906,8626.251
11907,12380.51
11908,4357.2983
11909,81088.27
11910,6286.413
11911,9912.437
11912,9994.63
11913,7082.6587
11914,63342.836
11915,5956.794
11916,166997.06
11917,39705.51
11918,5508.2393
11919,17520.373
11920,14866.624
11921,5158.1045
11922,76308.03
11923,8938.637
11924,6606.4497
11925,143062.17
11926,4825.6377
11927,7301.1577
11928,6805.669
11929,18110.943
11930,15882.55
11931,5575.417
11932,103039.75
11933,49009.117
11934,9604.767
11935,11856.854
11936,5577.377
11937,21151.443
11938,8655.042
11939,11694.652
11940,11497.092
11941,7908.258
11942,5190.3594
11943,15696.428
11944,51843.406
11945,8472.89
11946,6352.2593
11947,202069.94
11948,6250.5933
11949,9291.576
11950,9950.517
11951,218008.17
11952,6706.0293
11953,5810.2427
11954,28954.672
11955,5564.406
11956,6617.431
11957,6791.2026
11958,9065.335
11959,7800.7534
11960,32262.25
11961,12443.263
11962,8193.628
11963,7334.8716
11964,9327.794
11965,18819.96
11966,4844.393
11967,15340.517
11968,6920.358
11969,7603.1855
11970,14650.21
11971,7493.634
11972,7995.311
11973,14898.987
11974,6181.4062
11975,133535.61
11976,55090.598
11977,14217.737
11978,23063.285
11979,70214.83
11980,13286.534
11981,8557.341
11982,9441.802
11983,13529.694
11984,9594.852
11985,6129.0015
11986,9671.342
11987,21114.76
11988,5783.3657
11989,15465.971
11990,14558.385
11991,7910.43
11992,5393.3184
11993,8131.401
11994,21544.63
11995,8601.01
11996,6787.077
11997,86931.68
11998,6082.113
11999,15693.777
12000,7052.0063
12001,54908.754
12002,13210.877
12003,11111.731
12004,349501.8
12005,8195.989
12006,35157.457
12007,7647.5547
12008,14467.828
12009,3816.341
12010,7866.414
12011,7653.332
12012,6164.9883
12013,8782.774
12014,108270.8
12015,5611.3564
12016,3927.4045
12017,15296.683
12018,7856.9614
12019,36503.316
12020,7521.089
12021,6159.415
12022,7836.81
12023,10237.823
12024,40552.203
12025,4562.2773
12026,35858.957
12027,5464.598
12028,20693.57
12029,5655.0166
12030,7010.3413
12031,5373.1455
12032,5576.182
12033,5980.1367
12034,51491.7
12035,5612.777
12036,6187.7266
12037,10993.677
12038,7058.306
12039,7668.7803
12040,15098.907
12041,6535.3174
12042,9927.791
12043,8582.638
12044,4037.242
12045,38019.16
12046,25150.312
12047,14692.484
12048,14008.405
12049,5210.983
12050,4489.1855
12051,5446.921
12052,93501.62
12053,12641.514
12054,6618.258
12055,6370.4487
12056,6520.284
12057,18163.137
12058,65808.17
12059,17972.91
12060,12899.2
12061,5476.344
12062,9617.987
12063,14702.233
12064,8592.49
12065,8858.448
12066,12952.463
12067,6260.09
12068,8552.773
12069,38558.348
12070,37254.883
12071,6414.765
12072,5944.8643
12073,252679.34
12074,8121.446
12075,114334.99
12076,9581.075
12077,8206.299
12078,8188.436
12079,258113.55
12080,42523.617
12081,7930.504
12082,5100.3228
12083,7531.19
12084,8095.246
12085,22219.014
12086,21515.398
12087,11592.43
12088,41226.55
12089,9728.006
12090,6697.5723
12091,3427.9607
12092,12834.917
12093,9755.694
12094,7929.773
12095,5500.1123
12096,4297.8823
12097,21012.133
12098,51021.883
12099,7652.95
12100,6146.8447
12101,4147.594
12102,18071.875
12103,12225.734
12104,122449.9
12105,26795.682
12106,5863.334
12107,6959.6123
12108,93144.33
12109,5868.884
12110,7320.214
12111,16264.738
12112,11793.518
12113,4552.7324
12114,7832.8164
12115,6384.042
12116,9490.214
12117,3719.9878
12118,6677.6816
12119,34686.49
12120,8671.2
12121,6417.6367
12122,10986.753
12123,12699.384
12124,7352.3286
12125,12226.673
12126,39664.51
12127,9779.542
12128,84618.22
12129,11308.713
12130,10234.095
12131,8298.513
12132,8760.661
12133,5697.0083
12134,7694.553
12135,197740.89
12136,6848.186
12137,21579.057
12138,6325.568
12139,8305.109
12140,11213.921
12141,16534.918
12142,26831.26
12143,38466.227
12144,11930.512
12145,49304.777
12146,156742.88
12147,5980.5825
12148,8849.907
12149,18020.602
12150,7825.5264
12151,6577.653
12152,5205.702
12153,23292.492
12154,8585.455
12155,15220.725
12156,7403.0454
12157,7832.8105
12158,15004.453
12159,4876.464
12160,38384.72
12161,7314.965
12162,6453.6665
12163,3310.091
12164,4422.682
12165,13348.686
12166,35984.773
12167,5918.3657
12168,6091.0757
12169,6283.9097
12170,9008.802
12171,12506.903
12172,5229.7124
12173,7892.1533
12174,22936.432
12175,10013.948
12176,7815.463
12177,11494.606
12178,4159.734
12179,19869.922
12180,32937.97
12181,5373.2812
12182,8336.594
12183,8670.786
12184,4810.719
12185,15143.755
12186,4711.044
12187,7636.8667
12188,6653.91
12189,15458.952
12190,5136.669
12191,6020.62
12192,5477.789
12193,8874.28
12194,7494.271
12195,5413.346
12196,6271.821
12197,13954.228
12198,6429.732
12199,132395.7
12200,11645.89
12201,25950.69
12202,6427.5527
12203,7481.699
12204,54057.547
12205,15792.766
12206,36322.062
12207,20411.25
12208,7065.817
12209,5932.5566
12210,47098.96
12211,13044.797
12212,6787.864
12213,28927.05
12214,64329.508
12215,10416.81
12216,13337.333
12217,22135.33
12218,10568.648
12219,7663.235
12220,10422.934
12221,7823.7056
12222,19485.666
12223,5843.5503
12224,6363.7183
12225,5602.294
12226,5713.612
12227,10883.885
12228,60908.508
12229,6970.4414
12230,10046.239
12231,26752.836
12232,7620.126
12233,5539.5366
12234,26214.535
12235,10226.439
12236,4825.2275
12237,5894.534
12238,140536.23
12239,10781.744
12240,24535.508
12241,4708.5454
12242,29527.94
12243,12108.374
12244,11837.296
12245,10654.176
12246,6022.8247
12247,6696.535
12248,4981.8706
12249,6730.2383
12250,33179.64
12251,7798.6206
12252,12617.353
12253,44281.586
12254,37588.723
12255,5423.1714
12256,6045.1978
12257,9661.036
12258,17115.148
12259,6291.074
12260,7954.6777
12261,125442.97
12262,6676.4727
12263,22470.387
12264,89913.734
12265,146780.33
12266,25274.65
12267,3062.9812
12268,4652.617
12269,6559.055
12270,103973.805
12271,9874.607
12272,12025.198
12273,10913.711
12274,94888.6
12275,30064.4
12276,28452.176
12277,6326.6123
12278,73621.4
12279,8782.519
12280,5594.4946
12281,7537.1714
12282,46185.39
12283,81578.13
12284,147224.86
12285,11225.597
12286,5671.636
12287,6705.8496
12288,86742.766
12289,11778.791
12290,30055.9
12291,5443.644
12292,71585.73
12293,17815.242
12294,7350.2363
12295,10286.236
12296,33937.51
12297,117191.77
12298,5771.7344
12299,7222.9214
12300,23681.451
12301,5018.4937
12302,8002.7896
12303,7436.1787
12304,4140.1123
12305,15923.983
12306,11324.526
12307,9394.869
12308,8456.17
12309,6903.594
12310,106124.93
12311,6981.334
12312,9739.984
12313,10007.225
12314,10520.845
12315,13847.497
12316,3698.1794
12317,8226.01
12318,23649.166
12319,8081.104
12320,36691.066
12321,60805.69
12322,5783.3657
12323,4025.6619
12324,12331.889
12325,8702.885
12326,24227.938
12327,7473.8613
12328,11117.644
12329,8539.613
12330,51812.266
12331,12971.989
12332,11663.672
12333,39328.766
12334,8758.839
12335,6580.0356
12336,6801.78
12337,6550.8174
12338,4570.645
12339,9296.405
12340,58319.613
12341,8226.645
12342,5230.4736
12343,8004.1636
12344,6468.013
12345,54961.777
12346,20541.97
12347,298930.44
12348,8612.515
12349,15670.993
12350,6323.212
12351,6061.1616
12352,12387.081
12353,102529.82
12354,2915.309
12355,8333.69
12356,12194.742
12357,6712.561
12358,5724.722
12359,25662.139
12360,42599.652
12361,12409.654
12362,8003.5776
12363,322141.66
12364,6591.963
12365,14386.043
12366,21015.096
12367,212092.9
12368,7421.293
12369,146997.94
12370,8439.729
12371,6422.419
12372,32130.77
12373,16264.672
12374,11977.265
12375,12355.602
12376,32481.59
12377,6859.61
12378,19164.21
12379,5213.3667
12380,11323.318
12381,7093.2305
12382,12139.244
12383,8060.401
12384,7911.936
12385,62639.85
12386,20390.873
12387,9506.542
12388,5836.0146
12389,15615.228
12390,10275.899
12391,7192.547
12392,5731.968
12393,6599.724
12394,6429.7812
12395,22171.477
12396,52184.613
12397,5474.5205
12398,18612.955
12399,8247.52
12400,6502.495
12401,12523.745
12402,11377.009
12403,9325.538
12404,6303.746
12405,8285.069
12406,10785.708
12407,10361.456
12408,7232.8315
12409,6982.891
12410,5521.6484
12411,7469.4087
12412,6040.177
12413,28494.26
12414,7547.9443
12415,8067.9917
12416,4724.226
12417,6608.4824
12418,33255.438
12419,11519.268
12420,7252.768
12421,8889.778
12422,9008.34
12423,99030.82
12424,6943.7896
12425,33933.816
12426,11650.913
12427,14393.134
12428,227451.02
12429,35026.3
12430,4232.655
12431,9056.924
12432,5132.615
12433,21212.201
12434,10121.254
12435,5698.09
12436,44631.42
12437,38838.35
12438,6713.028
12439,31516.63
12440,101344.586
12441,7294.314
12442,7764.7866
12443,106007.18
12444,180135.73
12445,32167.863
12446,11718.819
12447,68520.625
12448,14184.701
12449,6573.234
12450,8273.535
12451,9152.906
12452,7457.1167
12453,6796.723
12454,29122.941
12455,9082.949
12456,7923.9995
12457,53326.477
12458,154199.78
12459,6785.65
12460,9675.308
12461,6023.3657
12462,8211.694
12463,11919.918
12464,11524.809
12465,10023.062
12466,6391.66
12467,13185.781
12468,124374.234
12469,8167.1587
12470,6163.5977
12471,24029.441
12472,16369.118
12473,24621.03
12474,207327.12
12475,5505.6494
12476,37021.055
12477,14755.294
12478,25986.854
12479,6927.053
12480,9852.584
12481,12138.353
12482,9549.648
12483,18211.307
12484,3920.9226
12485,10030.777
12486,10719.801
12487,6520.6787
12488,30305.676
12489,7654.9014
12490,4691.2495
12491,14014.042
12492,18387.756
12493,57916.67
12494,5282.2524
12495,14068.633
12496,8406.117
12497,18491.45
12498,10795.219
12499,131550.11
12500,6027.5054
12501,11519.906
12502,5226.7163
12503,6846.343
12504,46858.65
12505,6467.212
12506,5043.17
12507,8648.21
12508,7498.1133
12509,23649.166
12510,8319.988
12511,33559.57
12512,4375.6636
12513,8067.6226
12514,22155.121
12515,53394.71
12516,32869.203
12517,77082.29
12518,6153.295
12519,11441.118
12520,6833.555
12521,81372.055
12522,5717.8823
12523,7863.3887
12524,5752.242
12525,10724.031
12526,75948.445
12527,6457.779
12528,14867.191
12529,5100.9917
12530,4635.0513
12531,5263.2954
12532,6259.5063
12533,22724.95
12534,6930.165
12535,148753.06
12536,135588.6
12537,25519.535
12538,11129.224
12539,9799.384
12540,5735.534
12541,7514.114
12542,12848.369
12543,11886.593
12544,13340.725
12545,12453.702
12546,6614.2544
12547,8844.84
12548,19916.066
12549,28783.299
12550,9461.919
12551,7352.074
12552,5001.158
12553,11916.747
12554,7381.7305
12555,10192.685
12556,21467.213
12557,6475.9053
12558,8315.919
12559,9118.8125
12560,9572.043
12561,7778.793
12562,7476.24
12563,22291.15
12564,7242.9473
12565,11028.437
12566,9868.459
12567,7183.9785
12568,7562.7515
12569,5768.6504
12570,14685.201
12571,23209.057
12572,6853.1055
12573,6756.1104
12574,4952.1904
12575,6260.2627
12576,8196.32
12577,18311.014
12578,23484.936
12579,6309.897
12580,14939.615
12581,7880.213
12582,5039.43
12583,14135.199
12584,15679.58
12585,152830.86
12586,13773.074
12587,14988.616
12588,6614.5176
12589,57575.242
12590,8325.045
12591,4020.5505
12592,72211.63
12593,4508.64
12594,12300.639
12595,4022.0051
12596,7314.1377
12597,8407.666
12598,13480.855
12599,94040.38
12600,51050.535
12601,7922.755
12602,6659.426
12603,4132.4653
12604,61521.438
12605,5095.8774
12606,13956.184
12607,4388.2266
12608,9208.576
12609,17614.318
12610,7107.867
12611,30273.096
12612,13402.757
12613,18891.12
12614,5096.6323
12615,14413.087
12616,7703.5293
12617,4293.8975
12618,10570.758
12619,6710.357
12620,6457.584
12621,13756.26
12622,31013.705
12623,9281.287
12624,4667.9497
12625,107435.625
12626,12259.524
12627,5951.939
12628,70413.96
12629,39860.504
12630,19972.756
12631,13463.209
12632,6290.307
12633,6910.909
12634,8895.18
12635,4653.7056
12636,8460.091
12637,16989.12
12638,5426.3516
12639,7704.3623
12640,16232.63
12641,146098.61
12642,8363.322
12643,11144.48
12644,12531.42
12645,7290.7876
12646,12236.921
12647,81661.08
12648,6860.72
12649,7595.875
12650,7456.814
12651,10202.709
12652,53803.277
12653,3757.383
12654,42983.438
12655,14614.9
12656,18431.834
12657,20756.535
12658,8937.807
12659,5593.6147
12660,145774.28
12661,6867.6753
12662,19532.346
12663,7342.3804
12664,18392.287
12665,12521.12
12666,18515.809
12667,6718.3735
12668,4528.2837
12669,10592.97
12670,9063.437
12671,6216.0557
12672,31323.938
12673,7764.688
12674,6741.7876
12675,35335.14
12676,27521.611
12677,6630.42
12678,47212.56
12679,9374.598
12680,5070.642
12681,8188.1353
12682,7934.4395
12683,27565.975
12684,51292.266
12685,179737.86
12686,105496.27
12687,9405.801
12688,116554.805
12689,4779.534
12690,12476.004
12691,8876.485
12692,6800.9067
12693,114190.38
12694,102622.05
12695,6138.509
12696,5389.3384
12697,6397.8916
12698,30413.719
12699,77738.266
12700,9488.27
12701,15489.274
12702,115591.94
12703,8170.049
12704,6118.101
12705,14339.196
12706,6941.595
12707,7389.8433
12708,7166.062
12709,9955.32
12710,7025.6504
12711,31806.232
12712,258113.55
12713,53176.695
12714,7171.0854
12715,22966.791
12716,9454.279
12717,54398.64
12718,29921.783
12719,5320.0723
12720,11851.352
12721,11407.297
12722,6806.548
12723,5551.338
12724,40917.76
12725,15798.532
12726,6605.202
12727,10378.988
12728,13001.777
12729,27274.584
12730,5683.683
12731,6298.008
12732,9047.722
12733,14253.04
12734,6608.5283
12735,15291.654
12736,112847.14
12737,18567.32
12738,9891.113
12739,5346.431
12740,5471.235
12741,7447.7256
12742,41353.5
12743,24312.973
12744,8952.378
12745,120180.22
12746,6560.7
12747,59726.383
12748,44243.133
12749,32508.361
12750,41108.223
12751,16274.742
12752,10756.943
12753,9056.719
12754,6963.393
12755,7941.4307
12756,49612.117
12757,11354.597
12758,70623.2
12759,4343.811
12760,18189.666
12761,9752.54
12762,10751.439
12763,4941.742
12764,7901.2715
12765,5705.321
12766,6830.9277
12767,16659.049
12768,159068.95
12769,18845.47
12770,6151.643
12771,10263.755
12772,11068.666
12773,10785.792
12774,21612.527
12775,6322.2056
12776,3138.2542
12777,8349.743
12778,3452.3464
12779,7128.6245
12780,6811.5366
12781,6567.515
12782,59314.707
12783,6454.3833
12784,210532.02
12785,7271.951
12786,6066.7114
12787,7623.294
12788,7595.104
12789,6564.766
12790,47864.75
12791,21582.064
12792,7706.0396
12793,47674.816
12794,164068.48
12795,7740.1465
12796,6459.4272
12797,6341.6973
12798,10312.315
12799,7981.6562
12800,33234.633
12801,33121.395
12802,7093.699
12803,26270.162
12804,16848.82
12805,35216.58
12806,13856.9795
12807,11851.901
12808,7719.291
12809,90455.36
12810,28935.293
12811,39364.37
12812,15679.778
12813,8517.26
12814,7065.2617
12815,12027.077
12816,27157.633
12817,12773.718
12818,8669.789
12819,12470.015
12820,10823.138
12821,24932.613
12822,43975.387
12823,5919.817
12824,5315.906
12825,7139.5483
12826,6312.586
12827,5225.243
12828,134645.94
12829,5741.0654
12830,5289.207
12831,9945.505
12832,32661.43
12833,106558.47
12834,15280.088
12835,2348.2703
12836,34265.914
12837,7738.442
12838,6429.983
12839,303800.4
12840,7088.756
12841,6216.0557
12842,9917.725
12843,11621.93
12844,8269.085
12845,6404.0527
12846,10569.907
12847,52857.6
12848,6655.887
12849,19093.27
12850,34798.83
12851,5746.9014
12852,6740.501
12853,15610.32
12854,7671.763
12855,18475.047
12856,275344.94
12857,13716.544
12858,6483.6187
12859,6851.3804
12860,6661.4365
12861,7731.9478
12862,6676.0146
12863,5528.267
12864,9101.861
12865,10042.168
12866,9515.462
12867,12797.013
12868,12783.604
12869,63743.477
12870,9757.543
12871,7849.187
12872,4136.133
12873,11981.643
12874,8219.801
12875,6308.434
12876,6494.01
12877,9069.234
12878,7344.1187
12879,5268.272
12880,9486.261
12881,12486.295
12882,9241.196
12883,13836.907
12884,6054.4976
12885,10287.861
12886,19353.383
12887,18013.92
12888,5495.347
12889,4367.223
12890,43891.895
12891,38671.766
12892,6259.777
12893,10349.235
12894,5906.1465
12895,3699.0593
12896,26367.896
12897,6369.2407
12898,8019.57
12899,43074.703
12900,7876.652
12901,11233.692
12902,9749.739
12903,8679.096
12904,13341.185
12905,7077.9385
12906,4629.8555
12907,14415.291
12908,4968.7495
12909,12189.531
12910,9635.483
12911,7622.8306
12912,7918.8965
12913,14845.067
12914,6054.1045
12915,5872.1416
12916,142393.03
12917,12390.251
12918,16859.146
12919,253947.28
12920,9886.953
12921,307169.16
12922,7868.7407
12923,9336.862
12924,7010.7505
12925,8186.158
12926,4578.974
12927,6218.9175
12928,10364.705
12929,6270.263
12930,9854.061
12931,173811.84
12932,7768.9976
12933,63543.84
12934,8927.938
12935,4998.1763
12936,95667.25
12937,4316.7026
12938,21857.986
12939,127476.41
12940,4484.6416
12941,4892.041
12942,22836.87
12943,53909.785
12944,3954.1028
12945,6573.8955
12946,20180.559
12947,26106.465
12948,10502.331
12949,7027.6875
12950,220080.66
12951,7540.485
12952,14126.166
12953,8019.7886
12954,10758.331
12955,12131.235
12956,100169.29
12957,9542.606
12958,5387.6323
12959,6571.4175
12960,4360.2153
12961,23866.285
12962,206052.47
12963,6838.1533
12964,20303.098
12965,8967.082
12966,4463.1562
12967,4282.5083
12968,10191.8125
12969,17066.654
12970,16868.91
12971,17922.242
12972,121994.94
12973,9115.255
12974,10871.895
12975,9189.043
12976,11309.928
12977,85303.984
12978,4142.447
12979,23760.674
12980,6803.667
12981,9976.267
12982,5894.534
12983,50580.94
12984,12972.603
12985,4230.6523
12986,16968.996
12987,12488.1045
12988,20963.955
12989,14541.401
12990,4612.757
12991,5313.5044
12992,6290.3354
12993,8656.761
12994,2452.8784
12995,17904.955
12996,6357.758
12997,6275.713
12998,13656.744
12999,4977.7217
13000,14689.069
13001,252679.34
13002,9117.927
13003,129254.62
13004,64633.258
13005,6744.517
13006,7460.961
13007,7394.3306
13008,41135.016
13009,7361.296
13010,8828.781
13011,55792.035
13012,17361.305
13013,12105.102
13014,8298.364
13015,11544.66
13016,6303.293
13017,28785.203
13018,44932.84
13019,6403.9336
13020,20292.43
13021,6841.2153
13022,10666.971
13023,10731.839
13024,5676.63
13025,4750.4434
13026,7955.057
13027,7028.798
13028,25374.604
13029,8501.026
13030,7401.0396
13031,6859.2188
13032,22420.732
13033,16236.442
13034,9706.609
13035,6327.617
13036,10613.713
13037,7635.0215
13038,6156.699
13039,7429.741
13040,8148.975
13041,30180.871
13042,11995.469
13043,16857.113
13044,23040.242
13045,19291.303
13046,5386.125
13047,9251.209
13048,7197.058
13049,47910.164
13050,8130.901
13051,10541.922
13052,7661.916
13053,183028.39
13054,9085.381
13055,6026.834
13056,10062.876
13057,34228.727
13058,123589.06
13059,5872.4185
13060,49009.117
13061,192535.42
13062,36393.17
13063,7399.7173
13064,16402.969
13065,7458.6914
13066,5393.829
13067,4121.6313
13068,4369.4233
13069,54221.86
13070,6575.753
13071,11831.54
13072,7915.817
13073,15475.321
13074,7822.039
13075,6890.0786
13076,10702.991
13077,7688.5317
13078,7835.1953
13079,100203.79
13080,7549.478
13081,6577.653
13082,1138.1069
13083,5677.672
13084,10501.455
13085,10897.576
13086,5140.314
13087,6145.809
13088,7055.9883
13089,11931.634
13090,67587.34
13091,11763.051
13092,17752.62
13093,4851.777
13094,10983.69
13095,76005.195
13096,7123.272
13097,7759.64
13098,8251.898
13099,4677.807
13100,49323.406
13101,7308.941
13102,5915.2964
13103,5279.166
13104,9628.5
13105,9953.182
13106,7445.3076
13107,8508.704
13108,5687.735
13109,10049.35
13110,4047.431
13111,79497.99
13112,51569.387
13113,7918.5415
13114,8194.364
13115,82716.84
13116,11324.682
13117,6105.8853
13118,5392.0664
13119,6170.8706
13120,8171.031
13121,5419.4683
13122,4834.6943
13123,5528.4307
13124,7333.8623
13125,7547.3135
13126,16396.234
13127,7601.4766
13128,7086.1113
13129,31666.92
13130,6310.759
13131,5818.324
13132,11977.265
13133,49451.22
13134,43267.6
13135,5230.262
13136,5396.251
13137,6707.594
13138,10929.729
13139,17230.23
13140,8024.096
13141,8932.231
13142,7167.414
13143,8897.912
13144,166565.97
13145,9555.427
13146,56148.035
13147,171615.02
13148,5757.624
13149,7624.3057
13150,151883.08
13151,14552.309
13152,10693.883
13153,16562.154
13154,18617.445
13155,19970.746
13156,48869.36
13157,80906.805
13158,8751.3125
13159,141081.78
13160,9431.727
13161,20855.459
13162,14435.76
13163,17711.723
13164,8248.814
13165,27713.115
13166,28788.11
13167,26320.982
13168,4909.5205
13169,23760.586
13170,15044.137
13171,7144.6353
13172,10285.222
13173,6109.953
13174,34587.406
13175,7083.742
13176,9645.515
13177,159398.36
13178,171158.77
13179,16003.544
13180,11919.697
13181,31337.863
13182,7276.461
13183,6807.672
13184,120471.97
13185,9933.877
13186,64674.164
13187,7711.163
13188,7848.0435
13189,8928.029
13190,6563.494
13191,9005.243
13192,6292.033
13193,10516.764
13194,8641.103
13195,15552.306
13196,13314.205
13197,59294.35
13198,12318.719
13199,7534.0317
13200,7469.9424
13201,9557.281
13202,4903.712
13203,4861.689
13204,6643.567
13205,23500.562
13206,6303.437
13207,5334.197
13208,13729.215
13209,7736.7666
13210,5164.5947
13211,14695.913
13212,19307.865
13213,7968.7983
13214,7805.2227
13215,22770.955
13216,8599.881
13217,9714.481
13218,18311.85
13219,7115.8623
13220,5689.691
13221,7350.613
13222,7658.9634
13223,124783.72
13224,6880.3174
13225,5597.1006
13226,14435.168
13227,7650.9746
13228,9989.805
13229,6098.977
13230,49442.44
13231,13823.322
13232,38108.758
13233,7466.372
13234,4345.782
13235,3857.8298
13236,4576.442
13237,5297.309
13238,16326.593
13239,7997.112
13240,12964.674
13241,8300.763
13242,10692.415
13243,16927.596
13244,8621.78
13245,18291.613
13246,8503.205
13247,6396.6406
13248,68583.3
13249,3656.7244
13250,7367.5503
13251,7821.9146
13252,17940.803
13253,17196.686
13254,5231.349
13255,26574.215
13256,38448.348
13257,7616.7793
13258,17385.344
13259,5765.3853
13260,5844.6206
13261,7943.917
13262,7157.5693
13263,5735.534
13264,9741.426
13265,4895.0674
13266,20993.889
13267,5819.6543
13268,5711.7046
13269,9151.4
13270,135018.7
13271,5691.0728
13272,6062.317
13273,17289.49
13274,7267.439
13275,10300.598
13276,13098.868
13277,5359.326
13278,6261.786
13279,5534.421
13280,9517.842
13281,10716.727
13282,7617.1304
13283,31554.486
13284,6035.3755
13285,72107.63
13286,6384.1167
13287,20312.969
13288,4979.932
13289,4045.1733
13290,9909.504
13291,5039.7866
13292,13072.225
13293,9727.71
13294,45498.934
13295,14454.313
13296,8015.5767
13297,162627.12
13298,9111.383
13299,46965.07
13300,4377.956
13301,3134.8193
13302,9960.071
13303,6506.582
13304,28496.95
13305,5644.0347
13306,6345.7153
13307,15521.92
13308,5815.3276
13309,4229.741
13310,8423.359
13311,15736.684
13312,98261.03
13313,5529.006
13314,6662.4043
13315,7132.617
13316,10234.372
13317,7980.5527
13318,15074.235
13319,14736.139
13320,9937.422
13321,5905.9995
13322,12930.222
13323,4241.6963
13324,20252.143
13325,10180.316
13326,7953.7515
13327,5524.532
13328,202069.94
13329,10504.822
13330,15665.741
13331,6585.4326
13332,136088.77
13333,15034.818
13334,12768.2705
13335,51894.13
13336,7682.836
13337,7620.126
13338,20659.193
13339,7766.277
13340,6307.623
13341,11349.361
13342,5009.372
13343,17921.525
13344,9648.424
13345,5028.3003
13346,10198.497
13347,8866.406
13348,6597.9595
13349,7088.0127
13350,13832.763
13351,5529.6123
13352,16501.326
13353,29533.117
13354,7093.218
13355,7281.518
13356,12198.078
13357,252679.34
13358,11372.746
13359,5816.7812
13360,10082.65
13361,6480.51
13362,10837.413
13363,11556.342
13364,6673.4824
13365,95337.69
13366,11126.411
13367,19330.771
13368,6085.618
13369,3928.43
13370,30294.285
13371,14947.354
13372,15245.69
13373,7854.458
13374,5479.2163
13375,90114.38
13376,20041.953
13377,5783.3657
13378,8936.77
13379,4297.725
13380,9256.177
13381,8087.0474
13382,13757.971
13383,107719.84
13384,8459.793
13385,4833.668
13386,13414.688
13387,35199.695
13388,8101.3667
13389,6297.183
13390,8110.37
13391,6421.6797
13392,8571.554
13393,17428.195
13394,6412.8657
13395,5656.412
13396,6275.855
13397,7912.868
13398,25883.36
13399,59614.25
13400,8042.173
13401,5957.1836
13402,8475.778
13403,5856.245
13404,8863.901
13405,4068.7722
13406,5767.4834
13407,7040.4053
13408,8952.119
13409,8266.434
13410,12153.294
13411,5506.2354
13412,21971.645
13413,18655.85
13414,9280.85
13415,6929.723
13416,5935.705
13417,6293.6045
13418,8503.341
13419,5065.445
13420,7559.345
13421,9866.593
13422,14290.034
13423,13294.088
13424,7213.0083
13425,79867.37
13426,35068.53
13427,23754.4
13428,5062.3286
13429,5587.7065
13430,11633.541
13431,6911.766
13432,3521.3965
13433,6369.0005
13434,9589.0205
13435,7811.1426
13436,7054.876
13437,14009.736
13438,13699.497
13439,6863.988
13440,19032.191
13441,9538.797
13442,4539.218
13443,41067.3
13444,22733.723
13445,8758.839
13446,11896.148
13447,7447.757
13448,72378.16
13449,13389.957
13450,5901.8433
13451,10880.756
13452,30259.95
13453,5631.6997
13454,3748.7336
13455,9918.492
13456,11930.011
13457,12333.159
13458,20842.988
13459,16943.71
13460,22412.607
13461,10091.776
13462,6072.943
13463,6025.2437
13464,9676.167
13465,13442.172
13466,16638.75
13467,12968.301
13468,32856.785
13469,8745.745
13470,8585.242
13471,2323.1008
13472,8608.605
13473,14939.615
13474,31580.285
13475,8673.0205
13476,5840.076
13477,15126.965
13478,4817.7363
13479,6397.9966
13480,19476.79
13481,4146.79
13482,3261.3376
13483,6818.1685
13484,18783.92
13485,9330.85
13486,7412.167
13487,6187.7266
13488,9256.243
13489,91039.08
13490,14669.778
13491,12679.611
13492,18891.12
13493,13072.166
13494,5454.126
13495,11439.204
13496,7819.0923
13497,118005.13
13498,8230.832
13499,6547.1177
13500,6091.1167
13501,6188.3286
13502,44394.76
13503,74660.31
13504,186823.28
13505,15149.37
13506,23614.418
13507,7101.755
13508,17559.479
13509,6334.823
13510,6905.792
13511,6572.3286
13512,5422.7812
13513,22351.906
13514,5882.435
13515,8733.408
13516,21105.844
13517,33765.67
13518,8974.526
13519,22020.205
13520,3245.441
13521,8084.7095
13522,7186.5767
13523,15250.838
13524,9203.556
13525,8065.2817
13526,42007.145
13527,44776.63
13528,7712.4565
13529,8823.551
13530,15470.979
13531,7361.8677
13532,6147.679
13533,7153.3867
13534,80097.336
13535,16201.709
13536,9682.482
13537,7657.7266
13538,55542.44
13539,7652.562
13540,3921.3303
13541,6788.8696
13542,5493.0547
13543,5424.692
13544,134303.03
13545,5611.6245
13546,8490.743
13547,4235.0356
13548,38521.926
13549,7889.973
13550,13756.269
13551,19064.268
13552,5596.5938
13553,7538.6523
13554,25047.52
13555,11123.555
13556,16192.017
13557,167332.67
13558,3452.3464
13559,8819.795
13560,8075.6206
13561,32460.88
13562,6487.1274
13563,23339.201
13564,19814.129
13565,7890.2163
13566,12964.54
13567,3868.1912
13568,8852.865
13569,19191.857
13570,55339.98
13571,4294.3794
13572,7927.8145
13573,12642.455
13574,6271.424
13575,17733.508
13576,9287.981
13577,98747.17
13578,7679.88
13579,9761.594
13580,39138.848
13581,14454.861
13582,111444.71
13583,8499.958
13584,8677.723
13585,12338.25
13586,11431.174
13587,8191.9805
13588,127885.83
13589,19126.383
13590,5836.0146
13591,7658.7056
13592,8140.332
13593,32171.555
13594,6640.6284
13595,5359.716
13596,6168.663
13597,7783.2524
13598,7083.9775
13599,5541.37
13600,16955.295
13601,9105.008
13602,8237.046
13603,13580.152
13604,4258.1753
13605,6376.305
13606,9177.2295
13607,156604.69
13608,11056.137
13609,5945.744
13610,11242.254
13611,5769.972
13612,10872.072
13613,32172.572
13614,4278.3716
13615,8664.02
13616,5602.3335
13617,8359.656
13618,7643.9707
13619,5714.189
13620,33793.07
13621,8187.072
13622,12779.216
13623,21041.979
13624,7191.854
13625,10779.051
13626,6049.7363
13627,13979.089
13628,14931.318
13629,8509.314
13630,23314.32
13631,8000.764
13632,206420.06
13633,116277.94
13634,10690.739
13635,13310.103
13636,9693.901
13637,8445.301
13638,8274.579
13639,13049.224
13640,13667.612
13641,7553.117
13642,37039.773
13643,100962.0
13644,7086.1113
13645,8536.519
13646,6034.808
13647,9181.853
13648,48901.746
13649,72968.414
13650,13968.849
13651,14300.51
13652,6793.3735
13653,8249.21
13654,228124.06
13655,6470.581
13656,26850.383
13657,6606.0986
13658,5239.6733
13659,7365.8994
13660,7571.2354
13661,12397.7705
13662,6561.2456
13663,24996.783
13664,5799.3765
13665,17143.984
13666,4997.268
13667,5628.9834
13668,6711.72
13669,6027.284
13670,7934.014
13671,107091.84
13672,9981.49
13673,37011.348
13674,19614.576
13675,7882.2803
13676,11744.015
13677,8787.591
13678,273814.84
13679,5028.3003
13680,10798.1455
13681,7223.755
13682,6720.3174
13683,11419.784
13684,9163.003
13685,5507.6914
13686,5803.0713
13687,9336.694
13688,19516.16
13689,4231.846
13690,68224.65
13691,8505.414
13692,3731.3137
13693,8986.533
13694,5179.001
13695,4512.815
13696,16678.354
13697,12386.819
13698,44443.203
13699,11471.628
13700,3619.6658
13701,7208.4214
13702,8628.142
13703,10671.926
13704,6774.209
13705,4915.8716
13706,5611.622
13707,5444.9087
13708,25378.477
13709,5714.667
13710,43425.855
13711,3744.7307
13712,7739.5293
13713,27737.463
13714,15920.462
13715,11235.068
13716,12806.984
13717,12068.801
13718,11876.77
13719,12173.955
13720,9949.713
13721,14420.21
13722,7251.184
13723,13745.712
13724,5946.5737
13725,165499.05
13726,5130.9185
13727,16198.242
13728,10756.971
13729,2752.4314
13730,5394.302
13731,22725.377
13732,6145.4277
13733,5375.0513
13734,6501.5483
13735,90110.24
13736,7569.674
13737,7011.3022
13738,107111.77
13739,46139.887
13740,8915.788
13741,8388.434
13742,7059.1865
13743,76155.51
13744,9175.319
13745,8034.0854
13746,6906.417
13747,21696.13
13748,18435.824
13749,5324.4575
13750,22441.652
13751,40219.047
13752,62170.805
13753,9816.1
13754,14501.91
13755,109461.72
13756,6986.737
13757,13910.27
13758,18060.115
13759,7097.691
13760,6829.3057
13761,25113.014
13762,6699.106
13763,6973.933
13764,9493.975
13765,23379.605
13766,6991.639
13767,12923.175
13768,6336.2563
13769,7813.8105
13770,10756.327
13771,11394.512
13772,4953.1685
13773,9852.32
13774,44296.23
13775,165316.58
13776,5058.593
13777,129294.555
13778,6393.8174
13779,37523.137
13780,4729.347
13781,40688.016
13782,16409.51
13783,19653.684
13784,8265.285
13785,12842.026
13786,13103.289
13787,7191.854
13788,4384.65
13789,8794.634
13790,8060.929
13791,4715.065
13792,15313.967
13793,6427.6855
13794,8610.375
13795,24436.213
13796,5217.044
13797,5824.7217
13798,16306.486
13799,72919.51
13800,7076.5703
13801,32949.824
13802,6595.255
13803,3978.3289
13804,21649.17
13805,22591.229
13806,6369.4795
13807,12235.415
13808,18664.066
13809,2087.9387
13810,12014.031
13811,5771.7344
13812,6759.9805
13813,7659.2905
13814,18134.229
13815,9306.244
13816,52440.348
13817,7192.9077
13818,7457.434
13819,6356.091
13820,4309.8164
13821,54003.35
13822,10658.183
13823,9535.869
13824,12610.163
13825,32678.25
13826,4242.243
13827,8862.082
13828,39239.0
13829,6932.3115
13830,123967.02
13831,7553.117
13832,7342.5664
13833,7717.066
13834,30464.48
13835,124783.72
13836,73080.875
13837,82716.84
13838,6486.076
13839,6719.447
13840,8594.408
13841,7721.0205
13842,4304.243
13843,7026.1934
13844,18691.705
13845,9585.942
13846,45839.258
13847,25964.428
13848,7805.0444
13849,8056.947
13850,9238.402
13851,7372.8564
13852,15373.239
13853,6002.092
13854,4310.5854
13855,10830.323
13856,7675.09
13857,4373.709
13858,1164.1694
13859,11934.616
13860,13145.503
13861,12826.533
13862,9093.357
13863,5224.104
13864,6787.358
13865,15032.238
13866,7053.999
13867,17644.832
13868,7620.41
13869,11230.015
13870,290952.2
13871,26368.004
13872,7004.962
13873,9571.856
13874,5968.508
13875,5667.231
13876,7028.2134
13877,58704.58
13878,5691.8555
13879,92564.805
13880,107126.164
13881,4768.2036
13882,6821.82
13883,9251.41
13884,30362.592
13885,19860.166
13886,5061.0376
13887,7837.262
13888,12920.724
13889,5482.0996
13890,6004.4224
13891,12023.879
13892,37747.56
13893,4489.865
13894,7742.7886
13895,97476.375
13896,10199.685
13897,9497.589
13898,7691.6523
13899,7322.014
13900,5783.3657
13901,35081.164
13902,4941.345
13903,4430.6377
13904,9104.651
13905,37984.836
13906,7337.7583
13907,5629.8057
13908,7202.578
13909,77785.37
13910,12413.61
13911,12055.506
13912,18602.238
13913,7538.8213
13914,27262.207
13915,8156.3438
13916,8197.069
13917,6368.118
13918,213407.77
13919,23484.936
13920,12113.132
13921,6220.6406
13922,7040.452
13923,13766.68
13924,25481.973
13925,183708.08
13926,7784.464
13927,7655.0234
13928,4512.27
13929,36691.066
13930,7323.997
13931,252679.34
13932,5389.2827
13933,44663.195
13934,12327.222
13935,14381.679
13936,30215.432
13937,68765.266
13938,5713.8345
13939,5976.888
13940,8263.009
13941,9386.942
13942,148854.4
13943,8481.965
13944,6490.3877
13945,9715.852
13946,7955.712
13947,20815.19
13948,55683.746
13949,10762.37
13950,7323.0825
13951,46654.168
13952,5897.1426
13953,5940.109
13954,5932.3447
13955,6498.2944
13956,33713.707
13957,8128.1567
13958,6431.6597
13959,5405.136
13960,6179.9834
13961,15817.724
13962,59326.785
13963,8737.352
13964,16458.795
13965,16948.635
13966,16661.67
13967,10063.902
13968,43968.89
13969,104411.805
13970,13701.0205
13971,5901.381
13972,8879.651
13973,14797.604
13974,6989.2534
13975,33925.45
13976,5135.876
13977,7022.838
13978,5153.8735
13979,7519.6777
13980,17322.281
13981,8906.26
13982,10297.388
13983,6830.8555
13984,10371.093
13985,6621.716
13986,11557.514
13987,8380.992
13988,6311.7324
13989,11780.066
13990,8644.584
13991,11126.504
13992,7669.7056
13993,5472.5444
13994,6352.073
13995,14066.219
13996,7836.2324
13997,146132.36
13998,7491.966
13999,17053.639
14000,9097.104
14001,11808.177
14002,3419.4158
14003,5398.3213
14004,12530.379
14005,9565.268
14006,6681.516
14007,11007.753
14008,17440.164
14009,8760.681
14010,7115.39
14011,7979.335
14012,16412.566
14013,5881.317
14014,70997.29
14015,8328.578
14016,62197.14
14017,10629.703
14018,307169.16
14019,5870.799
14020,7986.8213
14021,10888.454
14022,19573.168
14023,6289.771
14024,9836.267
14025,6762.235
14026,9211.65
14027,6834.7637
14028,18231.256
14029,6393.1772
14030,5836.5894
14031,8538.624
14032,17042.164
14033,6273.317
14034,7740.112
14035,27156.566
14036,7185.1265
14037,12032.165
14038,3580.0576
14039,6667.679
14040,8411.333
14041,8829.337
14042,7701.1357
14043,17076.287
14044,10009.941
14045,3605.1853
14046,172577.42
14047,47028.008
14048,18640.418
14049,5896.578
14050,92387.695
14051,7299.063
14052,6563.934
14053,21492.994
14054,7314.226
14055,8608.606
14056,8109.7935
14057,6767.0615
14058,22228.102
14059,37954.09
14060,6260.7676
14061,11850.551
14062,24565.68
14063,5821.232
14064,64849.4
14065,21216.438
14066,77621.32
14067,30610.438
14068,144381.34
14069,7170.881
14070,43858.96
14071,4784.235
14072,15205.945
14073,5864.1655
14074,11111.467
14075,13773.885
14076,6646.2656
14077,18859.475
14078,24922.014
14079,18115.385
14080,7862.6694
14081,5294.6523
14082,8422.44
14083,109757.62
14084,6078.661
14085,12028.065
14086,6627.33
14087,10463.644
14088,7747.236
14089,13830.138
14090,7166.9395
14091,5117.9663
14092,20630.955
14093,10312.539
14094,26652.047
14095,10993.866
14096,9761.254
14097,11944.015
14098,19346.104
14099,7282.0303
14100,18702.6
14101,3778.7915
14102,12201.276
14103,6725.921
14104,20001.078
14105,6501.5483
14106,5285.5527
14107,204365.16
14108,9887.625
14109,8309.057
14110,7487.5957
14111,5352.4995
14112,8413.018
14113,9343.046
14114,13760.149
14115,4918.801
14116,9573.454
14117,11355.617
14118,7167.7974
14119,18096.771
14120,6608.762
14121,310125.4
14122,131271.06
14123,5634.4365
14124,24425.533
14125,60490.098
14126,5845.274
14127,8143.901
14128,21019.857
14129,7550.9624
14130,122227.13
14131,22830.838
14132,7140.786
14133,18783.92
14134,49806.14
14135,109931.195
14136,15690.162
14137,8391.316
14138,27721.094
14139,5700.2305
14140,186509.56
14141,6356.412
14142,7991.973
14143,55501.152
14144,4271.257
14145,5151.093
14146,4327.4023
14147,8202.208
14148,8324.1
14149,4288.125
14150,90267.766
14151,7735.98
14152,7173.853
14153,214886.31
14154,9191.035
14155,20617.953
14156,5192.767
14157,52708.83
14158,20962.846
14159,16774.299
14160,8242.137
14161,4720.532
14162,7648.7266
14163,35456.03
14164,5286.757
14165,12884.173
14166,9914.404
14167,6212.8975
14168,8217.304
14169,311288.8
14170,9963.102
14171,7420.1177
14172,51903.9
14173,8266.146
14174,102700.24
14175,10236.506
14176,5432.1865
14177,5679.125
14178,10546.112
14179,42808.02
14180,2475.4912
14181,4146.79
14182,10367.77
14183,37877.23
14184,5248.177
14185,113718.016
14186,7409.247
14187,7939.219
14188,7228.898
14189,4836.875
14190,8965.619
14191,9860.914
14192,13947.303
14193,30455.469
14194,11004.342
14195,7890.286
14196,9054.254
14197,3203.231
14198,19785.066
14199,8167.107
14200,8147.7554
14201,5081.642
14202,5433.887
14203,7229.4014
14204,9960.616
14205,10222.337
14206,7468.5464
14207,22149.87
14208,36336.906
14209,81068.516
14210,23539.648
14211,12302.492
14212,148071.72
14213,11133.183
14214,9553.733
14215,15818.244
14216,22648.928
14217,61006.25
14218,6618.9614
14219,7145.4717
14220,5880.2026
14221,8626.469
14222,5832.397
14223,6548.967
14224,9693.368
14225,27940.28
14226,6757.4014
14227,47579.5
14228,200383.86
14229,10692.004
14230,6091.0757
14231,9351.472
14232,8459.36
14233,5070.1196
14234,6578.0566
14235,15309.379
14236,11324.455
14237,12987.106
14238,7088.4204
14239,5248.4155
14240,25365.031
14241,26573.188
14242,39793.156
14243,33538.844
14244,51175.414
14245,18465.932
14246,4508.903
14247,6400.305
14248,11450.532
14249,172807.19
14250,9577.568
14251,8215.482
14252,18181.238
14253,7498.1045
14254,4820.215
14255,93290.6
14256,5881.2207
14257,9056.924
14258,7406.118
14259,124631.74
14260,5980.9526
14261,17024.71
14262,78535.04
14263,6863.417
14264,85202.8
14265,51514.3
14266,7318.835
14267,18606.955
14268,278209.84
14269,10486.384
14270,6421.583
14271,5372.79
14272,6901.585
14273,11415.653
14274,12186.791
14275,128651.01
14276,11179.134
14277,65869.164
14278,174543.5
14279,6297.0635
14280,38558.348
14281,45123.195
14282,6941.3315
14283,58570.043
14284,38178.656
14285,165499.05
14286,6900.1963
14287,8174.1177
14288,6579.0195
14289,22956.023
14290,38529.926
14291,12945.315
14292,8530.927
14293,7667.788
14294,89865.98
14295,39239.0
14296,8717.09
14297,6175.613
14298,29187.5
14299,237112.03
14300,45376.73
14301,5966.5176
14302,14925.765
14303,9182.251
14304,11178.441
14305,8828.466
14306,115384.586
14307,51154.633
14308,8599.103
14309,26993.617
14310,8457.952
14311,18796.258
14312,4045.4153
14313,7901.319
14314,6544.5166
14315,191788.81
14316,28654.162
14317,7931.262
14318,215782.56
14319,7081.9385
14320,5477.7217
14321,4545.982
14322,6462.656
14323,264022.25
14324,5491.233
14325,32100.1
14326,122191.555
14327,14561.362
14328,2371.95
14329,5450.1587
14330,101052.03
14331,7116.0244
14332,4648.917
14333,11634.459
14334,6939.107
14335,4599.665
14336,7088.0127
14337,8814.489
14338,5813.3765
14339,21777.307
14340,5870.2183
14341,16454.469
14342,4677.9214
14343,1450.8286
14344,16961.943
14345,53656.9
14346,6284.557
14347,31771.55
14348,9405.8955
14349,89315.37
14350,6296.7817
14351,10181.052
14352,3992.491
14353,10352.55
14354,4976.4326
14355,6191.077
14356,11842.316
14357,16472.992
14358,9079.176
14359,8264.124
14360,35511.33
14361,5453.6733
14362,5117.5
14363,5428.647
14364,5115.5054
14365,10680.923
14366,6450.0728
14367,7886.156
14368,7996.719
14369,7204.4785
14370,8385.523
14371,9494.95
14372,5871.5376
14373,10585.094
14374,18865.422
14375,4953.9443
14376,9503.359
14377,5014.0903
14378,8379.786
14379,5787.9927
14380,7749.1245
14381,9777.856
14382,7130.9033
14383,4852.3115
14384,7827.021
14385,4760.0522
14386,3713.1873
14387,7196.269
14388,3755.4106
14389,35695.88
14390,5522.3853
14391,12412.862
14392,6035.0894
14393,18725.408
14394,6397.8203
14395,5905.8936
14396,5732.1904
14397,10416.111
14398,8404.393
14399,25676.475
14400,19303.389
14401,8944.741
14402,11720.814
14403,7183.9785
14404,165511.58
14405,4140.1216
14406,6299.497
14407,7423.0337
14408,4895.299
14409,10717.702
14410,8703.534
14411,12795.558
14412,6709.982
14413,18253.377
14414,14114.415
14415,2237.7942
14416,8235.147
14417,7306.065
14418,8928.268
14419,15945.923
14420,4210.019
14421,12942.152
14422,49527.84
14423,11334.444
14424,5835.0547
14425,28237.482
14426,12014.031
14427,30005.98
14428,7782.495
14429,83236.31
14430,6035.0894
14431,6258.9565
14432,16724.514
14433,132387.97
14434,8072.539
14435,13035.086
14436,8462.748
14437,7546.6895
14438,6042.696
14439,4779.88
14440,5395.8057
14441,6289.893
14442,11638.887
14443,50353.53
14444,23189.268
14445,15971.386
14446,5517.8555
14447,7053.7256
14448,14472.563
14449,8606.685
14450,6772.2915
14451,9189.039
14452,10578.21
14453,20677.21
14454,11107.557
14455,30633.459
14456,4962.421
14457,8921.746
14458,11067.475
14459,4923.805
14460,5458.889
14461,11282.072
14462,7459.296
14463,28208.537
14464,4934.0195
14465,4138.468
14466,5419.227
14467,62272.758
14468,13276.235
14469,203282.98
14470,4899.4243
14471,5763.8975
14472,40219.812
14473,123070.305
14474,7282.827
14475,6714.4355
14476,14307.035
14477,9806.417
14478,35786.727
14479,5349.1123
14480,8817.597
14481,16970.648
14482,14485.867
14483,62236.277
14484,46089.668
14485,7521.296
14486,6847.8726
14487,32734.229
14488,6743.636
14489,9351.472
14490,6147.5786
14491,4519.0386
14492,6779.2144
14493,8087.0835
14494,6664.6406
14495,7333.1235
14496,9471.273
14497,18547.793
14498,9893.335
14499,5766.741
14500,13614.836
14501,8777.125
14502,3546.4028
14503,11420.491
14504,8750.493
14505,8724.039
14506,19321.26
14507,9569.939
14508,29385.754
14509,5814.832
14510,72036.766
14511,5862.6406
14512,5493.719
14513,6847.2295
14514,9787.943
14515,7781.6724
14516,5303.7324
14517,7250.5444
14518,4227.5527
14519,14931.318
14520,32040.033
14521,5094.784
14522,8742.018
14523,9800.424
14524,6429.5234
14525,47878.09
14526,15263.724
14527,6360.091
14528,13310.103
14529,14536.859
14530,7018.905
14531,3468.959
14532,16378.612
14533,26678.736
14534,8393.593
14535,4460.9204
14536,6108.426
14537,27488.734
14538,5315.906
14539,7191.148
14540,20003.182
14541,52781.836
14542,7186.567
14543,10443.748
14544,6977.8003
14545,14677.9795
14546,3181.5366
14547,6420.05
14548,6813.29
14549,10075.288
14550,5247.6646
14551,10853.123
14552,6766.9404
14553,16682.95
14554,7363.4546
14555,5772.799
14556,5187.0747
14557,9458.671
14558,10358.572
14559,22816.943
14560,4775.0127
14561,29954.309
14562,7944.4463
14563,6027.4844
14564,7416.0884
14565,7576.303
14566,7237.5425
14567,5472.5444
14568,33331.598
14569,12736.749
14570,20473.895
14571,33331.58
14572,23685.613
14573,23154.557
14574,5957.72
14575,4436.15
14576,169609.5
14577,4217.112
14578,29353.928
14579,18302.027
14580,9115.149
14581,6307.853
14582,56206.242
14583,10701.126
14584,9323.506
14585,6350.099
14586,10983.721
14587,9630.268
14588,4964.7603
14589,6777.474
14590,6631.9395
14591,6786.316
14592,198688.22
14593,8167.545
14594,8798.51
14595,21783.277
14596,7657.491
14597,112402.28
14598,4660.601
14599,6683.596
14600,6390.1797
14601,20426.803
14602,7558.63
14603,13089.991
14604,7019.6045
14605,7048.867
14606,104667.73
14607,13484.356
14608,5067.6846
14609,10691.022
14610,121379.164
14611,5980.403
14612,11992.463
14613,72447.836
14614,10208.09
14615,13236.088
14616,53370.312
14617,12620.263
14618,8026.574
14619,7217.293
14620,33253.785
14621,5423.1714
14622,9060.821
14623,144078.64
14624,8688.019
14625,80809.58
14626,23566.355
14627,6649.269
14628,9103.846
14629,9210.2705
14630,24088.62
14631,12748.517
14632,10627.545
14633,6869.9023
14634,166116.36
14635,35271.285
14636,7116.2915
14637,7183.1226
14638,123651.53
14639,9674.215
14640,6983.771
14641,10855.066
14642,4265.349
14643,12456.141
14644,9064.196
14645,20730.504
14646,8810.904
14647,29162.736
14648,9454.559
14649,8225.565
14650,14459.229
14651,105198.914
14652,16796.152
14653,17385.244
14654,5304.358
14655,7340.7686
14656,16601.486
14657,21826.234
14658,15035.962
14659,7628.657
14660,7415.4087
14661,7184.3115
14662,125025.695
14663,4751.986
14664,5713.8687
14665,46255.844
14666,8931.025
14667,6683.307
14668,8662.464
14669,4467.132
14670,12899.618
14671,8185.898
14672,41215.28
14673,23554.215
14674,35703.77
14675,10037.648
14676,181322.56
14677,10310.301
14678,36836.19
14679,39449.645
14680,15595.97
14681,6179.2603
14682,15575.619
14683,8044.702
14684,28185.256
14685,16576.773
14686,6100.384
14687,6862.7236
14688,9791.068
14689,6792.1455
14690,8849.527
14691,6407.633
14692,10676.561
14693,12121.776
14694,9581.867
14695,46065.59
14696,12950.862
14697,15571.482
14698,7521.8774
14699,5871.0063
14700,39457.48
14701,20004.992
14702,5517.549
14703,7770.1846
14704,4254.344
14705,13750.641
14706,8983.273
14707,4091.4407
14708,4682.3438
14709,8777.125
14710,9601.499
14711,5163.644
14712,5102.223
14713,6480.275
14714,27135.018
14715,11978.868
14716,14757.259
14717,125643.64
14718,6649.913
14719,18131.242
14720,39379.09
14721,7610.9497
14722,9223.662
14723,18755.668
14724,4515.658
14725,11484.689
14726,10175.119
14727,4747.102
14728,4941.6294
14729,9042.832
14730,7083.5845
14731,6786.0537
14732,150040.66
14733,55437.215
14734,6024.1665
14735,109100.92
14736,44494.273
14737,26449.586
14738,44007.24
14739,5997.0317
14740,4157.6724
14741,8264.563
14742,8741.368
14743,102363.38
14744,169278.11
14745,7797.935
14746,9266.673
14747,13782.304
14748,4912.764
14749,10237.991
14750,8377.097
14751,13425.4375
14752,6608.062
14753,35728.324
14754,7701.664
14755,210532.02
14756,51491.7
14757,20681.645
14758,12581.38
14759,25849.367
14760,4712.0195
14761,45796.812
14762,6834.752
14763,11609.056
14764,8448.674
14765,19631.703
14766,10440.6455
14767,131601.72
14768,10157.037
14769,5441.028
14770,3227.262
14771,27805.508
14772,8706.567
14773,13604.545
14774,5317.6235
14775,12770.142
14776,7086.067
14777,5631.8257
14778,33255.438
14779,9098.275
14780,8699.353
14781,5396.471
14782,7642.222
14783,3806.9448
14784,3834.3079
14785,6669.7437
14786,108430.04
14787,14801.421
14788,11872.872
14789,17969.768
14790,10065.387
14791,47145.848
14792,13795.041
14793,8884.279
14794,11621.768
14795,4039.2512
14796,6920.69
14797,192778.9
14798,129669.87
14799,7615.6855
14800,4772.568
14801,4626.2905
14802,5696.8936
14803,178188.4
14804,14880.8
14805,12229.826
14806,7617.5195
14807,10508.712
14808,10159.285
14809,13033.486
14810,12363.649
14811,21714.957
14812,10358.869
14813,9418.395
14814,12037.17
14815,8909.351
14816,7627.206
14817,16792.258
14818,5762.861
14819,7059.8086
14820,7055.2773
14821,5479.1885
14822,43088.99
14823,6391.8027
14824,8264.249
14825,6485.6665
14826,6701.0483
14827,23695.904
14828,5790.1997
14829,10767.59
14830,5254.0083
14831,8694.538
14832,21379.121
14833,73621.4
14834,9892.76
14835,7960.7266
14836,16922.396
14837,6078.726
14838,5647.581
14839,25257.34
14840,4699.8384
14841,7160.4814
14842,8615.409
14843,6320.9497
14844,7809.08
14845,171864.14
14846,131856.27
14847,16145.986
14848,7792.4365
14849,8014.227
14850,9769.867
14851,8482.891
14852,7265.3115
14853,8152.132
14854,5643.4927
14855,4254.344
14856,156350.27
14857,6951.6914
14858,6267.207
14859,11051.161
14860,6122.3276
14861,20114.451
14862,7338.962
14863,7389.2925
14864,12796.89
14865,32678.25
14866,5857.64
14867,7630.9756
14868,4910.854
14869,5738.5435
14870,4475.6367
14871,9952.862
14872,47405.316
14873,8111.454
14874,6622.4346
14875,41954.383
14876,6229.9453
14877,7691.621
14878,6486.256
14879,29535.32
14880,24776.684
14881,4843.689
14882,20856.248
14883,6023.692
14884,30368.947
14885,8444.105
14886,51823.113
14887,4001.7852
14888,5649.3105
14889,4091.16
14890,9499.193
14891,9566.749
14892,6207.872
14893,11221.756
14894,6834.5806
14895,5922.5215
14896,11789.759
14897,6663.4624
14898,8258.226
14899,9249.802
14900,5129.5415
14901,21063.273
14902,5972.4697
14903,5106.8843
14904,14564.011
14905,9078.192
14906,6454.9263
14907,5541.37
14908,177266.84
14909,6932.943
14910,6985.73
14911,6271.374
14912,15157.129
14913,6536.016
14914,12199.571
14915,11235.03
14916,4227.487
14917,6723.3027
14918,9732.833
14919,86465.5
14920,12431.83
14921,10549.884
14922,8350.637
14923,12401.161
14924,7327.972
14925,17853.023
14926,6270.4214
14927,153391.77
14928,8230.92
14929,11986.674
14930,6500.161
14931,38216.24
14932,6365.7217
14933,18110.377
14934,8762.343
14935,9812.561
14936,25891.283
14937,34971.316
14938,35755.46
14939,6760.8555
14940,22720.195
14941,8373.12
14942,10566.791
14943,30674.498
14944,9056.203
14945,6421.583
14946,36691.066
14947,83691.625
14948,16484.434
14949,6911.223
14950,69460.65
14951,45498.934
14952,8494.812
14953,8293.119
14954,18312.422
14955,20553.912
14956,29595.295
14957,58314.473
14958,79933.87
14959,6628.1357
14960,6242.3076
14961,9157.11
14962,7248.902
14963,10307.993
14964,7657.6616
14965,117014.31
14966,4093.538
14967,53700.87
14968,19866.732
14969,9613.811
14970,19137.96
14971,5199.3223
14972,9205.16
14973,5164.5337
14974,14320.453
14975,6182.183
14976,13733.918
14977,79192.58
14978,36050.188
14979,6215.2974
14980,7854.2983
14981,7747.4463
14982,7190.984
14983,6399.498
14984,6918.623
14985,7318.585
14986,13176.13
14987,8604.69
14988,102661.76
14989,5957.015
14990,42880.293
14991,77730.94
14992,10144.257
14993,92207.88
14994,8623.571
14995,25148.367
14996,8208.314
14997,4882.087
14998,8386.421
14999,11909.52
15000,6478.6978
15001,21895.441
15002,5426.1646
15003,5713.8687
15004,11385.442
15005,6847.416
15006,6736.522
15007,10553.841
15008,89315.32
15009,5908.3247
15010,32143.322
15011,7597.6655
15012,11039.216
15013,6316.582
15014,37790.27
15015,212245.14
15016,26898.244
15017,5944.5327
15018,5153.229
15019,5552.8506
15020,11878.92
15021,100486.63
15022,8938.404
15023,6633.9165
15024,38348.246
15025,7775.208
15026,5155.8345
15027,11299.396
15028,85437.83
15029,6873.6885
15030,14037.18
15031,37232.42
15032,8030.6187
15033,6437.365
15034,7714.8286
15035,6621.9053
15036,10579.337
15037,15118.168
15038,16350.0205
15039,81534.77
15040,21248.406
15041,7650.448
15042,122303.05
15043,7829.285
15044,20205.621
15045,9538.797
15046,5919.763
15047,3907.7573
15048,7189.01
15049,227451.02
15050,7699.857
15051,4683.483
15052,5592.276
15053,5973.122
15054,7895.5986
15055,13100.673
15056,7382.651
15057,3915.628
15058,34589.14
15059,9536.93
15060,7712.3247
15061,86305.984
15062,7901.8896
15063,10217.379
15064,5848.8887
15065,21515.342
15066,111102.55
15067,9336.246
15068,20524.498
15069,6528.081
15070,11199.136
15071,42007.145
15072,8590.508
15073,5914.1
15074,5413.0903
15075,40759.27
15076,5370.864
15077,8069.1855
15078,5702.613
15079,13246.848
15080,34983.508
15081,8102.177
15082,8034.0527
15083,22197.021
15084,10915.107
15085,4706.4453
15086,9160.284
15087,5511.2686
15088,7281.9707
15089,7794.301
15090,114633.01
15091,27089.281
15092,3925.2727
15093,5020.1973
15094,5849.2393
15095,15461.833
15096,6749.0356
15097,15039.641
15098,12491.488
15099,102622.05
15100,7163.4805
15101,5809.062
15102,106319.516
15103,35430.305
15104,6793.278
15105,108247.0
15106,7989.505
15107,5505.6978
15108,109377.14
15109,15282.835
15110,230189.42
15111,7440.232
15112,5525.7153
15113,24651.158
15114,6458.9883
15115,17250.64
15116,7781.4404
15117,5973.6147
15118,15827.512
15119,6971.8745
15120,5156.559
15121,18773.094
15122,6795.872
15123,6482.447
15124,6570.2344
15125,8156.4453
15126,7253.042
15127,339746.2
15128,7855.292
15129,30704.016
15130,8128.936
15131,10443.14
15132,57831.97
15133,13360.798
15134,122191.555
15135,6498.295
15136,4868.563
15137,101347.81
15138,65264.664
15139,6764.809
15140,9583.555
15141,7422.7993
15142,5468.7275
15143,1218.7731
15144,48324.652
15145,4750.2656
15146,4818.5713
15147,15112.858
15148,9088.394
15149,6398.656
15150,5455.2827
15151,8571.738
15152,105198.914
15153,4962.421
15154,5819.4717
15155,6324.3823
15156,8880.193
15157,10273.754
15158,106796.984
15159,18730.178
15160,4708.985
15161,5904.1787
15162,7214.226
15163,21070.867
15164,24733.459
15165,47385.105
15166,8611.65
15167,327.9597
15168,118005.13
15169,6366.8677
15170,16030.943
15171,29132.068
15172,5896.0947
15173,9944.992
15174,4210.019
15175,10613.942
15176,11612.348
15177,5477.117
15178,35795.027
15179,10533.721
15180,12799.668
15181,7214.299
15182,8229.384
15183,7636.576
15184,26996.354
15185,7618.9404
15186,5876.0337
15187,20762.695
15188,10620.78
15189,171453.98
15190,34489.406
15191,11108.487
15192,8296.835
15193,7117.2837
15194,6298.6426
15195,6764.7354
15196,97171.9
15197,6786.251
15198,65195.074
15199,13800.422
15200,6590.542
15201,3456.6758
15202,10049.107
15203,15670.029
15204,6439.6533
15205,4507.103
15206,5898.765
15207,2987.6538
15208,11464.278
15209,15903.822
15210,98588.32
15211,29403.748
15212,143090.2
15213,4638.4146
15214,5812.3584
15215,14955.588
15216,251981.31
15217,10729.009
15218,18553.863
15219,4239.675
15220,146108.12
15221,11906.48
15222,2323.1008
15223,17196.986
15224,8184.323
15225,12251.803
15226,4698.4224
15227,6233.483
15228,10485.727
15229,53629.79
15230,6116.505
15231,10757.668
15232,6003.2373
15233,10236.161
15234,5347.6978
15235,8118.5977
15236,48420.805
15237,5649.841
15238,7304.851
15239,8873.347
15240,5951.509
15241,9183.013
15242,18044.646
15243,6926.2173
15244,28251.625
15245,7417.902
15246,14768.871
15247,24244.209
15248,64237.746
15249,8321.627
15250,47816.26
15251,20038.193
15252,5980.5825
15253,9295.77
15254,5230.4526
15255,6323.7046
15256,7033.0757
15257,8660.105
15258,11347.098
15259,7273.9917
15260,7604.7056
15261,202256.27
15262,7352.426
15263,12723.639
15264,338879.3
15265,1025.6735
15266,107179.57
15267,6347.1577
15268,41053.04
15269,9867.819
15270,165499.05
15271,7440.8022
15272,14458.468
15273,6751.4575
15274,42844.47
15275,5919.0703
15276,6274.1006
15277,7851.465
15278,19805.314
15279,11409.474
15280,20723.969
15281,8608.606
15282,6541.655
15283,10453.556
15284,6215.2974
15285,7453.405
15286,14919.466
15287,5691.797
15288,6928.2334
15289,7064.731
15290,7904.2188
15291,5929.73
15292,7010.871
15293,14974.725
15294,7028.771
15295,72546.695
15296,8028.3613
15297,39615.777
15298,16562.227
15299,4024.7546
15300,67328.77
15301,5401.4146
15302,139131.48
15303,4517.599
15304,5693.9585
15305,85682.375
15306,8622.653
15307,5772.23
15308,10940.9795
15309,7505.413
15310,9660.767
15311,134196.92
15312,8521.872
15313,4239.675
15314,6784.293
15315,10022.197
15316,23668.434
15317,14343.324
15318,4877.9995
15319,7100.425
15320,7132.0854
15321,6867.334
15322,7077.123
15323,6646.042
15324,179943.73
15325,203419.23
15326,149842.67
15327,9212.663
15328,12274.761
15329,14479.043
15330,6288.403
15331,9206.292
15332,49560.8
15333,6145.321
15334,23503.623
15335,8396.663
15336,6786.4673
15337,8081.5938
15338,24366.166
15339,20905.186
15340,11286.179
15341,7973.029
15342,9020.258
15343,30222.146
15344,5332.196
15345,5823.5967
15346,42907.3
15347,8657.479
15348,6505.104
15349,9310.689
15350,42523.934
15351,6391.584
15352,21436.268
15353,10250.263
15354,5980.9526
15355,18688.318
15356,96938.92
15357,13497.686
15358,14866.624
15359,79316.1
15360,51606.46
15361,30420.752
15362,5432.1865
15363,17124.36
15364,5714.664
15365,7373.5186
15366,7324.54
15367,4403.616
15368,108437.99
15369,22849.56
15370,52507.31
15371,8429.862
15372,6816.5454
15373,7039.1245
15374,6349.3506
15375,8819.573
15376,52378.902
15377,4762.472
15378,9947.471
15379,5007.1733
15380,6470.4194
15381,3979.6055
15382,64092.266
15383,21557.502
15384,117191.77
15385,6474.6777
15386,15321.753
15387,7432.7314
15388,19584.963
15389,97869.83
15390,7413.064
15391,17522.697
15392,5207.267
15393,7511.615
15394,10817.47
15395,10337.55
15396,4468.9673
15397,7289.958
15398,6754.554
15399,99509.55
15400,6777.7197
15401,8342.202
15402,5407.0884
15403,13536.663
15404,9241.289
15405,10151.339
15406,14684.738
15407,6888.9277
15408,16126.087
15409,15619.929
15410,6218.2075
15411,6849.168
15412,77597.53
15413,6264.2236
15414,14262.17
15415,13845.775
15416,7584.976
15417,8802.263
15418,5693.4023
15419,9497.474
15420,56811.883
15421,5402.965
15422,6231.174
15423,54580.223
15424,8831.909
15425,37535.37
15426,13073.181
15427,9170.949
15428,10816.893
15429,6354.14
15430,10391.976
15431,4909.5205
15432,7123.406
15433,10957.246
15434,164535.4
15435,5028.7544
15436,7891.046
15437,8436.688
15438,9632.286
15439,6216.123
15440,190521.9
15441,18313.307
15442,18758.547
15443,5755.264
15444,6724.729
15445,6493.42
15446,12526.53
15447,4490.7764
15448,8689.534
15449,22720.195
15450,20846.602
15451,23828.41
15452,6818.2656
15453,15509.979
15454,9844.838
15455,9024.493
15456,51907.99
15457,8622.797
15458,7236.978
15459,6566.6694
15460,6362.5127
15461,6124.085
15462,23339.201
15463,3548.8293
15464,5709.858
15465,8308.192
15466,16493.428
15467,89315.32
15468,8826.816
15469,13581.415
15470,4910.036
15471,57927.637
15472,11919.017
15473,28308.08
15474,11199.928
15475,7145.151
15476,7999.697
15477,7253.5156
15478,7136.07
15479,7121.7666
15480,186744.55
15481,9546.481
15482,10540.61
15483,7205.9536
15484,5233.495
15485,56351.43
15486,8286.449
15487,14171.225
15488,7777.1772
15489,4348.0073
15490,19985.785
15491,14193.325
15492,8310.855
15493,32148.701
15494,6340.589
15495,7820.5166
15496,6835.951
15497,9314.813
15498,10569.329
15499,5210.9214
15500,10508.027
15501,8028.9634
15502,9556.325
15503,17987.908
15504,12946.315
15505,7575.6753
15506,6086.113
15507,8873.731
15508,82041.086
15509,9423.567
15510,4875.031
15511,7144.384
15512,7671.898
15513,7925.385
15514,130143.31
15515,5384.261
15516,7250.568
15517,7991.781
15518,7104.641
15519,6205.094
15520,23058.613
15521,6804.6284
15522,11724.916
15523,119223.43
15524,7625.5605
15525,36778.363
15526,8554.636
15527,5148.768
15528,58918.203
15529,11804.184
15530,21723.107
15531,83362.01
15532,131271.06
15533,6629.4155
15534,9872.587
15535,122376.86
15536,12307.057
15537,5783.3657
15538,230189.42
15539,59929.434
15540,4176.9697
15541,8739.477
15542,13612.704
15543,11667.529
15544,5213.2637
15545,95880.88
15546,6273.658
15547,7644.1636
15548,50842.633
15549,11740.383
15550,9937.888
15551,6462.5283
15552,7242.038
15553,8442.388
15554,7110.74
15555,6238.514
15556,3100.7576
15557,6930.8555
15558,8273.555
15559,9700.798
15560,16040.893
15561,8957.405
15562,16923.064
15563,6825.713
15564,185585.89
15565,83236.31
15566,20004.992
15567,9022.898
15568,4027.5676
15569,13590.785
15570,9715.85
15571,10930.866
15572,16396.234
15573,4121.6675
15574,6883.353
15575,4533.127
15576,6589.119
15577,8362.468
15578,5855.747
15579,8527.293
15580,9326.966
15581,6033.456
15582,9902.793
15583,6059.1436
15584,6671.216
15585,6651.8647
15586,8866.239
15587,11173.242
15588,7728.47
15589,12892.919
15590,41144.7
15591,9603.304
15592,11692.312
15593,7127.9536
15594,5575.518
15595,14472.152
15596,82287.52
15597,14315.3545
15598,80789.914
15599,147460.19
15600,5216.6885
15601,7291.9854
15602,16485.096
15603,8495.801
15604,8189.7124
15605,11667.529
15606,11129.224
15607,37042.48
15608,35197.33
15609,5863.269
15610,47661.082
15611,5808.4893
15612,6327.9907
15613,9286.985
15614,4423.9346
15615,13688.069
15616,148116.33
15617,22033.375
15618,6812.6597
15619,7726.908
15620,88052.39
15621,6165.627
15622,10432.852
15623,6253.925
15624,7339.092
15625,6342.032
15626,10986.542
15627,7809.08
15628,6693.925
15629,29526.424
15630,6009.365
15631,102529.82
15632,19125.557
15633,7878.26
15634,6954.9077
15635,8208.321
15636,4851.3096
15637,5079.3403
15638,18248.09
15639,7007.2075
15640,11370.226
15641,8714.943
15642,62498.598
15643,5225.1323
15644,10229.267
15645,14455.151
15646,6608.787
15647,11795.552
15648,19845.9
15649,8629.694
15650,5483.9644
15651,2854.7002
15652,14292.707
15653,5499.0503
15654,5492.847
15655,5556.2085
15656,34932.293
15657,9253.301
15658,9037.307
15659,41249.09
15660,6333.822
15661,12353.613
15662,132041.66
15663,15014.419
15664,35661.973
15665,3819.1025
15666,71585.73
15667,8089.4
15668,7235.3115
15669,6200.2974
15670,3922.446
15671,11315.276
15672,6162.4707
15673,44477.188
15674,7709.7466
15675,5428.2837
15676,67199.4
15677,5898.765
15678,21991.258
15679,4747.9624
15680,9918.248
15681,34788.51
15682,7340.9688
15683,59151.297
15684,6458.388
15685,5524.686
15686,29166.592
15687,7293.6333
15688,5162.533
15689,5029.2866
15690,7586.328
15691,9035.967
15692,38074.37
15693,86232.11
15694,66485.21
15695,5871.5327
15696,9256.243
15697,5976.0757
15698,9873.92
15699,31420.0
15700,26893.607
15701,14674.955
15702,16744.34
15703,6671.106
15704,12719.824
15705,8229.311
15706,139769.42
15707,5808.6294
15708,21113.643
15709,9899.089
15710,9844.151
15711,6855.2427
15712,8295.79
15713,9079.749
15714,6972.3813
15715,5579.896
15716,20560.666
15717,6197.6714
15718,19616.014
15719,11855.288
15720,8170.3906
15721,4914.628
15722,10617.657
15723,22886.803
15724,9213.744
15725,4935.444
15726,7392.1416
15727,4543.4863
15728,4592.2183
15729,14548.377
15730,13414.688
15731,5733.9307
15732,9744.641
15733,5640.7495
15734,143633.9
15735,49474.457
15736,221923.42
15737,9430.259
15738,11919.077
15739,11101.502
15740,80271.36
15741,4605.002
15742,12507.787
15743,5312.8057
15744,52739.45
15745,124717.34
15746,6815.9224
15747,9070.957
15748,6144.5015
15749,24212.479
15750,5911.6235
15751,6941.7173
15752,121831.03
15753,8628.744
15754,22093.816
15755,6218.9175
15756,7075.246
15757,23632.54
15758,8618.241
15759,9998.052
15760,9548.31
15761,5285.716
15762,13545.696
15763,4292.0234
15764,4700.2314
15765,7511.8105
15766,14939.9795
15767,5624.9097
15768,19299.48
15769,9236.968
15770,9264.701
15771,5092.2603
15772,10834.165
15773,145774.28
15774,119411.74
15775,16109.628
15776,21960.229
15777,6053.9854
15778,17366.38
15779,7981.3037
15780,42189.24
15781,6357.133
15782,12372.673
15783,17444.697
15784,11392.912
15785,5842.7896
15786,4793.951
15787,6821.586
15788,9902.964
15789,4485.242
15790,6193.9976
15791,3816.9727
15792,13897.641
15793,5280.8784
15794,12753.108
15795,24404.633
15796,4595.939
15797,25613.344
15798,64393.465
15799,14943.24
15800,125296.07
15801,4052.012
15802,60779.16
15803,7286.038
15804,5590.222
15805,4597.377
15806,9408.314
15807,12742.229
15808,7859.4546
15809,9390.04
15810,13335.429
15811,3723.5957
15812,8007.7007
15813,5926.9873
15814,15852.738
15815,7795.108
15816,13911.018
15817,5200.3447
15818,33486.004
15819,7285.18
15820,9611.515
15821,6337.8813
15822,15686.302
15823,23600.074
15824,8478.919
15825,19008.602
15826,30128.885
15827,12895.673
15828,107668.25
15829,7903.6553
15830,6170.4062
15831,36303.473
15832,6541.014
15833,74762.26
15834,51222.777
15835,7045.1787
15836,205420.86
15837,2491.1777
15838,82639.17
15839,4678.1416
15840,6496.2944
15841,33370.477
15842,29898.672
15843,7402.2056
15844,12428.482
15845,11688.512
15846,9382.661
15847,11395.4375
15848,15964.304
15849,4038.155
15850,9386.942
15851,14932.244
15852,5380.524
15853,36813.79
15854,4496.234
15855,28671.71
15856,11419.844
15857,25084.994
15858,4964.998
15859,88032.86
15860,28687.973
15861,7679.0024
15862,18993.416
15863,3034.607
15864,9668.472
15865,5053.209
15866,69494.97
15867,8854.49
15868,7181.555
15869,6297.5713
15870,8604.122
15871,7361.4175
15872,111142.375
15873,5962.061
15874,7011.0894
15875,57464.406
15876,12394.392
15877,21470.518
15878,43686.26
15879,7690.6504
15880,23133.838
15881,108424.02
15882,8487.465
15883,4764.743
15884,8395.492
15885,4555.786
15886,7025.734
15887,6230.5864
15888,101875.36
15889,5664.239
15890,16042.934
15891,21714.957
15892,6116.505
15893,10620.804
15894,7463.4966
15895,151964.12
15896,5524.686
15897,5778.9575
15898,63865.727
15899,9844.424
15900,8118.039
15901,7930.5366
15902,6691.994
15903,7514.4785
15904,20478.477
15905,8904.741
15906,4908.8174
15907,17872.805
15908,7259.1655
15909,8735.422
15910,4950.431
15911,6653.223
15912,101501.67
15913,5077.292
15914,30453.23
15915,7128.856
15916,10975.358
15917,6520.223
15918,14859.311
15919,11459.325
15920,7458.552
15921,10514.898
15922,18893.693
15923,8211.604
15924,6022.488
15925,15809.759
15926,7424.4785
15927,21420.459
15928,18716.418
15929,86958.11
15930,13845.449
15931,95881.516
15932,21900.111
15933,8628.744
15934,5753.3506
15935,41228.836
15936,2611.0137
15937,257716.16
15938,5367.9478
15939,8303.879
15940,9330.463
15941,13194.949
15942,7312.1064
15943,7675.9795
15944,8275.905
15945,11988.563
15946,12949.777
15947,8585.359
15948,9827.584
15949,8958.459
15950,6448.887
15951,12261.028
15952,30769.47
15953,20641.15
15954,7542.391
15955,8753.498
15956,51147.645
15957,17641.746
15958,5421.413
15959,3292.0977
15960,5114.691
15961,17929.88
15962,7856.9414
15963,85077.46
15964,10331.998
15965,13342.748
15966,129358.82
15967,7500.4453
15968,6769.427
15969,8105.3486
15970,7296.4526
15971,6743.645
15972,119008.06
15973,7904.7544
15974,42473.746
15975,4563.3506
15976,8945.311
15977,8213.329
15978,6438.6816
15979,13833.337
15980,64794.72
15981,7847.9927
15982,6207.4326
15983,11796.851
15984,3895.2683
15985,7342.963
15986,9325.612
15987,8802.21
15988,15250.838
15989,8805.779
15990,58320.125
15991,11842.316
15992,5179.978
15993,12089.784
15994,7400.5947
15995,44345.387
15996,237162.77
15997,5197.0317
15998,7598.0684
15999,10854.729
16000,6114.5234
16001,8935.621
16002,18194.385
16003,112881.195
16004,6303.063
16005,11991.443
16006,160020.25
16007,21851.2
16008,7633.4
16009,6363.2036
16010,7319.0547
16011,6191.4287
16012,6262.6826
16013,18426.906
16014,3723.78
16015,5985.1323
16016,27757.68
16017,5303.7324
16018,10362.855
16019,41041.73
16020,5683.552
16021,8187.9487
16022,80318.69
16023,6552.4204
16024,13830.048
16025,3261.3376
16026,4199.265
16027,11159.483
16028,10033.587
16029,7258.7534
16030,64803.965
16031,10226.54
16032,5814.5293
16033,7205.582
16034,5670.845
16035,13231.968
16036,21020.59
16037,6378.293
16038,6522.16
16039,4488.887
16040,11555.799
16041,221626.19
16042,4295.495
16043,8189.544
16044,6675.2563
16045,9992.39
16046,5644.4404
16047,6689.5205
16048,87115.805
16049,22616.283
16050,5713.2725
16051,91994.1
16052,6975.581
16053,4235.0356
16054,43492.633
16055,6125.0537
16056,7054.677
16057,6787.281
16058,8292.157
16059,12723.547
16060,121076.4
16061,13293.298
16062,17197.709
16063,6004.2695
16064,7316.4507
16065,131926.4
16066,7191.8677
16067,5616.6733
16068,17448.902
16069,5055.8975
16070,8677.782
16071,61358.027
16072,46035.594
16073,19526.307
16074,6703.3564
16075,5156.061
16076,11819.849
16077,37407.535
16078,6741.0254
16079,7802.6226
16080,10302.211
16081,7357.794
16082,59212.74
16083,13501.492
16084,10432.743
16085,11263.274
16086,186455.2
16087,13269.965
16088,8510.084
16089,9770.926
16090,6682.114
16091,7654.031
16092,7928.449
16093,4525.3633
16094,32122.566
16095,7147.661
16096,17498.395
16097,4368.12
16098,6079.719
16099,4133.314
16100,13674.065
16101,9445.836
16102,4340.2944
16103,2818.1885
16104,17621.705
16105,14120.813
16106,12163.727
16107,9439.23
16108,76271.78
16109,4374.2974
16110,27069.412
16111,16864.121
16112,6951.6597
16113,11265.481
16114,7476.0454
16115,6239.97
16116,11197.799
16117,16463.154
16118,7636.8667
16119,12452.37
16120,4411.9263
16121,9676.796
16122,46182.27
16123,8556.416
16124,4628.9883
16125,12084.368
16126,6482.8228
16127,13321.608
16128,7155.454
16129,113094.36
16130,39059.625
16131,8051.6753
16132,6208.5356
16133,4504.0205
16134,7159.2456
16135,7566.823
16136,19376.547
16137,7592.3423
16138,10425.525
16139,4640.1978
16140,45693.004
16141,7325.308
16142,8938.877
16143,6153.8457
16144,9049.11
16145,8965.89
16146,3638.2979
16147,20031.969
16148,4312.12
16149,95295.1
16150,6010.517
16151,6792.836
16152,18021.217
16153,16883.904
16154,7230.5884
16155,5688.42
16156,8131.83
16157,61406.02
16158,10030.703
16159,40895.77
16160,5569.5015
16161,13303.921
16162,7266.7134
16163,54679.44
16164,6093.136
16165,44716.926
16166,10749.099
16167,11328.922
16168,24286.09
16169,32370.654
16170,6164.717
16171,8684.17
16172,6498.541
16173,11128.259
16174,7397.158
16175,76939.35
16176,10044.58
16177,2708.739
16178,5842.8154
16179,12118.952
16180,11758.404
16181,8034.2817
16182,8775.079
16183,7543.5513
16184,18815.992
16185,14000.448
16186,2323.1008
16187,6496.769
16188,6116.084
16189,5018.1064
16190,9279.183
16191,9497.328
16192,12604.19
16193,2477.584
16194,5479.8325
16195,5197.321
16196,11424.166
16197,5839.7666
16198,14918.739
16199,82001.625
16200,57408.74
16201,6865.35
16202,5118.8696
16203,4978.1343
16204,6521.8555
16205,5948.969
16206,3034.607
16207,6003.7847
16208,5354.8296
16209,8115.244
16210,4591.7754
16211,17100.248
16212,8266.146
16213,15385.922
16214,12826.175
16215,7959.925
16216,27879.197
16217,15929.438
16218,10997.446
16219,4441.2695
16220,5832.983
16221,6234.279
16222,9693.384
16223,53154.37
16224,32129.178
16225,14998.898
16226,15421.822
16227,168796.92
16228,6449.9478
16229,5474.262
16230,6137.2393
16231,30782.898
16232,33734.008
16233,12907.059
16234,5783.3657
16235,8828.116
16236,65621.7
16237,6910.3677
16238,16096.32
16239,18191.352
16240,6173.3677
16241,5551.5127
16242,11068.856
16243,11468.783
16244,7273.032
16245,16000.44
16246,5488.512
16247,6464.268
16248,9648.245
16249,15372.564
16250,16787.018
16251,4924.1265
16252,150409.72
16253,8928.798
16254,9271.302
16255,4997.082
16256,7287.595
16257,12849.94
16258,7037.159
16259,87205.86
16260,9988.334
16261,6977.472
16262,7862.91
16263,6108.934
16264,6510.1875
16265,12110.555
16266,7012.5015
16267,4834.396
16268,19908.824
16269,22019.773
16270,116277.94
16271,8459.36
16272,5201.2896
16273,41585.543
16274,16447.67
16275,5727.4795
16276,7881.2085
16277,10247.359
16278,7099.7266
16279,8391.05
16280,7447.673
16281,32853.56
16282,12155.861
16283,58611.633
16284,160020.25
16285,16959.29
16286,13026.293
16287,5723.4263
16288,11754.497
16289,7561.9326
16290,4806.243
16291,5613.528
16292,7221.972
16293,7546.4224
16294,5780.8276
16295,99256.3
16296,4952.2363
16297,5192.518
16298,10319.445
16299,5893.785
16300,263993.38
16301,10175.193
16302,6045.4004
16303,15822.381
16304,110577.305
16305,6540.3203
16306,5452.472
16307,11682.189
16308,11987.906
16309,8062.352
16310,4372.352
16311,8678.362
16312,7613.7554
16313,5126.498
16314,13815.999
16315,8665.5625
16316,7246.15
16317,39945.098
16318,5460.736
16319,9609.073
16320,19277.691
16321,3551.298
16322,9919.815
16323,154192.92
16324,9297.991
16325,38328.402
16326,170319.44
16327,13973.439
16328,10377.42
16329,6435.146
16330,349354.34
16331,8792.876
16332,10346.408
16333,9549.205
16334,20155.771
16335,53657.863
16336,3860.2852
16337,9022.645
16338,115063.92
16339,50650.645
16340,29832.422
16341,6685.8657
16342,29820.668
16343,5677.8154
16344,6295.4116
16345,6594.452
16346,6493.3564
16347,20889.195
16348,6127.3325
16349,6981.969
16350,67308.14
16351,17819.205
16352,13933.06
16353,5790.114
16354,11405.982
16355,19963.26
16356,9406.714
16357,5933.0347
16358,6173.235
16359,35312.715
16360,14973.338
16361,115384.586
16362,5884.294
16363,38006.52
16364,15102.684
16365,205923.95
16366,6666.6265
16367,5962.5376
16368,15260.049
16369,36352.926
16370,7673.0884
16371,16096.161
16372,169567.62
16373,5218.2417
16374,8090.938
16375,4563.5474
16376,19820.494
16377,275344.94
16378,5921.9355
16379,16160.464
16380,7473.8716
16381,6668.651
16382,10749.082
16383,9078.192
16384,17253.742
16385,9566.035
16386,6369.569
16387,8677.782
16388,7446.2905
16389,4443.296
16390,7187.2476
16391,44984.332
16392,32085.674
16393,10435.308
16394,43238.36
16395,25463.684
16396,13601.245
16397,9335.996
16398,11769.283
16399,6012.9453
16400,4547.6636
16401,9439.168
16402,5732.1904
16403,5134.3403
16404,15178.134
16405,134320.12
16406,6971.3687
16407,9029.402
16408,32773.324
16409,11815.492
16410,46581.562
16411,7459.947
16412,6823.017
16413,7412.793
16414,42040.906
16415,6019.937
16416,13717.775
16417,14383.733
16418,10301.531
16419,19412.29
16420,13622.677
16421,7438.2705
16422,7890.5713
16423,8792.995
16424,5978.775
16425,7437.9717
16426,6494.1807
16427,9558.748
16428,8195.433
16429,7792.165
16430,8172.273
16431,26780.674
16432,8755.336
16433,9577.695
16434,4865.7373
16435,5436.3394
16436,106962.445
16437,7931.677
16438,7111.683
16439,107435.625
16440,15276.083
16441,10711.367
16442,7775.4395
16443,7780.1143
16444,32451.943
16445,4499.7905
16446,327147.75
16447,3548.5312
16448,12313.559
16449,51391.168
16450,5853.6094
16451,17180.107
16452,11846.253
16453,2592.7478
16454,6328.0703
16455,13953.526
16456,7845.322
16457,4165.0845
16458,40179.94
16459,10769.237
16460,6622.7485
16461,18737.998
16462,9097.238
16463,14890.709
16464,35051.043
16465,11233.908
16466,42794.78
16467,12211.598
16468,70531.38
16469,13240.095
16470,10818.819
16471,15892.228
16472,6723.3647
16473,8399.076
16474,3339.579
16475,5282.032
16476,10243.079
16477,5560.5845
16478,9824.131
16479,20805.3
16480,13838.219
16481,12233.268
16482,6239.8633
16483,4515.658
16484,6673.2446
16485,4702.213
16486,7151.871
16487,5351.8833
16488,7143.985
16489,6243.3823
16490,102622.05
16491,14177.873
16492,12601.049
16493,6271.219
16494,12068.383
16495,6693.5063
16496,4497.5967
16497,6535.706
16498,6717.2124
16499,14064.676
16500,42349.57
16501,7231.048
16502,27494.076
16503,6883.038
16504,10304.173
16505,56241.36
16506,8243.176
16507,28687.973
16508,12366.773
16509,85143.21
16510,32686.537
16511,21300.146
16512,4314.732
16513,7526.174
16514,4649.039
16515,6866.627
16516,8322.114
16517,5482.2817
16518,17549.95
16519,6840.5737
16520,11895.437
16521,1890.9205
16522,5262.6973
16523,11177.879
16524,111814.5
16525,7056.057
16526,17955.385
16527,173411.95
16528,59342.867
16529,6154.3716
16530,112168.46
16531,6740.9893
16532,10624.496
16533,12388.041
16534,7627.554
16535,25552.512
16536,7313.645
16537,5231.349
16538,6017.5586
16539,86144.81
16540,8311.884
16541,6465.689
16542,40302.066
16543,5013.339
16544,6936.405
16545,11947.765
16546,8111.9395
16547,32078.367
16548,5710.425
16549,9655.026
16550,55682.742
16551,6044.835
16552,14828.337
16553,8667.387
16554,15090.578
16555,17809.166
16556,8137.845
16557,68312.83
16558,28434.307
16559,22934.883
16560,7099.371
16561,6601.253
16562,16825.697
16563,10040.119
16564,10758.554
16565,7250.5444
16566,5894.987
16567,5709.023
16568,168546.61
16569,5886.886
16570,87272.586
16571,12456.203
16572,16055.752
16573,7792.7236
16574,6919.586
16575,88409.98
16576,8861.756
16577,76240.72
16578,19869.922
16579,5652.038
16580,8392.0205
16581,6332.5347
16582,8804.079
16583,9396.277
16584,7515.047
16585,13756.26
16586,7739.7393
16587,5560.0825
16588,5753.4893
16589,5014.6953
16590,9421.65
16591,7699.857
16592,4868.8267
16593,9101.671
16594,10249.914
16595,9327.725
16596,6133.2295
16597,6389.686
16598,8708.507
16599,9633.666
16600,7325.9365
16601,11540.307
16602,363378.06
16603,14923.581
16604,7073.173
16605,2477.584
16606,7162.426
16607,5712.2285
16608,4516.535
16609,11045.416
16610,6994.4087
16611,13966.262
16612,12893.404
16613,6355.4004
16614,7070.215
16615,7490.3135
16616,21385.18
16617,65696.1
16618,2242.6956
16619,8559.644
16620,76339.484
16621,5214.328
16622,2523.2292
16623,4617.522
16624,8404.808
16625,34903.473
16626,27231.072
16627,38771.188
16628,40591.98
16629,4216.3525
16630,6978.419
16631,6904.2344
16632,6425.064
16633,16223.185
16634,21614.947
16635,24196.44
16636,13830.048
16637,27821.049
16638,31996.236
16639,32510.994
16640,6440.6196
16641,10685.886
16642,7383.409
16643,8246.094
16644,6326.888
16645,34241.1
16646,23600.074
16647,162566.6
16648,7043.617
16649,18807.24
16650,8054.1924
16651,5564.9814
16652,9057.182
16653,10073.801
16654,8411.355
16655,10269.406
16656,5642.5337
16657,5578.7793
16658,5733.298
16659,6971.3306
16660,139430.83
16661,19254.422
16662,5950.694
16663,10154.595
16664,40441.15
16665,7804.2363
16666,18207.154
16667,23695.328
16668,7207.6196
16669,16992.295
16670,7461.729
16671,9041.376
16672,109202.11
16673,124843.17
16674,6297.5713
16675,6995.3066
16676,34025.633
16677,196166.7
16678,53954.504
16679,7635.203
16680,6032.69
16681,69954.29
16682,4239.5186
16683,8168.5103
16684,6755.1406
16685,62949.516
16686,353076.34
16687,8523.524
16688,27313.582
16689,5775.4067
16690,4497.8257
16691,17965.791
16692,98855.67
16693,4266.0503
16694,5304.6143
16695,28734.326
16696,14939.615
16697,10716.727
16698,10981.527
16699,9570.279
16700,7170.573
16701,47501.406
16702,5714.2554
16703,7637.809
16704,3643.3865
16705,21343.494
16706,8248.832
16707,108067.35
16708,5525.5483
16709,67899.29
16710,11104.628
16711,4892.134
16712,32927.85
16713,6038.5376
16714,10628.853
16715,23331.348
16716,3956.0098
16717,5332.241
16718,40739.977
16719,5902.3887
16720,33934.848
16721,22097.55
16722,200507.06
16723,7603.9365
16724,8104.1714
16725,10183.686
16726,4272.3247
16727,8566.516
16728,5331.5703
16729,3585.528
16730,32139.26
16731,9678.184
16732,15158.35
16733,25456.25
16734,10361.322
16735,5312.9116
16736,7005.7695
16737,8848.757
16738,24445.951
16739,18505.807
16740,12358.991
16741,72113.79
16742,6046.051
16743,10149.576
16744,8462.455
16745,243084.88
16746,5309.354
16747,8214.331
16748,8750.022
16749,12013.412
16750,6310.626
16751,39860.504
16752,8421.952
16753,8932.36
16754,7152.6157
16755,6320.5537
16756,75537.36
16757,4443.4424
16758,6264.2236
16759,11049.678
16760,4490.7764
16761,4382.623
16762,7997.112
16763,44477.188
16764,11636.575
16765,8020.756
16766,13570.062
16767,12723.547
16768,31239.074
16769,76318.83
16770,23655.156
16771,4352.723
16772,7328.7925
16773,6577.8926
16774,8356.472
16775,5319.3613
16776,6359.9253
16777,6456.39
16778,7138.021
16779,8265.703
16780,8229.2295
16781,5770.5596
16782,8686.694
16783,6592.8296
16784,12159.306
16785,7572.569
16786,176888.69
16787,16327.6875
16788,6673.7554
16789,7984.0386
16790,7132.4478
16791,58737.617
16792,7563.9937
16793,8496.384
16794,15211.205
16795,10870.455
16796,8994.496
16797,27304.293
16798,5985.172
16799,39160.777
16800,5561.665
16801,37021.055
16802,10214.312
16803,29524.16
16804,10931.949
16805,153411.11
16806,195778.34
16807,10482.103
16808,6259.5225
16809,210412.02
16810,71568.72
16811,16765.574
16812,57577.883
16813,20938.795
16814,6878.971
16815,6645.6006
16816,6832.274
16817,29799.06
16818,9254.347
16819,12194.764
16820,27601.514
16821,58992.832
16822,32307.674
16823,4669.9253
16824,5330.6357
16825,5839.7666
16826,24792.879
16827,10232.205
16828,8315.919
16829,8773.153
16830,11052.411
16831,5047.2603
16832,14939.9795
16833,6985.7397
16834,6377.611
16835,8081.021
16836,4825.0015
16837,67656.05
16838,12848.369
16839,11908.895
16840,4748.741
16841,11126.279
16842,17968.754
16843,6155.5776
16844,10099.016
16845,13288.408
16846,7709.4673
16847,157771.2
16848,16396.234
16849,25443.53
16850,108740.93
16851,2560.2227
16852,35555.332
16853,11491.77
16854,5103.808
16855,9286.877
16856,9024.155
16857,14506.646
16858,8561.412
16859,14716.178
16860,45011.746
16861,16917.506
16862,63568.64
16863,6269.5693
16864,4574.549
16865,7957.762
16866,4535.3955
16867,28857.16
16868,177142.75
16869,73909.195
16870,33727.555
16871,22308.787
16872,5940.8027
16873,32678.25
16874,34014.56
16875,9130.1455
16876,9735.152
16877,10634.181
16878,6545.393
16879,13836.626
16880,6151.071
16881,5192.4053
16882,38424.812
16883,19011.69
16884,4744.414
16885,14716.178
16886,6106.7715
16887,7342.8975
16888,30777.24
16889,6240.3105
16890,103973.805
16891,61716.31
16892,48519.152
16893,37021.055
16894,6571.4175
16895,23210.361
16896,6806.6113
16897,6848.2314
16898,10757.668
16899,7783.4004
16900,7769.7095
16901,4328.086
16902,7255.838
16903,8082.763
16904,25206.033
16905,8635.296
16906,37501.516
16907,3259.3916
16908,6648.038
16909,75641.89
16910,6691.76
16911,6374.017
16912,30082.252
16913,10316.726
16914,5973.122
16915,16548.451
16916,8448.615
16917,7726.888
16918,5338.037
16919,5322.805
16920,11876.706
16921,10606.064
16922,9020.08
16923,5999.762
16924,36827.19
16925,8703.751
16926,13299.868
16927,144904.89
16928,9771.811
16929,10456.476
16930,21920.611
16931,-578.09534
16932,202256.27
16933,20041.953
16934,6023.039
16935,26211.443
16936,7713.8984
16937,72476.78
16938,6160.741
16939,20932.912
16940,6259.5063
16941,14764.707
16942,7529.6616
16943,24806.338
16944,7285.173
16945,5494.7075
16946,6248.3027
16947,24664.07
16948,4989.507
16949,18880.168
16950,3627.1382
16951,79406.17
16952,14191.446
16953,8138.3667
16954,6817.0356
16955,24147.432
16956,6262.97
16957,7921.6865
16958,7998.5815
16959,6292.7275
16960,5783.3657
16961,9624.245
16962,5298.7207
16963,7987.0474
16964,39945.098
16965,14135.199
16966,6180.0986
16967,12179.329
16968,6298.2896
16969,15600.776
16970,6457.5747
16971,5797.284
16972,16737.797
16973,22958.885
16974,25144.875
16975,6837.845
16976,5894.489
16977,38564.54
16978,6073.6514
16979,14392.5205
16980,11219.113
16981,83229.95
16982,12473.393
16983,44887.207
16984,22237.79
16985,11046.582
16986,13366.734
16987,9508.447
16988,6853.1055
16989,8281.25
16990,8588.283
16991,61182.31
16992,8180.354
16993,8568.355
16994,27381.807
16995,5913.7554
16996,11018.251
16997,6134.6807
16998,44263.016
16999,6550.511
17000,17697.117
17001,8105.527
17002,9537.497
17003,6452.914
17004,5062.3257
17005,7799.6934
17006,8700.467
17007,7195.2095
17008,7494.9766
17009,6069.642
17010,6121.104
17011,6285.482
17012,16056.598
17013,33585.656
17014,8268.329
17015,7409.847
17016,4458.1763
17017,44801.777
17018,110433.58
17019,7488.7173
17020,35524.914
17021,6601.1953
17022,8439.726
17023,6076.079
17024,27079.555
17025,7932.62
17026,7917.154
17027,8497.909
17028,7264.551
17029,20456.592
17030,10420.939
17031,6944.9185
17032,59417.438
17033,6063.415
17034,10475.238
17035,7430.826
17036,4148.7783
17037,8594.8125
17038,11565.692
17039,19697.426
17040,153241.08
17041,13254.013
17042,7149.5576
17043,127115.195
17044,10033.522
17045,66402.336
17046,8441.194
17047,5037.3374
17048,8017.3906
17049,10658.202
17050,5659.46
17051,6459.395
17052,14995.644
17053,6494.6597
17054,15122.857
17055,12733.133
17056,10842.445
17057,9793.342
17058,107435.625
17059,4934.0195
17060,7449.6455
17061,38840.945
17062,42282.164
17063,31501.201
17064,6362.488
17065,10543.39
17066,4864.2334
17067,5362.525
17068,15118.554
17069,16655.82
17070,9735.003
17071,8877.294
17072,63118.812
17073,44932.84
17074,7706.763
17075,12401.8125
17076,5733.4824
17077,5208.5073
17078,7071.6846
17079,68672.08
17080,16023.346
17081,11296.5205
17082,6395.9424
17083,9527.2295
17084,8211.1
17085,159876.95
17086,13034.4375
17087,6579.568
17088,158217.42
17089,6941.9814
17090,8556.343
17091,6325.581
17092,87094.84
17093,9451.009
17094,5435.9795
17095,6587.913
17096,23188.736
17097,6142.652
17098,22036.729
17099,22224.398
17100,9466.717
17101,8850.364
17102,5623.234
17103,72482.64
17104,3758.0693
17105,124717.34
17106,5988.562
17107,9876.104
17108,139555.02
17109,12125.879
17110,11376.041
17111,109321.85
17112,4548.009
17113,14644.785
17114,49783.664
17115,7393.181
17116,8132.4214
17117,44150.695
17118,4640.9844
17119,5715.923
17120,4546.6953
17121,6816.464
17122,7170.8086
17123,20238.873
17124,126687.0
17125,10265.27
17126,64019.277
17127,21533.537
17128,9946.862
17129,6475.454
17130,9464.054
17131,8091.5303
17132,5921.707
17133,4736.5776
17134,6521.684
17135,101501.67
17136,24825.225
17137,30085.592
17138,13216.48
17139,24958.379
17140,11583.611
17141,30491.533
17142,171547.33
17143,19254.43
17144,6076.256
17145,15980.949
17146,5744.5596
17147,22022.031
17148,7590.988
17149,82719.33
17150,6268.4346
17151,11969.503
17152,6939.825
17153,36116.363
17154,7923.437
17155,6840.083
17156,8871.359
17157,9105.088
17158,21216.438
17159,10572.101
17160,39163.13
17161,7334.8726
17162,8560.177
17163,7728.713
17164,7432.397
17165,16334.927
17166,7058.5703
17167,186875.66
17168,6033.797
17169,27263.477
17170,7180.9834
17171,7078.1357
17172,10671.412
17173,8020.57
17174,22113.174
17175,9459.052
17176,92885.92
17177,4800.585
17178,10416.364
17179,6116.224
17180,14806.038
17181,11613.891
17182,103422.516
17183,6639.943
17184,14908.313
17185,8323.47
17186,11192.663
17187,10233.276
17188,34321.85
17189,7101.8535
17190,130996.766
17191,12829.445
17192,31457.871
17193,4870.0996
17194,7931.383
17195,34151.99
17196,8777.35
17197,4532.403
17198,5466.8887
17199,13995.927
17200,-543.9251
17201,145081.48
17202,11279.319
17203,14335.349
17204,31601.299
17205,6554.97
17206,11189.59
17207,9828.45
17208,7719.1494
17209,16015.492
17210,9649.372
17211,9133.462
17212,5098.479
17213,8248.285
17214,14308.981
17215,4115.013
17216,7621.6235
17217,79527.11
17218,9408.811
17219,5614.771
17220,19596.348
17221,67899.29
17222,12600.328
17223,8569.719
17224,12821.602
17225,5725.5815
17226,93119.29
17227,14879.307
17228,47405.316
17229,7758.556
17230,33933.848
17231,8870.043
17232,8567.844
17233,52387.406
17234,12940.482
17235,13843.13
17236,12553.03
17237,81959.72
17238,4329.674
17239,6038.3745
17240,22154.133
17241,12595.197
17242,18497.965
17243,69784.305
17244,11463.541
17245,22692.348
17246,8477.221
17247,7437.02
17248,37452.3
17249,7168.701
17250,6161.7383
17251,6772.2476
17252,7130.302
17253,4913.2754
17254,24071.271
17255,7462.255
17256,5908.3213
17257,11419.939
17258,101732.46
17259,6927.053
17260,7568.131
17261,38672.79
17262,29132.686
17263,9560.43
17264,3706.2368
17265,52739.45
17266,13627.726
17267,5776.9644
17268,10084.245
17269,11529.733
17270,13924.657
17271,9558.748
17272,11927.935
17273,12083.781
17274,158167.34
17275,7891.7427
17276,9088.775
17277,7549.0386
17278,80346.53
17279,62207.47
17280,155463.66
17281,11777.546
17282,7675.0
17283,48167.613
17284,12424.407
17285,18789.85
17286,8090.84
17287,8351.761
17288,16005.291
17289,4535.2983
17290,7544.1616
17291,3484.8188
17292,9732.853
17293,21719.94
17294,4543.7446
17295,8370.925
17296,10074.828
17297,6535.532
17298,5222.824
17299,7570.2573
17300,131141.33
17301,93637.43
17302,16051.45
17303,76943.88
17304,52411.688
17305,14281.047
17306,6242.772
17307,10543.07
17308,7882.928
17309,7445.109
17310,110677.484
17311,4691.4136
17312,11152.006
17313,6968.2812
17314,5846.634
17315,8209.436
17316,6295.947
17317,10229.009
17318,10362.31
17319,6447.1646
17320,10140.736
17321,6651.886
17322,7734.9717
17323,3679.2083
17324,18257.059
17325,8513.616
17326,9557.213
17327,7598.652
17328,6819.4565
17329,9690.871
17330,6118.0884
17331,6509.4243
17332,13997.323
17333,25129.91
17334,150472.34
17335,15039.369
17336,38445.125
17337,8290.116
17338,48509.945
17339,41103.246
17340,7437.806
17341,8690.173
17342,10075.139
17343,14237.957
17344,16327.261
17345,5231.349
17346,6563.7993
17347,28992.932
17348,58758.12
17349,7952.8804
17350,6292.184
17351,10207.067
17352,8693.064
17353,16193.6455
17354,29117.547
17355,7218.665
17356,86931.68
17357,7402.5723
17358,4329.9873
17359,7806.7373
17360,130285.25
17361,6059.1436
17362,10628.558
17363,7520.549
17364,6162.702
17365,101065.87
17366,6843.806
17367,6757.65
17368,5131.2275
17369,186509.56
17370,101121.7
17371,8994.553
17372,7791.565
17373,8234.23
17374,4756.963
17375,9639.162
17376,83161.22
17377,7220.515
17378,34194.953
17379,46182.27
17380,3890.3088
17381,14243.199
17382,155771.2
17383,6038.461
17384,7354.1675
17385,5842.035
17386,11849.378
17387,12508.206
17388,107667.445
17389,7138.4873
17390,4966.789
17391,28077.014
17392,6001.719
17393,16959.756
17394,6061.6265
17395,5751.5264
17396,9160.542
17397,8806.672
17398,4835.933
17399,12189.531
17400,9953.182
17401,11284.607
17402,7334.9067
17403,9099.009
17404,8396.359
17405,3763.6235
17406,8513.641
17407,8844.531
17408,14415.14
17409,32907.395
17410,123645.31
17411,39826.19
17412,26320.982
17413,5967.072
17414,54540.35
17415,23297.816
17416,5280.599
17417,60805.69
17418,5266.6377
17419,19667.973
17420,5209.889
17421,5598.473
17422,112990.86
17423,15009.262
17424,5658.4243
17425,5309.266
17426,7603.273
17427,6757.281
17428,54421.637
17429,10428.618
17430,6203.8125
17431,7010.917
17432,5901.214
17433,4976.4595
17434,17767.586
17435,26139.21
17436,10249.478
17437,14030.694
17438,9975.228
17439,5517.854
17440,135832.12
17441,5710.189
17442,21268.184
17443,49754.777
17444,10723.411
17445,104671.945
17446,9023.192
17447,30109.809
17448,11608.763
17449,12383.084
17450,5871.492
17451,34477.41
17452,14777.975
17453,6065.0605
17454,3546.9563
17455,13294.206
17456,6512.9067
17457,9058.171
17458,11918.826
17459,7011.8613
17460,5611.84
17461,10552.586
17462,9302.844
17463,9633.264
17464,184595.25
17465,6996.745
17466,11583.533
17467,92177.984
17468,5039.4688
17469,7443.116
17470,4973.3486
17471,6702.992
17472,3100.7576
17473,5671.7407
17474,16418.742
17475,6690.906
17476,18365.977
17477,7724.3506
17478,7273.0293
17479,6604.4824
17480,55222.68
17481,8311.343
17482,10512.628
17483,37254.883
17484,38877.062
17485,6362.5127
17486,5339.7075
17487,6483.286
17488,7488.245
17489,7152.9663
17490,139490.31
17491,6409.9155
17492,6001.173
17493,8856.656
17494,6073.2886
17495,24760.62
17496,12198.164
17497,6094.476
17498,4567.4575
17499,1671.1926
17500,5462.5845
17501,6142.3647
17502,60065.55
17503,3982.5256
17504,67817.4
17505,7483.99
17506,6322.6533
17507,3553.983
17508,7521.823
17509,2760.6262
17510,6168.628
17511,9508.4
17512,11265.481
17513,7526.37
17514,6873.904
17515,9787.121
17516,6710.524
17517,7395.64
17518,253788.98
17519,8390.447
17520,10386.38
17521,8657.518
17522,6596.794
17523,20605.256
17524,8974.526
17525,11816.352
17526,8126.623
17527,5358.3315
17528,5185.3125
17529,215176.12
17530,10912.795
17531,11385.678
17532,7451.0996
17533,8510.6
17534,9286.97
17535,34670.76
17536,10973.806
17537,5059.112
17538,8744.85
17539,8286.954
17540,133308.22
17541,169513.56
17542,11399.289
17543,5136.3906
17544,7200.5117
17545,9117.816
17546,67774.914
17547,59151.297
17548,9667.302
17549,11754.497
17550,21598.926
17551,3561.123
17552,41072.164
17553,9010.213
17554,6129.003
17555,112813.15
17556,7819.944
17557,4237.575
17558,155809.61
17559,8569.839
17560,33994.883
17561,6208.186
17562,11738.637
17563,6361.552
17564,13850.307
17565,20394.824
17566,95361.8
17567,5880.6406
17568,11258.601
17569,8096.734
17570,3874.3008
17571,12442.633
17572,41022.5
17573,6515.407
17574,6001.0146
17575,8272.651
17576,8147.8755
17577,44516.844
17578,12650.662
17579,4973.454
17580,7180.8096
17581,23658.076
17582,3908.46
17583,5645.838
17584,14758.162
17585,19570.979
17586,7494.461
17587,10569.907
17588,5413.846
17589,6251.529
17590,4401.0835
17591,7938.2485
17592,5032.2783
17593,11867.729
17594,4888.811
17595,15466.001
17596,13340.796
17597,9409.494
17598,15340.517
17599,6718.322
17600,11690.325
17601,5000.725
17602,34861.984
17603,19955.281
17604,7704.596
17605,131124.83
17606,17358.996
17607,6561.2144
17608,6351.213
17609,2816.018
17610,9433.354
17611,11015.249
17612,254066.0
17613,8886.581
17614,10063.443
17615,20567.783
17616,16738.295
17617,8029.002
17618,6421.8804
17619,9561.785
17620,5417.598
17621,8645.148
17622,9999.884
17623,7240.2876
17624,8600.51
17625,13252.104
17626,10277.224
17627,9703.423
17628,13281.319
17629,10464.473
17630,6486.076
17631,8229.642
17632,10307.993
17633,10877.732
17634,44083.547
17635,20498.426
17636,7680.598
17637,12982.665
17638,6243.1562
17639,6005.3286
17640,16923.377
17641,4267.723
17642,15635.376
17643,8305.109
17644,72412.33
17645,20871.266
17646,11157.495
17647,17937.111
17648,45498.934
17649,6843.789
17650,12590.488
17651,21172.797
17652,2212.2615
17653,5723.6987
17654,23552.008
17655,16576.773
17656,13169.986
17657,23083.371
17658,7008.4194
17659,6004.1543
17660,122492.04
17661,363378.06
17662,8756.911
17663,6406.396
17664,7127.61
17665,17772.621
17666,6566.111
17667,21557.502
17668,85303.984
17669,6552.0405
17670,12624.471
17671,4587.327
17672,6136.22
17673,4217.2476
17674,11981.643
17675,6155.4937
17676,6638.1772
17677,6704.0737
17678,7903.889
17679,7719.375
17680,21477.223
17681,177142.75
17682,7542.518
17683,11036.002
17684,5894.3467
17685,9296.275
17686,35649.793
17687,169247.8
17688,183305.48
17689,47227.516
17690,11464.251
17691,4103.7695
17692,3431.6084
17693,31823.479
17694,9845.713
17695,63040.445
17696,8847.444
17697,7868.7407
17698,4988.7866
17699,6063.619
17700,12611.476
17701,7559.87
17702,8178.95
17703,8649.28
17704,14098.008
17705,8715.426
17706,6819.389
17707,6450.348
17708,6423.512
17709,13048.01
17710,8677.734
17711,48471.22
17712,12297.091
17713,4841.214
17714,8441.292
17715,22940.91
17716,25285.951
17717,6558.7734
17718,8779.162
17719,14115.919
17720,9159.338
17721,8901.224
17722,6869.1646
17723,8762.428
17724,10218.754
17725,3970.0984
17726,23134.42
17727,4847.352
17728,4257.9
17729,7952.212
17730,22160.732
17731,4895.838
17732,6092.8223
17733,8427.855
17734,22766.021
17735,18547.793
17736,11801.601
17737,13731.827
17738,251981.31
17739,8199.852
17740,8603.931
17741,208447.52
17742,14319.661
17743,6875.7407
17744,14608.709
17745,12172.941
17746,5665.7954
17747,12016.831
17748,5075.6875
17749,9787.34
17750,15716.152
17751,7847.9927
17752,7519.6777
17753,11767.393
17754,9170.711
17755,41022.5
17756,27743.768
17757,13531.39
17758,7711.875
17759,22457.715
17760,9020.591
17761,7356.3564
17762,226469.03
17763,5936.4097
17764,5250.001
17765,62368.547
17766,6921.831
17767,6397.713
17768,9063.915
17769,10750.246
17770,11941.246
17771,8322.114
17772,7627.705
17773,11768.929
17774,8802.755
17775,28786.803
17776,3753.8674
17777,17596.965
17778,10934.159
17779,6625.735
17780,11299.627
17781,78802.04
17782,9435.266
17783,7824.6763
17784,18734.043
17785,134303.03
17786,50419.91
17787,107179.57
17788,7183.4863
17789,5190.6313
17790,6586.0205
17791,8493.883
17792,6120.579
17793,163023.5
17794,7075.065
17795,4961.029
17796,14041.562
17797,11798.885
17798,5018.1064
17799,4782.733
17800,11894.942
17801,7757.1494
17802,14130.907
17803,116910.32
17804,15816.455
17805,7043.192
17806,7677.4717
17807,8573.769
17808,7070.3423
17809,9175.143
17810,7254.439
17811,25008.51
17812,13686.524
17813,5469.1675
17814,5794.924
17815,48319.695
17816,10394.881
17817,5838.044
17818,6010.096
17819,9784.42
17820,9544.396
17821,5650.609
17822,129280.11
17823,11933.079
17824,8247.776
17825,9336.574
17826,19541.545
17827,5348.21
17828,16443.264
17829,7042.4937
17830,8366.914
17831,7093.0522
17832,48826.92
17833,12094.415
17834,4499.5728
17835,17436.047
17836,15318.261
17837,6177.093
17838,7110.716
17839,4409.721
17840,7093.0654
17841,41379.258
17842,27800.371
17843,6152.5684
17844,6070.5454
17845,7543.735
17846,11876.706
17847,5629.7314
17848,9781.823
17849,7659.179
17850,30896.26
17851,31771.55
17852,5036.106
17853,43940.74
17854,13436.884
17855,8089.8716
17856,34800.35
17857,37341.8
17858,101085.914
17859,4041.0022
17860,10741.005
17861,7955.316
17862,10175.119
17863,7299.613
17864,7605.136
17865,7590.16
17866,15791.641
17867,8994.1
17868,7068.3247
17869,17397.924
17870,10872.067
17871,101834.8
17872,17265.88
17873,7468.466
17874,6370.4214
17875,4225.015
17876,6608.6074
17877,30434.387
17878,47108.695
17879,9952.576
17880,4875.4814
17881,8232.4795
17882,53700.87
17883,5971.45
17884,11534.478
17885,5597.55
17886,5254.0083
17887,7813.564
17888,8558.941
17889,6006.812
17890,34340.383
17891,7854.2983
17892,7454.2397
17893,15463.295
17894,13352.565
17895,8630.741
17896,35647.895
17897,336784.88
17898,19875.676
17899,8483.43
17900,26192.5
17901,7178.6353
17902,19509.137
17903,10600.617
17904,4503.1646
17905,5849.589
17906,8717.112
17907,14663.307
17908,6408.866
17909,7087.5767
17910,9074.807
17911,17747.395
17912,21610.863
17913,5568.336
17914,5418.071
17915,12402.673
17916,7684.012
17917,65195.074
17918,9353.3
17919,9423.431
17920,3866.8157
17921,8237.263
17922,4988.631
17923,66198.42
17924,8454.575
17925,38484.766
17926,6142.6313
17927,5295.8325
17928,10975.45
17929,73142.91
17930,5538.828
17931,7850.3833
17932,9563.035
17933,4294.3096
17934,9067.542
17935,52865.06
17936,4210.612
17937,7814.4556
17938,6798.069
17939,9878.006
17940,3654.6687
17941,48816.727
17942,72412.33
17943,10543.011
17944,9838.343
17945,8829.836
17946,8611.171
17947,6272.9976
17948,58813.586
17949,25978.55
17950,16607.715
17951,8644.758
17952,13347.845
17953,22017.209
17954,25456.25
17955,9560.839
17956,7580.4546
17957,10492.582
17958,6798.069
17959,6009.1396
17960,7127.1987
17961,13717.3125
17962,7512.9736
17963,10993.76
17964,18200.285
17965,13412.396
17966,6719.915
17967,7351.662
17968,16483.621
17969,10121.199
17970,33402.043
17971,125429.57
17972,263993.38
17973,8171.2095
17974,131601.72
17975,7690.8843
17976,26978.541
17977,30740.855
17978,74351.43
17979,12435.762
17980,49806.14
17981,6466.331
17982,5102.151
17983,6429.5234
17984,30656.37
17985,6237.365
17986,78423.23
17987,75948.445
17988,102533.1
17989,5971.0347
17990,23883.152
17991,12249.554
17992,6193.522
17993,47491.574
17994,4578.383
17995,25688.06
17996,12719.824
17997,3791.2463
17998,22744.375
17999,60860.84
18000,17704.83
18001,6701.775
18002,28624.26
18003,224574.44
18004,9648.969
18005,19897.6
18006,11323.389
18007,6021.6924
18008,6275.8467
18009,9033.645
18010,21617.752
18011,7930.4385
18012,9499.02
18013,6669.8154
18014,8214.86
18015,6379.9736
18016,10236.161
18017,7665.3804
18018,12805.786
18019,160567.81
18020,8581.232
18021,5323.05
18022,6215.776
18023,54961.777
18024,11832.692
18025,19551.514
18026,90068.164
18027,40787.582
18028,11438.087
18029,13319.504
18030,5399.0073
18031,5730.396
18032,27708.078
18033,188260.6
18034,19157.227
18035,5459.543
18036,14010.38
18037,11935.283
18038,12829.445
18039,5478.898
18040,9086.275
18041,9186.867
18042,14835.82
18043,16324.608
18044,18211.77
18045,33802.098
18046,6298.302
18047,19877.814
18048,4836.6123
18049,7950.1455
18050,5380.549
18051,60224.93
18052,153282.1
18053,8649.709
18054,10318.246
18055,65475.285
18056,24366.166
18057,5310.6016
18058,5538.8413
18059,57605.65
18060,10043.179
18061,3553.983
18062,9667.505
18063,96938.92
18064,7202.7
18065,11717.76
18066,4248.1646
18067,8836.291
18068,31218.312
18069,98959.89
18070,7050.5757
18071,42928.863
18072,104778.66
18073,21452.846
18074,76150.03
18075,64633.258
18076,15291.665
18077,18067.74
18078,7392.676
18079,70907.47
18080,149609.4
18081,39586.004
18082,11512.348
18083,12635.48
18084,9504.091
18085,8763.382
18086,4447.6953
18087,8174.5806
18088,7120.546
18089,16005.5205
18090,44909.652
18091,5562.7305
18092,13758.176
18093,71410.6
18094,7435.6597
18095,20661.096
18096,4833.241
18097,6648.3906
18098,52931.195
18099,36923.496
18100,5695.1475
18101,8222.264
18102,34689.406
18103,5636.6245
18104,7017.3794
18105,5661.9565
18106,48422.812
18107,5572.6113
18108,5731.9204
18109,9317.843
18110,13210.58
18111,18204.186
18112,109838.78
18113,86127.61
18114,8836.291
18115,4760.819
18116,174586.23
18117,7193.791
18118,6182.3257
18119,15457.07
18120,4886.5776
18121,5812.0957
18122,55683.746
18123,61198.88
18124,10235.495
18125,4612.757
18126,6209.435
18127,21512.19
18128,5848.468
18129,4203.8887
18130,7452.874
18131,5421.07
18132,8862.823
18133,9458.443
18134,51220.8
18135,10016.662
18136,15211.45
18137,8083.7026
18138,7813.4
18139,181336.67
18140,6902.827
18141,161787.56
18142,6384.1167
18143,4529.0757
18144,5681.8384
18145,7013.593
18146,15800.015
18147,23166.648
18148,6768.147
18149,8686.133
18150,9448.202
18151,8924.442
18152,20593.518
18153,6277.006
18154,145759.86
18155,4552.923
18156,5797.163
18157,86534.57
18158,32692.479
18159,10131.328
18160,8243.898
18161,5730.924
18162,100486.63
18163,19157.227
18164,11367.145
18165,118953.78
18166,18767.91
18167,56148.035
18168,5847.2188
18169,5509.6133
18170,58804.688
18171,3621.4072
18172,5450.5107
18173,7701.8467
18174,9354.379
18175,120189.68
18176,32361.445
18177,7784.9434
18178,10413.213
18179,9564.189
18180,27137.582
18181,5241.1636
18182,6258.321
18183,32808.152
18184,6996.27
18185,6267.998
18186,4840.139
18187,4341.7075
18188,6168.6606
18189,6142.0117
18190,8237.093
18191,189151.0
18192,3009.6528
18193,10131.328
18194,10623.855
18195,117434.46
18196,11998.248
18197,8369.365
18198,23748.795
18199,7769.01
18200,12435.762
18201,19751.475
18202,46637.37
18203,7603.083
18204,5481.7827
18205,16384.201
18206,6364.0557
18207,16536.06
18208,7859.3994
18209,6337.349
18210,11369.28
18211,9934.012
18212,15063.364
18213,8960.22
18214,8982.904
18215,4602.398
18216,8712.336
18217,282728.72
18218,9833.955
18219,7691.541
18220,5717.6294
18221,13110.163
18222,13236.088
18223,7267.8037
18224,12542.617
18225,6440.345
18226,7792.454
18227,14334.431
18228,10464.473
18229,20803.027
18230,7515.2603
18231,10159.4795
18232,12013.412
18233,5965.663
18234,29061.805
18235,10880.026
18236,11584.141
18237,6754.091
18238,7342.2104
18239,16338.184
18240,20316.86
18241,5659.062
18242,53247.473
18243,186744.55
18244,7515.341
18245,5480.155
18246,5079.411
18247,17199.002
18248,70589.086
18249,8768.139
18250,7312.4907
18251,5372.938
18252,16830.201
18253,7607.0137
18254,8739.03
18255,4948.695
18256,8253.968
18257,6242.2676
18258,36973.27
18259,5931.3584
18260,8692.445
18261,7003.1807
18262,6147.549
18263,6352.4624
18264,6248.049
18265,25082.773
18266,6537.3555
18267,8773.653
18268,6684.279
18269,8584.456
18270,5459.3164
18271,45595.82
18272,10543.011
18273,7471.075
18274,7186.9136
18275,5793.36
18276,190105.25
18277,15181.093
18278,7011.7256
18279,6085.709
18280,7503.826
18281,11216.428
18282,20361.06
18283,5550.8105
18284,14740.964
18285,4395.1646
18286,8574.609
18287,6309.4497
18288,5735.3916
18289,7641.13
18290,8016.587
18291,5683.2627
18292,9676.906
18293,5801.752
18294,86931.68
18295,7244.5
18296,9097.415
18297,7263.189
18298,9013.947
18299,6763.3486
18300,10453.556
18301,6791.2383
18302,4024.2122
18303,8955.836
18304,213407.77
18305,6600.3774
18306,8118.039
18307,8361.239
18308,8579.845
18309,5833.296
18310,8248.753
18311,13759.316
18312,21392.354
18313,6726.177
18314,8268.474
18315,29651.04
18316,59731.2
18317,9709.606
18318,7752.4497
18319,6666.058
18320,9809.131
18321,8418.709
18322,11218.365
18323,10735.499
18324,9126.435
18325,9221.184
18326,7075.773
18327,7269.019
18328,170769.31
18329,3357.611
18330,153977.64
18331,8764.571
18332,12188.31
18333,4106.6875
18334,4300.187
18335,6047.442
18336,7808.5547
18337,9303.601
18338,23432.22
18339,41221.426
18340,98131.164
18341,8805.229
18342,15510.368
18343,35577.68
18344,29699.379
18345,21533.537
18346,11932.839
18347,12727.917
18348,6607.6826
18349,8578.681
18350,5526.238
18351,7080.841
18352,128523.01
18353,10699.999
18354,11707.906
18355,256688.17
18356,7521.0933
18357,12734.561
18358,34607.86
18359,10190.384
18360,4998.1763
18361,7741.4917
18362,14311.81
18363,59482.35
18364,7066.796
18365,13186.853
18366,176218.38
18367,19023.562
18368,5742.0103
18369,5323.9146
18370,4833.668
18371,7591.0513
18372,4942.399
18373,12125.743
18374,36567.145
18375,9582.15
18376,6590.055
18377,7410.174
18378,7401.863
18379,23486.703
18380,5798.5933
18381,11762.787
18382,6192.7617
18383,8429.362
18384,6325.067
18385,35858.957
18386,43282.15
18387,16654.752
18388,39001.52
18389,3665.1807
18390,17817.33
18391,7685.0034
18392,11380.134
18393,6229.695
18394,6837.2593
18395,12235.564
18396,10014.008
18397,37490.62
18398,17212.139
18399,6441.929
18400,7252.096
18401,8351.463
18402,39826.19
18403,8555.642
18404,6965.2617
18405,5141.082
18406,6599.542
18407,12678.876
18408,6528.0723
18409,104049.18
18410,54036.105
18411,52153.023
18412,9000.039
18413,13576.217
18414,143183.6
18415,147469.9
18416,5156.6313
18417,5775.446
18418,4702.084
18419,15865.771
18420,19886.932
18421,5022.3564
18422,51705.293
18423,8878.107
18424,5903.1533
18425,132716.31
18426,8028.9023
18427,10402.87
18428,5984.166
18429,7705.754
18430,13304.696
18431,5636.547
18432,8592.695
18433,7667.356
18434,7232.21
18435,6554.8315
18436,3629.0115
18437,3091.0503
18438,41515.29
18439,4271.742
18440,8331.312
18441,5175.298
18442,24208.693
18443,8143.46
18444,45469.26
18445,18059.102
18446,8109.5933
18447,8503.437
18448,17177.492
18449,5828.871
18450,89382.27
18451,7273.684
18452,4167.8564
18453,7745.814
18454,5843.6646
18455,8412.105
18456,7234.579
18457,29071.762
18458,9054.967
18459,7112.391
18460,7097.691
18461,115696.48
18462,7885.5166
18463,59359.555
18464,47610.305
18465,4542.576
18466,6537.323
18467,6368.3765
18468,39493.92
18469,6335.642
18470,5983.469
18471,4591.276
18472,6197.8364
18473,16878.488
18474,28954.672
18475,29336.191
18476,7780.1143
18477,9964.772
18478,18602.238
18479,12364.295
18480,13031.642
18481,5001.7495
18482,6805.4395
18483,12742.271
18484,107443.51
18485,13884.2
18486,279653.78
18487,10480.81
18488,5778.122
18489,8099.765
18490,17774.21
18491,6766.9404
18492,5904.2964
18493,13783.633
18494,23339.225
18495,5487.096
18496,7771.5757
18497,4739.1987
18498,5905.0464
18499,107069.016
18500,5302.9766
18501,9808.575
18502,8049.983
18503,17213.98
18504,35555.332
18505,165933.84
18506,11090.977
18507,6063.619
18508,10501.688
18509,8555.155
18510,4912.809
18511,14541.401
18512,7721.408
18513,16027.511
18514,24901.89
18515,11432.205
18516,5699.911
18517,11415.653
18518,7619.465
18519,80840.54
18520,10386.432
18521,21186.912
18522,10326.762
18523,7399.8267
18524,10048.496
18525,6438.5967
18526,19324.3
18527,65622.2
18528,58737.617
18529,6955.499
18530,4836.875
18531,8418.412
18532,17408.994
18533,256688.17
18534,6396.3584
18535,4969.5713
18536,7733.6533
18537,7706.168
18538,8424.509
18539,11881.88
18540,18248.09
18541,5555.9316
18542,5008.249
18543,6271.219
18544,11164.23
18545,7606.9805
18546,89737.16
18547,7441.0273
18548,12109.529
18549,6816.8667
18550,7320.653
18551,8534.988
18552,7553.758
18553,11126.561
18554,4133.413
18555,8427.481
18556,11443.219
18557,47900.6
18558,30973.344
18559,53538.855
18560,8664.125
18561,9937.915
18562,22764.205
18563,30531.701
18564,6776.7007
18565,45664.26
18566,8607.394
18567,64633.258
18568,110961.14
18569,64744.74
18570,13248.682
18571,19954.363
18572,12764.139
18573,12882.368
18574,6835.951
18575,16201.514
18576,7528.725
18577,32347.87
18578,9629.558
18579,46965.07
18580,22374.633
18581,11153.832
18582,6151.049
18583,130631.016
18584,8689.534
18585,2964.8015
18586,9511.538
18587,8824.766
18588,10510.044
18589,7390.798
18590,9237.839
18591,22769.78
18592,6683.307
18593,337122.56
18594,7873.0537
18595,5083.759
18596,71716.2
18597,7913.466
18598,12485.859
18599,9247.161
18600,4093.538
18601,154299.78
18602,12856.169
18603,7881.016
18604,6332.137
18605,23694.97
18606,13348.462
18607,303206.34
18608,8229.2295
18609,7112.6016
18610,7852.993
18611,5859.518
18612,7568.131
18613,7084.7227
18614,7731.7188
18615,5770.1978
18616,5659.1533
18617,36918.04
18618,8078.847
18619,32381.744
18620,160886.1
18621,9288.521
18622,11214.993
18623,25805.473
18624,23070.91
18625,7232.6353
18626,205923.95
18627,20325.59
18628,5386.1187
18629,14372.513
18630,21676.281
18631,93552.31
18632,6319.665
18633,5821.8154
18634,35369.086
18635,8653.265
18636,27300.852
18637,6403.7905
18638,5275.6387
18639,18988.432
18640,5714.613
18641,9122.191
18642,33025.984
18643,5099.781
18644,8995.656
18645,6169.9146
18646,24101.754
18647,6707.1104
18648,5006.003
18649,6916.6836
18650,6892.6113
18651,17622.238
18652,41651.082
18653,9361.274
18654,7084.087
18655,5222.0903
18656,10499.035
18657,7477.9497
18658,203282.98
18659,5395.58
18660,7308.5767
18661,6244.874
18662,5883.591
18663,9017.869
18664,8042.013
18665,3246.4192
18666,6732.6123
18667,11797.529
18668,5568.336
18669,6480.3354
18670,5295.869
18671,15865.444
18672,9675.308
18673,53475.44
18674,8154.442
18675,9206.307
18676,12987.767
18677,10398.81
18678,27345.63
18679,7675.6562
18680,5485.852
18681,9691.819
18682,6787.2217
18683,4799.0386
18684,15044.921
18685,34782.387
18686,11570.613
18687,6184.296
18688,5899.85
18689,9867.204
18690,209520.98
18691,232831.33
18692,20635.357
18693,46506.094
18694,9049.646
18695,7255.838
18696,16416.393
18697,9815.383
18698,4017.5688
18699,10881.785
18700,5652.0605
18701,26435.05
18702,10750.168
18703,6980.8286
18704,6816.3926
18705,6752.491
18706,5009.3965
18707,7722.3574
18708,13123.63
18709,6324.8447
18710,5710.3687
18711,5016.8594
18712,7243.317
18713,56882.055
18714,7835.7515
18715,11511.789
18716,5533.061
18717,17804.863
18718,106962.445
18719,16232.822
18720,297056.5
18721,5149.527
18722,8918.732
18723,14695.913
18724,7618.5547
18725,6890.5303
18726,6063.2085
18727,7352.3286
18728,44477.188
18729,6503.2954
18730,8816.659
18731,18572.258
18732,8892.82
18733,79518.46
18734,6350.3755
18735,9455.302
18736,11192.071
18737,8003.7017
18738,26122.094
18739,13764.141
18740,4825.6377
18741,17939.377
18742,7140.7407
18743,15344.846
18744,9421.061
18745,77127.48
18746,7883.6514
18747,7708.9365
18748,8874.859
18749,21239.633
18750,12614.961
18751,11199.136
18752,23726.098
18753,6937.125
18754,5543.2617
18755,22525.312
18756,6025.7046
18757,14600.901
18758,5671.737
18759,10765.828
18760,54398.64
18761,5848.2153
18762,25612.215
18763,6470.6895
18764,8990.364
18765,12956.16
18766,4516.8037
18767,12264.671
18768,5121.6006
18769,5718.999
18770,4755.205
18771,16074.673
18772,166420.61
18773,11694.652
18774,160597.33
18775,4942.387
18776,52421.93
18777,7420.6865
18778,6764.3984
18779,11980.023
18780,7056.438
18781,6793.895
18782,5655.062
18783,7819.616
18784,3349.851
18785,19376.395
18786,10171.789
18787,9438.944
18788,29899.908
18789,6423.847
18790,6772.2476
18791,6231.449
18792,9064.66
18793,5704.2393
18794,213787.8
18795,4406.442
18796,67563.375
18797,9718.62
18798,5572.6113
18799,10340.232
18800,232397.58
18801,8296.73
18802,23893.334
18803,9798.804
18804,7692.618
18805,58186.535
18806,21352.934
18807,14064.404
18808,7126.3965
18809,7987.1323
18810,38449.008
18811,62895.094
18812,7284.669
18813,47625.22
18814,5901.95
18815,7457.2095
18816,4774.8496
18817,7348.4893
18818,9751.611
18819,5466.03
18820,49219.46
18821,21720.129
18822,9735.373
18823,8260.296
18824,9856.076
18825,12390.132
18826,5337.9067
18827,19897.6
18828,32927.594
18829,8194.052
18830,7651.6445
18831,21834.793
18832,4909.8086
18833,5404.4697
18834,6501.9106
18835,9518.386
18836,30491.912
18837,13852.124
18838,5879.9727
18839,6833.553
18840,6474.5854
18841,6305.854
18842,130802.97
18843,17671.5
18844,4532.5225
18845,8433.378
18846,60063.484
18847,7020.3003
18848,5393.459
18849,11000.779
18850,9850.645
18851,6203.405
18852,10087.624
18853,54398.64
18854,8017.7734
18855,23849.94
18856,18348.938
18857,8046.165
18858,36691.066
18859,7176.1606
18860,10072.821
18861,5466.902
18862,8796.725
18863,11096.844
18864,11261.162
18865,146540.47
18866,9725.54
18867,28585.516
18868,3758.046
18869,9720.052
18870,8571.437
18871,9741.689
18872,136711.6
18873,11204.005
18874,9861.838
18875,178796.44
18876,9851.27
18877,3651.809
18878,12018.551
18879,10744.296
18880,40670.94
18881,10979.558
18882,5321.6074
18883,10029.329
18884,106852.5
18885,12226.959
18886,6574.041
18887,7801.9917
18888,6619.165
18889,10236.683
18890,11817.476
18891,4941.345
18892,4233.938
18893,12017.57
18894,130117.56
18895,8354.109
18896,3617.1487
18897,34019.13
18898,3559.9514
18899,5602.0156
18900,7303.8164
18901,6667.7256
18902,5732.2183
18903,11770.463
18904,8200.557
18905,6211.255
18906,17377.145
18907,5244.02
18908,5737.5273
18909,23078.133
18910,8013.2334
18911,7019.6045
18912,5874.626
18913,89239.164
18914,5979.2314
18915,8135.0376
18916,9604.205
18917,4931.84
18918,7013.3027
18919,58739.688
18920,9765.892
18921,105861.63
18922,4544.804
18923,7809.9043
18924,5146.8125
18925,6707.504
18926,7894.1875
18927,6515.595
18928,22087.627
18929,10809.525
18930,28511.29
18931,18295.38
18932,14014.33
18933,9650.05
18934,5624.853
18935,72834.66
18936,7970.8853
18937,17494.47
18938,5384.5063
18939,8125.619
18940,57775.918
18941,31603.975
18942,71082.61
18943,13421.263
18944,27677.34
18945,7349.7207
18946,28415.89
18947,6742.5884
18948,7839.4956
18949,3672.967
18950,14173.286
18951,15455.301
18952,5242.8257
18953,8065.717
18954,7072.857
18955,6320.5034
18956,47740.824
18957,12597.315
18958,7116.1855
18959,9452.593
18960,12941.587
18961,7651.1147
18962,37237.688
18963,30115.541
18964,4821.836
18965,5966.2363
18966,12368.7295
18967,15538.138
18968,198500.61
18969,9615.134
18970,9210.398
18971,25741.098
18972,6307.374
18973,10707.149
18974,10396.422
18975,10675.168
18976,20977.668
18977,19669.86
18978,4898.9863
18979,21477.223
18980,6554.7715
18981,6922.8643
18982,5052.2593
18983,8471.182
18984,9313.75
18985,5910.659
18986,8762.737
18987,8624.092
18988,9622.065
18989,13340.796
18990,6301.7803
18991,13476.739
18992,7053.013
18993,10616.933
18994,5395.689
18995,6815.401
18996,7403.538
18997,5710.4727
18998,5966.5176
18999,21517.457
19000,6368.1484
19001,7135.6064
19002,10701.422
19003,6896.6597
19004,15466.355
19005,12700.431
19006,7638.7036
19007,9832.191
19008,38610.77
19009,6015.553
19010,9247.027
19011,12512.631
19012,34014.56
19013,48108.117
19014,8739.142
19015,12746.866
19016,6563.007
19017,8766.738
19018,6142.339
19019,8826.816
19020,10230.116
19021,63660.7
19022,6351.0166
19023,7927.906
19024,6580.9736
19025,6397.816
19026,11088.862
19027,10110.051
19028,33768.42
19029,8055.772
19030,10050.07
19031,4932.435
19032,7242.2446
19033,7477.3394
19034,27133.5
19035,100928.24
19036,8162.292
19037,5824.288
19038,26309.729
19039,19559.648
19040,4612.757
19041,7054.8296
19042,6604.9146
19043,15326.842
19044,154425.17
19045,5336.13
19046,7681.3438
19047,131431.16
19048,6431.2217
19049,15426.892
19050,6533.775
19051,5620.2153
19052,3310.091
19053,106332.54
19054,1393.0591
19055,7217.5947
19056,4918.536
19057,6618.552
19058,6683.633
19059,8081.2324
19060,3786.9607
19061,7927.895
19062,21065.498
19063,28375.146
19064,5105.374
19065,8921.76
19066,95069.41
19067,137467.44
19068,68614.36
19069,6981.8735
19070,6954.638
19071,46892.215
19072,51781.844
19073,3679.2083
19074,7626.5264
19075,5274.348
19076,11452.751
19077,5458.7207
19078,184264.52
19079,4891.9272
19080,6153.295
19081,7605.8604
19082,4686.4575
19083,5013.339
19084,8768.56
19085,7846.2876
19086,161797.75
19087,5395.2524
19088,7847.9927
19089,11830.312
19090,134741.72
19091,28147.543
19092,10851.765
19093,10131.328
19094,11901.517
19095,12092.191
19096,5439.4395
19097,11552.961
19098,45011.746
19099,27189.86
19100,7678.387
19101,7698.8154
19102,192522.98
19103,42808.426
19104,9617.987
19105,7352.5737
19106,14209.61
19107,17428.322
19108,77621.32
19109,7184.284
19110,7966.7363
19111,33298.383
19112,39140.64
19113,5325.363
19114,12925.032
19115,4894.4946
19116,9956.43
19117,5892.8066
19118,228048.22
19119,5933.0713
19120,6723.0957
19121,9384.542
19122,11177.879
19123,8513.897
19124,7430.64
19125,8084.7095
19126,105526.91
19127,7917.6226
19128,6112.1157
19129,6471.3145
19130,6723.704
19131,7682.7656
19132,6024.142
19133,7593.307
19134,30893.918
19135,45849.566
19136,7139.77
19137,16269.061
19138,6466.2466
19139,5057.5796
19140,15848.995
19141,7745.291
19142,4547.0747
19143,9922.009
19144,8451.407
19145,6579.0195
19146,11366.963
19147,127717.26
19148,10428.166
19149,6823.383
19150,15262.585
19151,207327.12
19152,6298.008
19153,5669.487
19154,5271.028
19155,6605.742
19156,6263.8105
19157,63000.008
19158,47711.33
19159,18246.168
19160,9953.344
19161,8051.508
19162,6810.7666
19163,8556.176
19164,6370.561
19165,6253.3823
19166,6318.0225
19167,8037.0024
19168,31214.531
19169,91870.85
19170,8664.482
19171,11964.512
19172,6382.659
19173,6824.134
19174,184297.47
19175,10190.485
19176,21752.508
19177,7341.969
19178,9457.022
19179,13268.825
19180,7380.809
19181,7758.556
19182,7218.373
19183,81950.15
19184,8485.244
19185,10932.137
19186,6736.6504
19187,7319.2075
19188,8485.653
19189,31683.469
19190,5373.428
19191,4157.589
19192,16175.061
19193,12944.508
19194,7431.269
19195,5237.123
19196,7687.7275
19197,7729.9307
19198,6881.9707
19199,91039.08
19200,12861.488
19201,9257.119
19202,7004.7397
19203,22340.28
19204,5769.812
19205,6783.834
19206,13722.636
19207,7612.5234
19208,6322.33
19209,7424.6787
19210,149235.78
19211,8180.619
19212,7872.95
19213,10894.924
19214,11664.178
19215,13296.016
19216,20628.701
19217,103927.44
19218,8436.077
19219,8461.003
19220,5671.636
19221,50522.996
19222,3955.1538
19223,9956.744
19224,4247.1455
19225,7999.347
19226,8874.252
19227,4820.0156
19228,27630.445
19229,6387.428
19230,6205.094
19231,17444.639
19232,5144.1323
19233,5081.3257
19234,6721.401
19235,28971.414
19236,104265.94
19237,7890.117
19238,5287.306
19239,7948.54
19240,6171.439
19241,8208.916
19242,7664.366
19243,8797.189
19244,6492.8433
19245,5834.2817
19246,45645.266
19247,13117.578
19248,100197.93
19249,18510.777
19250,9259.848
19251,6296.7383
19252,129995.586
19253,19787.17
19254,46452.51
19255,11690.137
19256,127959.04
19257,12148.681
19258,8955.836
19259,8157.0513
19260,5783.3657
19261,11588.989
19262,12005.676
19263,45133.176
19264,6076.5757
19265,10358.058
19266,33310.273
19267,131601.72
19268,9113.337
19269,9730.591
19270,77368.734
19271,7051.504
19272,10216.64
19273,7209.4824
19274,8063.1973
19275,4835.3413
19276,8994.496
19277,6233.835
19278,50812.152
19279,30958.33
19280,9598.223
19281,24299.902
19282,8617.408
19283,7348.5073
19284,14125.961
19285,7001.126
19286,106306.06
19287,5135.4126
19288,6074.2544
19289,4824.1343
19290,7522.475
19291,9178.642
19292,4928.735
19293,9382.112
19294,6306.3296
19295,23232.066
19296,6146.9595
19297,6835.951
19298,6736.908
19299,7180.0874
19300,11385.957
19301,178188.4
19302,10976.739
19303,6517.6387
19304,72919.51
19305,6002.528
19306,6406.4233
19307,6719.8545
19308,7569.373
19309,7421.995
19310,9303.832
19311,5645.388
19312,254242.81
19313,5818.8926
19314,60985.66
19315,7805.2383
19316,18455.156
19317,11848.158
19318,4935.444
19319,34023.586
19320,8593.213
19321,9190.69
19322,9392.727
19323,21012.594
19324,6862.7437
19325,4039.8147
19326,9976.267
19327,97820.266
19328,5974.369
19329,7838.0723
19330,9097.415
19331,8407.069
19332,9225.074
19333,44121.035
19334,9033.676
19335,8209.745
19336,12188.251
19337,6520.033
19338,18584.5
19339,8544.171
19340,8114.1074
19341,7877.3467
19342,86470.016
19343,8815.361
19344,7645.5903
19345,81073.625
19346,5975.014
19347,8989.789
19348,4526.2637
19349,36753.734
19350,6999.0435
19351,32684.084
19352,9027.76
19353,4487.9727
19354,68668.09
19355,6338.214
19356,16805.092
19357,11873.442
19358,8065.205
19359,7225.9985
19360,7366.443
19361,9514.492
19362,9831.453
19363,10429.492
19364,8053.1494
19365,19970.523
19366,26117.691
19367,163792.62
19368,7403.7744
19369,47610.305
19370,19832.293
19371,5129.211
19372,90068.164
19373,20491.74
19374,32913.965
19375,10383.286
19376,5725.5283
19377,13519.447
19378,70413.96
19379,10907.044
19380,9830.818
19381,5586.7974
19382,50159.926
19383,7843.353
19384,126053.36
19385,7640.301
19386,6162.702
19387,20263.73
19388,144824.08
19389,14309.969
19390,5722.342
19391,9616.536
19392,63851.777
19393,7232.067
19394,9022.645
19395,9450.522
19396,128305.55
19397,25141.473
19398,9153.45
19399,5448.293
19400,17770.627
19401,6370.7603
19402,5956.794
19403,23953.746
19404,14280.28
19405,27287.252
19406,3888.0789
19407,6630.0776
19408,11707.755
19409,8689.057
19410,6436.859
19411,12422.989
19412,5180.105
19413,5722.342
19414,7988.9805
19415,50588.44
19416,4416.797
19417,8251.585
19418,6863.6226
19419,4732.3486
19420,4950.8066
19421,6706.393
19422,5376.2734
19423,7088.0127
19424,371266.25
19425,3250.4429
19426,57340.254
19427,29809.053
19428,8018.953
19429,61746.062
19430,9062.562
19431,5495.679
19432,17294.154
19433,13514.165
19434,19868.72
19435,3530.4866
19436,9150.063
19437,14094.672
19438,12444.612
19439,28069.97
19440,30264.273
19441,9169.493
19442,22725.377
19443,7383.1987
19444,9526.829
19445,4814.0557
19446,4522.8555
19447,32527.248
19448,6817.0356
19449,6939.75
19450,8081.967
19451,24784.605
19452,192696.23
19453,13867.243
19454,64313.082
19455,252679.34
19456,7405.738
19457,4655.1074
19458,172522.66
19459,9911.35
19460,18725.408
19461,20818.99
19462,5662.1284
19463,8204.567
19464,12645.762
19465,7138.267
19466,7749.819
19467,5376.2207
19468,6146.3647
19469,71373.84
19470,40078.695
19471,171529.64
19472,9477.089
19473,19979.94
19474,7806.115
19475,9006.519
19476,66991.66
19477,8381.551
19478,28119.092
19479,41099.598
19480,5929.5527
19481,10532.738
19482,24723.715
19483,11107.378
19484,8628.615
19485,16994.96
19486,9836.71
19487,3160.7322
19488,8615.242
19489,6557.18
19490,8769.216
19491,7700.5967
19492,8623.765
19493,6027.256
19494,14332.787
19495,4156.0723
19496,8713.532
19497,6973.851
19498,9984.76
19499,15594.14
19500,6102.955
19501,7598.662
19502,22641.95
19503,12561.488
19504,8322.203
19505,10559.294
19506,7333.114
19507,7235.887
19508,11605.843
19509,10139.32
19510,4507.9736
19511,6503.536
19512,77087.266
19513,11273.039
19514,8367.455
19515,11976.123
19516,19672.166
19517,2695.753
19518,8056.7197
19519,16027.296
19520,10247.035
19521,173032.23
19522,8221.3545
19523,45013.805
19524,6077.1772
19525,30780.717
19526,5934.49
19527,32364.504
19528,8569.455
19529,11406.408
19530,7891.724
19531,15313.903
19532,9406.504
19533,10793.587
19534,10589.727
19535,150328.56
19536,5879.9697
19537,5361.9043
19538,82085.94
19539,14632.306
19540,7497.2695
19541,22375.035
19542,15078.446
19543,44643.754
19544,7053.013
19545,18773.094
19546,8186.1104
19547,23005.455
19548,20355.32
19549,9323.873
19550,53984.266
19551,9544.77
19552,13247.229
19553,6878.0566
19554,1110.1217
19555,7746.048
19556,159398.36
19557,7502.0376
19558,8404.072
19559,82041.086
19560,9015.104
19561,7476.608
19562,9541.226
19563,26605.312
19564,10277.925
19565,7059.399
19566,11266.589
19567,33766.023
19568,9297.991
19569,6858.416
19570,46429.23
19571,219466.8
19572,8346.194
19573,7487.4995
19574,8439.729
19575,12505.813
19576,5527.9717
19577,21494.566
19578,7738.194
19579,5309.5996
19580,6746.186
19581,9254.927
19582,19702.361
19583,30005.98
19584,8004.5713
19585,15704.347
19586,5074.0557
19587,26314.541
19588,4241.6963
19589,5760.5513
19590,9629.791
19591,30769.47
19592,5547.139
19593,8495.419
19594,7571.7964
19595,4436.5337
19596,5325.11
19597,50650.645
19598,33920.0
19599,7412.1177
19600,55947.25
19601,9590.131
19602,7544.295
19603,7112.391
19604,31327.625
19605,10314.728
19606,22738.549
19607,81193.44
19608,28129.412
19609,19431.35
19610,5682.9263
19611,7211.8755
19612,5197.0317
19613,12678.876
19614,130463.77
19615,7528.6685
19616,278209.84
19617,8425.974
19618,4902.5967
19619,7411.6987
19620,10322.815
19621,6107.809
19622,10198.497
19623,254399.22
19624,55878.215
19625,7861.836
19626,17120.234
19627,10959.622
19628,3955.4893
19629,22098.135
19630,5699.2954
19631,5972.6177
19632,4818.5713
19633,10780.368
19634,7469.4575
19635,10052.746
19636,21004.043
19637,8731.553
19638,4887.4507
19639,8457.84
19640,6839.482
19641,13802.815
19642,11406.029
19643,28106.41
19644,107435.625
19645,6169.771
19646,8710.376
19647,5289.207
19648,5641.2837
19649,6865.955
19650,6012.3228
19651,14207.708
19652,9296.952
19653,9844.838
19654,26061.844
19655,5767.464
19656,18639.656
19657,14061.72
19658,9879.602
19659,6784.763
19660,10014.049
19661,7285.2837
19662,7487.743
19663,7787.7944
19664,5532.698
19665,3050.208
19666,5598.2485
19667,138071.28
19668,7894.3877
19669,75410.43
19670,4586.306
19671,10125.465
19672,173415.19
19673,7712.8823
19674,11221.097
19675,6721.7783
19676,9311.246
19677,9285.552
19678,6977.3813
19679,7809.0073
19680,124246.266
19681,11514.674
19682,7023.9272
19683,11210.357
19684,32734.229
19685,6011.4995
19686,7799.1973
19687,10870.455
19688,7569.588
19689,25076.875
19690,7890.2163
19691,126116.41
19692,94506.79
19693,8543.715
19694,24739.066
19695,26875.623
19696,4384.6597
19697,13878.338
19698,10723.007
19699,44398.625
19700,5348.647
19701,5977.0024
19702,7215.578
19703,47840.703
19704,257716.16
19705,12918.972
19706,7204.5986
19707,30936.834
19708,8199.852
19709,10159.079
19710,12150.826
19711,4632.1104
19712,7981.095
19713,15444.272
19714,13404.955
19715,30109.809
19716,57878.492
19717,7651.893
19718,17992.438
19719,6519.6504
19720,12552.345
19721,5970.4976
19722,8387.891
19723,58926.625
19724,18572.258
19725,7031.859
19726,21515.06
19727,14446.579
19728,8103.057
19729,8335.393
19730,15877.645
19731,6093.5737
19732,5843.0884
19733,5910.5254
19734,5913.414
19735,89082.36
19736,9272.685
19737,4683.5034
19738,9712.627
19739,14517.672
19740,4515.658
19741,27677.816
19742,7425.6084
19743,22913.81
19744,21919.299
19745,35930.383
19746,33894.035
19747,136088.77
19748,132274.98
19749,131082.5
19750,42436.91
19751,156162.39
19752,3920.7705
19753,4887.5996
19754,6217.96
19755,32078.367
19756,5527.35
19757,9551.766
19758,14464.014
19759,6419.1987
19760,5683.6777
19761,17355.592
19762,26752.836
19763,12242.369
19764,63549.254
19765,10293.978
19766,6091.592
19767,12242.911
19768,7915.3516
19769,7266.1694
19770,9462.867
19771,187974.86
19772,5969.1777
19773,59243.176
19774,16502.951
19775,7965.3574
19776,9402.642
19777,6182.108
19778,12682.685
19779,43282.15
19780,4747.3984
19781,56959.246
19782,6719.3037
19783,3888.405
19784,14966.537
19785,6567.1104
19786,127885.83
19787,4637.434
19788,3670.266
19789,130162.32
19790,5207.508
19791,106708.89
19792,17335.97
19793,5718.6553
19794,17053.62
19795,8398.402
19796,75303.28
19797,12916.694
19798,19287.938
19799,11473.123
19800,7727.543
19801,6077.1772
19802,7016.065
19803,4533.325
19804,5493.3623
19805,14342.14
19806,8294.346
19807,28466.57
19808,5707.652
19809,10872.067
19810,4475.6367
19811,4069.6265
19812,6162.7993
19813,11816.719
19814,145745.66
19815,6164.0195
19816,5424.692
19817,11094.978
19818,77767.33
19819,236133.88
19820,9193.896
19821,249981.44
19822,8204.692
19823,5202.102
19824,5006.003
19825,12330.607
19826,258113.55
19827,8967.331
19828,26565.531
19829,5606.6724
19830,7995.3193
19831,14119.255
19832,8392.0205
19833,210140.28
19834,6652.1597
19835,4772.307
19836,7427.3047
19837,13000.323
19838,7053.291
19839,33775.824
19840,5702.4575
19841,5503.517
19842,6950.6094
19843,7675.043
19844,5892.462
19845,5884.5225
19846,17572.97
19847,126204.414
19848,6652.956
19849,5630.1914
19850,18648.916
19851,7299.4185
19852,130143.31
19853,5929.1953
19854,10349.339
19855,128816.734
19856,128566.69
19857,38027.113
19858,13089.418
19859,7767.69
19860,5362.525
19861,6911.5757
19862,15374.834
19863,12330.607
19864,10629.373
19865,13821.183
19866,13024.864
19867,65759.63
19868,5370.686
19869,154746.39
19870,16781.686
19871,9877.364
19872,7364.711
19873,21846.732
19874,6918.623
19875,11151.735
19876,127739.74
19877,6613.555
19878,7082.3164
19879,30215.432
19880,82345.74
19881,5731.9204
19882,33614.523
19883,4232.655
19884,7796.032
19885,18210.547
19886,9578.996
19887,8125.718
19888,8345.891
19889,7653.5713
19890,46882.207
19891,9502.635
19892,10208.186
19893,15094.975
19894,6480.275
19895,9212.116
19896,11101.737
19897,7479.7407
19898,7184.877
19899,5750.0493
19900,7277.8804
19901,26032.1
19902,5228.9937
19903,6857.032
19904,26241.021
19905,7333.7646
19906,25987.23
19907,215225.36
19908,128873.1
19909,9475.9795
19910,11442.557
19911,10843.777
19912,3556.5054
19913,9407.557
19914,9135.994
19915,5462.2153
19916,4363.598
19917,10619.929
19918,11973.421
19919,44261.79
19920,42844.01
19921,7249.726
19922,11882.193
19923,12255.682
19924,12634.526
19925,6231.9824
19926,8779.874
19927,10659.189
19928,13796.091
19929,10175.271
19930,6941.3315
19931,7714.841
19932,21934.055
19933,13321.608
19934,7078.1357
19935,8132.4214
19936,8524.917
19937,14521.948
19938,5176.68
19939,8174.485
19940,20188.268
19941,14458.173
19942,6037.8667
19943,23466.006
19944,5581.174
19945,252716.28
19946,13491.803
19947,7073.1514
19948,9304.988
19949,4602.6753
19950,6373.0054
19951,10022.437
19952,39319.06
19953,9188.743
19954,9573.926
19955,3736.7153
19956,5566.418
19957,45022.266
19958,5685.18
19959,9085.59
19960,8011.8535
19961,5887.167
19962,5298.8325
19963,7324.4126
19964,35418.125
19965,7145.8115
19966,84496.664
19967,7535.242
19968,27336.256
19969,34390.0
19970,34862.957
19971,5236.0186
19972,48551.973
19973,10146.661
19974,1722.8192
19975,10644.097
19976,12634.542
19977,7302.62
19978,5864.219
19979,5784.2266
19980,44008.258
19981,8216.332
19982,9357.803
19983,25127.05
19984,10033.678
19985,5205.529
19986,12300.92
19987,4465.004
19988,48158.438
19989,6841.6826
19990,6383.889
19991,7714.235
19992,8973.485
19993,6397.816
19994,30573.842
19995,6297.439
19996,6696.753
19997,5330.9155
19998,6519.06
19999,8513.616
20000,11456.571
20001,8274.564
20002,8131.83
20003,13247.757
20004,4885.705
20005,13633.83
20006,7260.9097
20007,18671.762
20008,26256.73
20009,11456.644
20010,7951.4087
20011,8112.2266
20012,6572.832
20013,8500.364
20014,6972.6836
20015,8986.267
20016,7046.6323
20017,17268.322
20018,7312.7373
20019,4898.86
20020,4443.4424
20021,4244.8555
20022,7467.4473
20023,10973.806
20024,47661.082
20025,8607.226
20026,109931.195
20027,4377.071
20028,7214.443
20029,17392.559
20030,6905.5347
20031,133496.6
20032,58927.22
20033,9179.377
20034,6353.3345
20035,15977.647
20036,8070.715
20037,5541.4385
20038,139349.88
20039,5142.688
20040,25231.688
20041,7068.3594
20042,14045.558
20043,9828.392
20044,128010.555
20045,8823.928
20046,8848.814
20047,24367.115
20048,12334.83
20049,34788.51
20050,7353.395
20051,103797.03
20052,21729.15
20053,54574.305
20054,13019.698
20055,12018.551
20056,20963.879
20057,7296.4526
20058,7112.3584
20059,97569.02
20060,34223.234
20061,20660.213
20062,7178.862
20063,164475.55
20064,26538.947
20065,8479.355
20066,5389.1987
20067,10128.3955
20068,25806.844
20069,12402.89
20070,13305.572
20071,5641.73
20072,7542.524
20073,78059.45
20074,6703.1724
20075,12223.157
20076,6035.4272
20077,24106.186
20078,30186.87
20079,52441.203
20080,73485.86
20081,11862.954
20082,32172.572
20083,6090.5854
20084,14527.03
20085,112881.195
20086,159452.22
20087,4518.263
20088,23037.844
20089,6477.3486
20090,8158.65
20091,6186.3154
20092,7095.631
20093,35755.46
20094,6571.4175
20095,24247.053
20096,6761.274
20097,10629.22
20098,6895.1943
20099,116554.805
20100,7432.8164
20101,57706.727
20102,5553.852
20103,32177.1
20104,10146.681
20105,9313.935
20106,41380.105
20107,219177.02
20108,12816.164
20109,9049.47
20110,8295.898
20111,87624.68
20112,15723.033
20113,6979.1733
20114,10857.499
20115,5555.7954
20116,139555.02
20117,13577.75
20118,89554.2
20119,4505.0176
20120,8971.395
20121,8625.215
20122,5560.226
20123,16378.963
20124,7193.3257
20125,46316.445
20126,7442.759
20127,7223.5024
20128,7234.0264
20129,4935.294
20130,6021.837
20131,5040.187
20132,8586.634
20133,14569.07
20134,3399.5525
20135,4030.1724
20136,7057.8447
20137,2438.5222
20138,44447.8
20139,10221.916
20140,5315.9707
20141,8019.7812
20142,7310.922
20143,11038.612
20144,4921.9165
20145,9563.626
20146,22538.486
20147,7180.3823
20148,9509.159
20149,9143.191
20150,9403.997
20151,10247.676
20152,70531.38
20153,5318.453
20154,22456.26
20155,10608.979
20156,72856.59
20157,18773.094
20158,5954.651
20159,20966.197
20160,8040.9194
20161,15027.75
20162,7225.4346
20163,30682.598
20164,4715.368
20165,12212.404
20166,11621.768
20167,11704.327
20168,11515.513
20169,76339.484
20170,12870.815
20171,13323.294
20172,19157.227
20173,7433.1177
20174,38324.965
20175,6667.623
20176,5240.7173
20177,15653.975
20178,27210.766
20179,14327.315
20180,12752.207
20181,166800.92
20182,6890.5303
20183,18977.605
20184,4560.8867
20185,11112.409
20186,4799.595
20187,4687.015
20188,9557.636
20189,4400.9233
20190,26012.832
20191,46606.39
20192,7198.4937
20193,6342.444
20194,9731.568
20195,7995.458
20196,15510.238
20197,29632.309
20198,7788.3877
20199,10662.672
20200,4955.4897
20201,9611.561
20202,12150.691
20203,5602.0073
20204,17819.205
20205,228124.06
20206,18409.883
20207,10645.609
20208,6373.203
20209,8065.178
20210,180993.77
20211,20815.19
20212,8982.712
20213,12419.861
20214,6238.567
20215,6240.5767
20216,4434.031
20217,5461.7485
20218,6320.1353
20219,43769.996
20220,10283.936
20221,6616.7793
20222,7742.962
20223,352504.7
20224,27897.344
20225,4755.666
20226,6094.57
20227,30959.232
20228,13092.801
20229,128120.44
20230,5600.59
20231,7641.856
20232,14300.303
20233,205923.95
20234,25688.06
20235,8921.789
20236,18409.883
20237,12117.006
20238,9337.479
20239,6115.159
20240,16030.52
20241,8380.992
20242,16020.931
20243,6305.055
20244,13633.329
20245,9352.88
20246,4816.897
20247,74688.25
20248,150882.89
20249,10959.97
20250,29152.934
20251,6856.8745
20252,8812.803
20253,8223.27
20254,8257.617
20255,70402.61
20256,246473.56
20257,10557.768
20258,118927.62
20259,9964.243
20260,7123.3486
20261,120040.47
20262,70402.61
20263,8701.675
20264,7700.9
20265,11515.471
20266,4756.0386
20267,17358.652
20268,156634.81
20269,6581.7764
20270,6439.929
20271,6107.8657
20272,41228.836
20273,7116.2915
20274,32856.785
20275,79492.01
20276,11629.084
20277,6122.6245
20278,12565.114
20279,8528.871
20280,33332.094
20281,20441.082
20282,12678.01
20283,14713.8545
20284,15899.662
20285,15297.303
20286,3914.776
20287,9044.524
20288,6045.2188
20289,8137.106
20290,7676.6436
20291,32171.555
20292,7715.067
20293,56107.047
20294,189880.45
20295,100997.91
20296,6314.306
20297,7089.5747
20298,37646.38
20299,10495.132
20300,11063.746
20301,11527.263
20302,8762.479
20303,8510.708
20304,7692.618
20305,8694.705
20306,4594.194
20307,5360.3047
20308,7251.1997
20309,7291.776
20310,2356.5837
20311,10113.287
20312,10961.785
20313,10655.79
20314,10541.545
20315,15304.226
20316,9938.41
20317,9427.858
20318,7246.5713
20319,9381.267
20320,5220.695
20321,12668.441
20322,13410.714
20323,46980.65
20324,17032.791
20325,8503.292
20326,15844.1
20327,15379.56
20328,7235.977
20329,7019.6045
20330,11647.975
20331,5891.7373
20332,15142.318
20333,6234.453
20334,6803.9795
20335,4497.8257
20336,13145.503
20337,6285.417
20338,18354.545
20339,5463.8467
20340,8114.783
20341,6092.8223
20342,21237.13
20343,6779.246
20344,4156.0723
20345,14190.859
20346,8094.189
20347,5956.905
20348,9382.966
20349,13412.205
20350,6470.1304
20351,86647.516
20352,6375.203
20353,7764.688
20354,5538.2476
20355,8655.976
20356,7162.9272
20357,9727.564
20358,7502.0376
20359,6249.487
20360,12542.108
20361,103973.805
20362,10147.801
20363,7138.0176
20364,8841.012
20365,5641.73
20366,31950.324
20367,118998.7
20368,9898.339
20369,28318.1
20370,7406.3696
20371,5994.703
20372,82284.266
20373,3143.1035
20374,5751.615
20375,7540.6846
20376,126192.9
20377,15069.958
20378,6621.6504
20379,14237.957
20380,112541.78
20381,4571.607
20382,6001.6655
20383,90232.086
20384,8145.4463
20385,229201.55
20386,4853.7896
20387,19764.535
20388,5702.712
20389,8292.093
20390,9025.755
20391,8422.913
20392,16548.24
20393,9929.796
20394,23436.9
20395,32808.152
20396,7389.7427
20397,6767.5225
20398,74890.31
20399,42757.242
20400,95511.68
20401,36977.03
20402,45798.05
20403,9021.771
20404,7947.706
20405,12186.96
20406,6763.859
20407,7714.567
20408,7512.924
20409,9593.8545
20410,15475.722
20411,9371.191
20412,6760.6714
20413,10880.568
20414,14871.616
20415,4835.933
20416,22098.135
20417,8768.929
20418,9833.564
20419,6852.1147
20420,4809.158
20421,11942.448
20422,9316.926
20423,8423.336
20424,84599.17
20425,51379.312
20426,5484.498
20427,5571.6675
20428,10666.242
20429,12272.582
20430,7634.382
20431,7637.079
20432,8823.846
20433,7771.4355
20434,8884.113
20435,6634.309
20436,172113.39
20437,26214.879
20438,10088.946
20439,9305.037
20440,17086.56
20441,4323.2314
20442,5022.1377
20443,4912.646
20444,7693.828
20445,101347.81
20446,13021.802
20447,4569.9927
20448,7881.878
20449,4647.029
20450,7631.439
20451,9582.413
20452,13057.155
20453,6696.5396
20454,6916.125
20455,6352.073
20456,16807.535
20457,6461.8765
20458,7565.44
20459,11502.792
20460,14138.4795
20461,13537.675
20462,108434.58
20463,131116.97
20464,11624.807
20465,9667.564
20466,41304.9
20467,5068.1704
20468,7095.7295
20469,18894.512
20470,51292.266
20471,63814.145
20472,86658.74
20473,84128.125
20474,11821.7295
20475,64633.258
20476,8392.71
20477,10440.866
20478,22391.691
20479,22633.492
20480,38752.418
20481,7194.0303
20482,7226.568
20483,24570.352
20484,9231.044
20485,7273.9644
20486,6175.613
20487,14210.281
20488,9602.864
20489,4423.082
20490,21109.111
20491,15253.533
20492,10354.711
20493,7816.2637
20494,5467.631
20495,13974.36
20496,12246.068
20497,8267.466
20498,8369.648
20499,10969.782
20500,20004.992
20501,11067.013
20502,55023.555
20503,5590.157
20504,5601.778
20505,147603.98
20506,20630.088
20507,5786.8813
20508,9680.104
20509,5886.0747
20510,5501.901
20511,8908.583
20512,6768.3257
20513,67517.414
20514,9243.472
20515,7070.6943
20516,5105.374
20517,10080.873
20518,7846.7383
20519,108643.2
20520,7040.728
20521,14631.105
20522,22075.938
20523,6579.956
20524,7538.296
20525,18114.61
20526,5423.645
20527,336784.88
20528,10170.762
20529,31511.998
20530,11516.278
20531,83462.47
20532,7981.6177
20533,6986.898
20534,8665.858
20535,14104.271
20536,6730.0825
20537,6581.602
20538,18832.004
20539,10043.796
20540,33953.098
20541,31472.057
20542,16354.858
20543,11015.343
20544,11656.374
20545,9661.376
20546,10389.452
20547,8405.804
20548,10005.959
20549,169650.72
20550,8229.2295
20551,7473.1396
20552,69494.97
20553,34803.82
20554,4942.9756
20555,11911.047
20556,152852.64
20557,12205.974
20558,9162.545
20559,6474.244
20560,7131.89
20561,14472.196
20562,139240.3
20563,12709.987
20564,12101.461
20565,6000.2886
20566,7997.0635
20567,11734.897
20568,36856.883
20569,6772.279
20570,139094.53
20571,21630.11
20572,6789.261
20573,32171.555
20574,19694.242
20575,10659.346
20576,48189.902
20577,7133.281
20578,10258.549
20579,6827.424
20580,131402.62
20581,198500.61
20582,9413.796
20583,11237.468
20584,6761.6074
20585,39763.562
20586,7701.886
20587,7740.112
20588,7558.908
20589,6356.0503
20590,7201.2603
20591,6649.7495
20592,10061.084
20593,8655.976
20594,4996.3945
20595,15443.576
20596,6202.993
20597,5764.1274
20598,6507.36
20599,4725.2607
20600,9124.966
20601,13979.273
20602,6295.6816
20603,7136.07
20604,8812.909
20605,14494.846
20606,15791.402
20607,6160.1826
20608,11282.124
20609,8012.3315
20610,14632.433
20611,11705.04
20612,5619.684
20613,4786.3496
20614,5819.3047
20615,9156.692
20616,15320.517
20617,9260.311
20618,23351.455
20619,22819.477
20620,7266.3755
20621,4849.909
20622,2953.5981
20623,7510.1494
20624,54759.18
20625,40694.082
20626,9876.743
20627,6157.6226
20628,8470.174
20629,7886.4326
20630,6715.9414
20631,10158.231
20632,5471.5806
20633,23854.494
20634,8992.036
20635,7641.4214
20636,6540.094
20637,5304.6143
20638,4317.849
20639,372744.47
20640,8967.454
20641,5945.031
20642,11909.52
20643,24150.062
20644,12436.43
20645,5289.207
20646,47309.137
20647,101024.38
20648,23364.092
20649,10487.678
20650,21130.691
20651,11286.308
20652,7552.6753
20653,7106.8145
20654,28107.92
20655,20491.74
20656,14953.398
20657,14345.515
20658,82639.17
20659,7648.263
20660,6628.5405
20661,7932.1025
20662,6361.56
20663,6586.953
20664,6699.201
20665,21801.441
20666,11686.774
20667,21968.955
20668,7668.999
20669,5260.7485
20670,7290.1597
20671,11706.05
20672,7866.7773
20673,6487.1274
20674,7012.221
20675,64803.965
20676,13101.93
20677,6328.724
20678,5917.587
20679,7054.5513
20680,27367.365
20681,6872.79
20682,154697.92
20683,11172.382
20684,12151.33
20685,29263.268
20686,13365.746
20687,22375.035
20688,7231.668
20689,9000.456
20690,6430.3696
20691,12697.884
20692,5857.3945
20693,29526.193
20694,6179.1978
20695,22283.115
20696,4330.6304
20697,8067.4727
20698,11402.163
20699,26843.367
20700,12066.093
20701,7253.042
20702,4190.301
20703,4016.8384
20704,11335.556
20705,6287.466
20706,7044.319
20707,5281.115
20708,25365.422
20709,6109.953
20710,11397.952
20711,4826.3726
20712,15324.708
20713,7567.234
20714,8163.4546
20715,9975.972
20716,6128.186
20717,16596.715
20718,7151.5146
20719,24496.395
20720,7285.2837
20721,10099.016
20722,6367.6133
20723,4587.4067
20724,10568.648
20725,5217.135
20726,7854.179
20727,9380.07
20728,15890.084
20729,7267.439
20730,7276.335
20731,49490.465
20732,5210.0396
20733,5874.594
20734,3929.74
20735,48471.316
20736,8575.74
20737,9219.111
20738,8377.353
20739,9112.171
20740,6170.5303
20741,15939.847
20742,7884.3555
20743,8119.255
20744,7459.999
20745,5091.879
20746,125271.5
20747,7438.2705
20748,8260.28
20749,5457.733
20750,8462.359
20751,8238.803
20752,7099.512
20753,8557.473
20754,14144.848
20755,10041.069
20756,1965.8551
20757,85300.88
20758,11520.564
20759,4210.019
20760,48338.402
20761,10529.817
20762,166913.69
20763,10771.522
20764,8773.181
20765,31030.256
20766,5318.3467
20767,10420.101
20768,10254.6045
20769,5116.153
20770,72711.21
20771,7738.452
20772,379298.94
20773,5744.39
20774,28966.762
20775,24450.307
20776,7680.1255
20777,19622.53
20778,10420.521
20779,45995.67
20780,9271.026
20781,6868.773
20782,16286.731
20783,85196.72
20784,7669.21
20785,8132.3823
20786,7769.287
20787,6875.303
20788,88776.25
20789,5892.9272
20790,59473.473
20791,4789.7314
20792,4884.9526
20793,8713.532
20794,48597.95
20795,13524.579
20796,49741.23
20797,8631.26
20798,18063.24
20799,4161.777
20800,7515.047
20801,6411.8535
20802,12074.334
20803,5588.6304
20804,3645.436
20805,10038.499
20806,175418.81
20807,7434.688
20808,7350.2363
20809,22576.844
20810,3711.6504
20811,34093.777
20812,7359.4126
20813,6106.081
20814,9949.713
20815,8264.292
20816,17809.166
20817,5736.3765
20818,107111.77
20819,7009.696
20820,19459.818
20821,5640.8857
20822,6263.9614
20823,6598.7217
20824,13493.478
20825,61226.957
20826,8083.368
20827,131926.4
20828,10280.434
20829,12183.226
20830,7706.0874
20831,5900.1177
20832,30600.088
20833,7412.4834
20834,6482.474
20835,19964.092
20836,10494.206
20837,5881.307
20838,32984.52
20839,55226.746
20840,8915.706
20841,12943.486
20842,7557.0312
20843,10338.288
20844,47223.348
20845,10367.62
20846,6165.3345
20847,11446.24
20848,129029.875
20849,7572.5786
20850,160685.72
20851,25401.072
20852,9056.42
20853,38960.918
20854,147745.11
20855,65357.09
20856,6389.8706
20857,6216.743
20858,7008.6206
20859,5110.6006
20860,7657.904
20861,7143.503
20862,9095.716
20863,34263.14
20864,6320.5337
20865,372117.06
20866,11673.058
20867,17295.666
20868,28494.26
20869,5373.0903
20870,7183.9785
20871,9555.386
20872,88399.16
20873,6304.74
20874,4660.601
20875,7019.6045
20876,17233.098
20877,6837.16
20878,9370.816
20879,10777.776
20880,5115.618
20881,4139.7725
20882,11942.409
20883,11415.653
20884,7535.7075
20885,8129.4673
20886,7748.417
20887,7444.9478
20888,5314.5664
20889,5945.694
20890,10131.096
20891,6220.9536
20892,7423.7803
20893,9649.41
20894,5885.9385
20895,5743.9727
20896,5691.797
20897,6912.762
20898,5635.086
20899,12296.723
20900,24268.139
20901,13250.352
20902,15401.975
20903,16279.873
20904,14060.927
20905,7298.2563
20906,5268.795
20907,9098.032
20908,6390.596
20909,100928.24
20910,9583.596
20911,9067.349
20912,8055.2275
20913,7821.2593
20914,8024.9346
20915,25113.139
20916,11041.371
20917,98317.26
20918,8526.907
20919,200599.38
20920,5536.652
20921,15972.369
20922,16081.136
20923,6971.658
20924,6711.02
20925,7897.7173
20926,58693.92
20927,5353.4404
20928,11929.132
20929,5776.665
20930,5416.7373
20931,68583.3
20932,6667.3013
20933,9543.922
20934,24159.008
20935,85015.29
20936,11810.588
20937,44427.78
20938,15601.1045
20939,9636.907
20940,34220.17
20941,5043.17
20942,186455.2
20943,6833.039
20944,7072.845
20945,14109.797
20946,44767.355
20947,6965.7134
20948,8028.742
20949,8172.4966
20950,7994.785
20951,8366.27
20952,54961.777
20953,7212.2827
20954,5783.3657
20955,10213.791
20956,40925.99
20957,18204.348
20958,77529.36
20959,5795.299
20960,266055.8
20961,5551.66
20962,9680.2
20963,36951.69
20964,7644.196
20965,8846.319
20966,9148.816
20967,7385.0366
20968,7639.09
20969,19057.33
20970,4866.0576
20971,9503.58
20972,10184.007
20973,7455.3906
20974,7968.273
20975,6087.38
20976,119453.55
20977,13209.478
20978,7602.0312
20979,13620.923
20980,24917.639
20981,7939.6626
20982,5643.2305
20983,9696.282
20984,13379.269
20985,16118.099
20986,12227.181
20987,8362.603
20988,35776.965
20989,3858.6548
20990,27940.28
20991,18917.69
20992,8444.9375
20993,4014.2131
20994,9543.055
20995,37922.562
20996,5469.907
20997,19326.553
20998,9235.017
20999,10107.383
21000,6045.8213
21001,24224.863
21002,15408.746
21003,8301.537
21004,5688.42
21005,6552.6924
21006,10992.44
21007,6000.6924
21008,35593.75
21009,10359.209
21010,55272.74
21011,6008.0913
21012,7197.752
21013,13274.085
21014,4316.877
21015,27911.143
21016,5205.691
21017,6731.9326
21018,8806.672
21019,45853.18
21020,9944.353
21021,8158.219
21022,7065.353
21023,9632.544
21024,11261.375
21025,5381.851
21026,34328.586
21027,6817.632
21028,7882.416
21029,8815.81
21030,4938.819
21031,12662.311
21032,25738.86
21033,13193.674
21034,8007.963
21035,8605.101
21036,11474.541
21037,124843.17
21038,34113.54
21039,6239.677
21040,12165.662
21041,6565.9766
21042,11167.864
21043,4356.87
21044,18316.896
21045,20134.03
21046,51286.55
21047,10495.32
21048,30327.787
21049,16887.531
21050,22735.674
21051,5830.659
21052,9582.387
21053,10724.796
21054,7384.52
21055,7994.058
21056,7070.855
21057,5959.5254
21058,8434.76
21059,5557.099
21060,43124.633
21061,7322.1255
21062,5707.2524
21063,9289.708
21064,15248.426
21065,4982.0747
21066,6794.1772
21067,8618.337
21068,90089.69
21069,7962.489
21070,5929.165
21071,8849.87
21072,10435.096
21073,7607.3457
21074,6910.528
21075,8270.507
21076,4621.255
21077,8888.928
21078,6640.644
21079,8254.714
21080,34987.895
21081,21133.559
21082,87474.87
21083,6547.316
21084,7631.7305
21085,142941.98
21086,7349.387
21087,76646.5
21088,70415.43
21089,10696.602
21090,9327.263
21091,12338.25
21092,6502.271
21093,6627.537
21094,6649.2446
21095,7039.6387
21096,8372.893
21097,110869.09
21098,8333.536
21099,11782.407
21100,50055.56
21101,16654.752
21102,10352.55
21103,19050.227
21104,9972.335
21105,9089.3955
21106,9335.989
21107,54219.9
21108,8381.817
21109,4141.2607
21110,133794.83
21111,7430.317
21112,30061.156
21113,8153.2236
21114,10716.727
21115,6464.487
21116,20680.49
21117,7877.6772
21118,8256.9375
21119,19789.912
21120,18110.205
21121,13266.484
21122,23339.334
21123,4192.925
21124,4153.4307
21125,17394.45
21126,6087.8926
21127,12283.094
21128,26146.297
21129,15504.786
21130,29578.447
21131,44344.316
21132,9180.113
21133,7483.4053
21134,14093.451
21135,5348.3267
21136,1110.1217
21137,5248.6016
21138,14136.436
21139,6664.578
21140,7498.7573
21141,6362.142
21142,55642.195
21143,6414.5625
21144,8395.501
21145,33861.6
21146,8206.063
21147,12493.4375
21148,20821.02
21149,10946.11
21150,4692.786
21151,5693.92
21152,51858.383
21153,6015.553
21154,4694.9375
21155,12217.582
21156,6681.48
21157,6697.968
21158,4156.0723
21159,16890.783
21160,6376.163
21161,10907.044
21162,5576.437
21163,7481.3345
21164,20858.65
21165,8856.339
21166,12447.764
21167,5544.0522
21168,7728.149
21169,5969.9854
21170,6542.6763
21171,170816.62
21172,8836.291
21173,28573.0
21174,4775.0127
21175,4703.912
21176,6836.238
21177,13202.813
21178,34311.176
21179,7529.8604
21180,3808.4854
21181,6293.4272
21182,9549.788
21183,6390.958
21184,12952.881
21185,6774.713
21186,19322.898
21187,8447.21
21188,13315.201
21189,14799.502
21190,4398.765
21191,145745.66
21192,7077.9385
21193,7142.018
21194,6207.016
21195,226386.95
21196,53910.82
21197,9728.146
21198,12216.943
21199,10777.776
21200,4769.5483
21201,4427.675
21202,6717.873
21203,32574.62
21204,8444.896
21205,9804.084
21206,59007.918
21207,7397.905
21208,9693.794
21209,9162.818
21210,73429.86
21211,25386.031
21212,5537.2847
21213,3594.2441
21214,10138.664
21215,24916.182
21216,6150.2046
21217,8616.608
21218,10088.165
21219,32981.105
21220,8407.696
21221,140922.72
21222,20932.93
21223,7244.5
21224,11497.298
21225,7779.866
21226,6451.9575
21227,90902.305
21228,5222.41
21229,17174.814
21230,5928.5547
21231,204365.16
21232,16110.242
21233,6473.0205
21234,7201.1123
21235,7085.489
21236,7110.211
21237,121379.164
21238,9554.176
21239,7953.5264
21240,82085.94
21241,7893.868
21242,125635.67
21243,4624.8315
21244,4591.903
21245,25327.42
21246,6262.782
21247,10127.706
21248,6242.2563
21249,9139.397
21250,13221.182
21251,46483.45
21252,19699.67
21253,6131.252
21254,9320.379
21255,3785.8936
21256,108547.98
21257,131271.06
21258,13304.748
21259,7841.7407
21260,3558.8296
21261,5591.3564
21262,9034.618
21263,6944.481
21264,42551.56
21265,6452.427
21266,8353.605
21267,86876.62
21268,18812.096
21269,7110.312
21270,25262.951
21271,7441.9775
21272,13102.177
21273,5354.1675
21274,6349.1387
21275,7814.2896
21276,13087.104
21277,17573.234
21278,5634.8687
21279,8775.249
21280,27477.654
21281,169247.8
21282,5623.894
21283,14304.791
21284,84753.63
21285,4273.082
21286,54779.65
21287,18023.01
21288,10245.2705
21289,21754.137
21290,8046.165
21291,9554.779
21292,21352.934
21293,6876.2266
21294,6893.493
21295,13774.285
21296,5825.5234
21297,22875.967
21298,7936.908
21299,102529.82
21300,9632.364
21301,5999.762
21302,7996.844
21303,12988.987
21304,9444.2705
21305,8263.41
21306,4951.959
21307,38877.062
21308,2850.3394
21309,6832.3154
21310,8639.524
21311,6019.266
21312,4566.9053
21313,8993.09
21314,6827.419
21315,19813.793
21316,14850.184
21317,8663.154
21318,5415.878
21319,97779.58
21320,178476.86
21321,34025.69
21322,10638.1455
21323,5812.3584
21324,10594.699
21325,9538.797
21326,4856.4434
21327,4612.757
21328,6409.3447
21329,42199.996
21330,8845.012
21331,8668.553
21332,17522.697
21333,5135.3096
21334,112015.49
21335,110934.05
21336,43858.96
21337,3758.3115
21338,107111.72
21339,33542.98
21340,161817.69
21341,9644.128
21342,6967.409
21343,8205.573
21344,21853.861
21345,166116.36
21346,9446.041
21347,8605.115
21348,7937.1475
21349,19043.709
21350,9200.4
21351,5926.699
21352,10278.528
21353,4531.6675
21354,7938.794
21355,5353.792
21356,5469.907
21357,80136.26
21358,10336.136
21359,6635.034
21360,5197.608
21361,8499.604
21362,6910.528
21363,273779.0
21364,6572.944
21365,173084.39
21366,9984.411
21367,17568.754
21368,6275.594
21369,9522.591
21370,4795.143
21371,9083.23
21372,10730.058
21373,4432.9326
21374,4279.871
21375,150993.44
21376,10512.415
21377,215225.36
21378,7645.728
21379,26092.74
21380,86465.055
21381,55128.324
21382,28859.713
21383,6930.5566
21384,16842.49
21385,30046.25
21386,9235.017
21387,7858.6543
21388,8116.2183
21389,4811.9985
21390,10796.215
21391,7684.6216
21392,12172.941
21393,17969.768
21394,23825.982
21395,9660.283
21396,25089.426
21397,42971.54
21398,7772.38
21399,8072.539
21400,3914.5422
21401,36470.598
21402,9091.368
21403,16366.93
21404,5568.336
21405,6484.1016
21406,3850.9753
21407,6937.8354
21408,8142.7324
21409,7130.654
21410,6607.6826
21411,10988.43
21412,12788.567
21413,59717.062
21414,11461.47
21415,14069.094
21416,8483.693
21417,16346.978
21418,44044.543
21419,47028.008
21420,4125.8247
21421,6459.243
21422,95842.625
21423,16550.562
21424,356874.3
21425,10734.748
21426,7113.77
21427,6197.9263
21428,6423.5947
21429,13179.768
21430,29799.06
21431,27467.273
21432,11919.697
21433,7940.218
21434,10557.224
21435,9674.91
21436,6756.1924
21437,6033.8877
21438,116465.766
21439,7931.1113
21440,8422.891
21441,180581.66
21442,8553.262
21443,5245.732
21444,11287.512
21445,13016.011
21446,6330.1206
21447,8130.7026
21448,9789.489
21449,108973.43
21450,11210.382
21451,9844.781
21452,10600.679
21453,6009.972
21454,6633.9966
21455,5717.675
21456,63890.535
21457,12284.646
21458,5462.422
21459,310125.4
21460,7969.943
21461,372744.47
21462,6329.8203
21463,5858.9336
21464,37540.594
21465,8836.291
21466,9771.811
21467,5053.9272
21468,9215.38
21469,17543.066
21470,6631.007
21471,54759.18
21472,10336.77
21473,14094.453
21474,64277.19
21475,8091.588
21476,7783.6733
21477,123831.625
21478,15418.642
21479,7744.8643
21480,14806.289
21481,9408.318
21482,7680.643
21483,18320.566
21484,51950.63
21485,7302.528
21486,26605.312
21487,21722.705
21488,5963.334
21489,6573.197
21490,12592.738
21491,27007.572
21492,73051.98
21493,11111.03
21494,6296.9355
21495,11363.235
21496,190796.48
21497,4516.535
21498,6824.65
21499,4510.155
21500,4316.7026
21501,12394.264
21502,16443.621
21503,6327.7505
21504,4706.862
21505,6250.214
21506,4562.741
21507,9700.798
21508,7551.8457
21509,7049.441
21510,5833.6875
21511,20988.94
21512,12860.011
21513,6456.7925
21514,5441.9805
21515,6228.493
21516,6799.008
21517,6739.6377
21518,3690.9597
21519,11394.512
21520,4614.1113
21521,36622.68
21522,43174.66
21523,26782.213
21524,22655.342
21525,10402.788
21526,6090.5854
21527,109931.195
21528,8277.144
21529,7809.663
21530,11031.455
21531,13940.161
21532,10822.581
21533,6532.2617
21534,7524.924
21535,5828.8433
21536,9446.857
21537,11787.523
21538,10761.065
21539,12816.521
21540,4923.342
21541,43645.46
21542,21540.03
21543,6250.214
21544,14213.966
21545,5435.081
21546,6458.388
21547,9125.467
21548,9556.996
21549,9984.993
21550,56683.164
21551,7395.276
21552,12011.455
21553,4263.333
21554,5251.922
21555,8040.821
21556,8751.428
21557,4844.5044
21558,14080.917
21559,5757.4424
21560,4142.4287
21561,10509.791
21562,3958.4707
21563,7543.7935
21564,16700.188
21565,9425.07
21566,110934.05
21567,5529.8955
21568,8149.8027
21569,3893.0747
21570,7209.6626
21571,4525.3076
21572,6713.296
21573,3585.528
21574,9820.035
21575,9264.725
21576,15092.644
21577,7498.392
21578,8613.969
21579,6962.667
21580,5062.1743
21581,16188.239
21582,7818.3433
21583,7438.8115
21584,5709.27
21585,12249.554
21586,34155.605
21587,6055.461
21588,7031.2124
21589,9115.149
21590,9440.03
21591,13186.238
21592,27294.035
21593,12532.171
21594,39999.02
21595,236470.03
21596,78526.94
21597,179400.19
21598,6584.954
21599,16098.59
21600,5414.017
21601,16762.09
21602,8216.795
21603,116277.94
21604,9217.327
21605,18639.816
21606,7129.4717
21607,81640.43
21608,8815.342
21609,5914.1
21610,5579.608
21611,8505.884
21612,4636.567
21613,27194.668
21614,6718.7983
21615,8254.213
21616,14453.215
21617,112168.46
21618,30112.324
21619,11201.318
21620,75271.164
21621,5933.7856
21622,5092.55
21623,10325.513
21624,7443.132
21625,9583.596
21626,11062.316
21627,8276.574
21628,9262.074
21629,6920.7056
21630,6154.948
21631,37929.195
21632,8320.226
21633,4862.5684
21634,17046.273
21635,6216.3394
21636,6870.9946
21637,6054.7393
21638,36336.906
21639,86777.17
21640,26934.121
21641,14787.128
21642,11566.672
21643,4338.6157
21644,7678.861
21645,6294.5337
21646,4323.2314
21647,2951.4219
21648,5905.14
21649,8759.779
21650,34138.062
21651,83161.22
21652,12267.371
21653,11810.916
21654,9600.016
21655,25755.41
21656,7421.057
21657,19978.006
21658,7906.7974
21659,160020.25
21660,21103.518
21661,9709.976
21662,16921.477
21663,8591.435
21664,2815.0095
21665,7591.708
21666,32805.266
21667,3790.2031
21668,7621.6235
21669,7562.7515
21670,7183.8857
21671,79725.25
21672,7881.938
21673,6931.389
21674,4990.738
21675,25144.875
21676,7578.928
21677,7272.774
21678,11973.369
21679,5557.798
21680,67031.37
21681,38449.457
21682,5761.28
21683,7119.8564
21684,7269.54
21685,10047.62
21686,45933.637
21687,6288.868
21688,7049.5737
21689,22016.072
21690,21482.062
21691,165316.58
21692,12333.6045
21693,8219.002
21694,14509.581
21695,6134.5156
21696,11890.264
21697,15041.737
21698,108147.46
21699,9255.607
21700,13144.416
21701,17891.012
21702,148854.4
21703,10853.204
21704,66010.24
21705,3109.4282
21706,11211.491
21707,64842.15
21708,10375.232
21709,18812.639
21710,6974.5
21711,6042.5615
21712,6940.2607
21713,17738.96
21714,72466.04
21715,17084.654
21716,12411.382
21717,27802.533
21718,10608.748
21719,256688.17
21720,12771.71
21721,45947.2
21722,186532.77
21723,9059.074
21724,16971.855
21725,7750.571
21726,44932.84
21727,7931.0557
21728,3429.3215
21729,9291.647
21730,8809.476
21731,4999.5425
21732,11639.854
21733,277678.16
21734,7142.826
21735,16551.88
21736,5265.358
21737,39565.793
21738,6824.5537
21739,10025.848
21740,21048.055
21741,60047.83
21742,49939.582
21743,8409.364
21744,5191.2573
21745,5155.368
21746,9646.288
21747,4992.148
21748,4631.8296
21749,6908.6133
21750,11333.171
21751,13585.705
21752,6137.1104
21753,9492.785
21754,8962.893
21755,6580.3496
21756,9251.496
21757,8036.6206
21758,8680.562
21759,33538.523
21760,5951.2554
21761,11271.108
21762,20713.838
21763,14206.89
21764,6958.997
21765,38745.75
21766,7388.237
21767,29360.402
21768,9117.368
21769,61693.97
21770,175070.38
21771,6197.053
21772,4931.4106
21773,27460.438
21774,8730.691
21775,5362.305
21776,8995.72
21777,10637.975
21778,5180.598
21779,7463.4966
21780,6664.067
21781,6862.291
21782,9544.99
21783,14250.438
21784,12052.771
21785,10696.059
21786,30619.828
21787,8026.968
21788,5939.068
21789,12020.524
21790,37322.418
21791,50540.465
21792,47610.305
21793,4799.562
21794,7728.713
21795,5670.3003
21796,17497.348
21797,5094.884
21798,9938.552
21799,7297.8267
21800,8391.05
21801,6774.621
21802,7218.456
21803,5726.4233
21804,5472.8237
21805,4875.3477
21806,6123.1514
21807,11668.973
21808,3571.0652
21809,5053.713
21810,8792.245
21811,6371.192
21812,7891.2246
21813,6555.7954
21814,10278.528
21815,9814.178
21816,18786.031
21817,45137.207
21818,5464.8687
21819,7525.936
21820,7132.0854
21821,6327.033
21822,5769.2134
21823,21475.096
21824,18451.46
21825,5623.626
21826,6934.1235
21827,210532.02
21828,14210.42
21829,9832.838
21830,122601.695
21831,7346.1997
21832,15536.936
21833,3453.7844
21834,4561.6963
21835,6190.689
21836,6837.5234
21837,8798.238
21838,-18458.959
21839,6273.103
21840,6158.9365
21841,98399.39
21842,5162.095
21843,13084.472
21844,16409.51
21845,27821.049
21846,7198.692
21847,5775.0015
21848,82683.766
21849,2620.0894
21850,46939.703
21851,5282.678
21852,6239.9316
21853,5830.7993
21854,7267.906
21855,7444.801
21856,7839.887
21857,3546.9563
21858,7016.0596
21859,121678.78
21860,61353.86
21861,9919.057
21862,10214.74
21863,6053.3276
21864,6901.0186
21865,6923.6045
21866,102916.16
21867,17704.686
21868,6732.433
21869,16128.384
21870,14673.026
21871,8182.399
21872,4984.4727
21873,10727.019
21874,7836.21
21875,9620.167
21876,42007.145
21877,4816.5894
21878,115904.55
21879,26161.494
21880,28496.95
21881,8649.911
21882,5597.2285
21883,15318.058
21884,24733.459
21885,5720.5605
21886,6695.218
21887,80318.69
21888,22696.6
21889,14724.157
21890,12105.539
21891,6520.284
21892,8055.0034
21893,9872.817
21894,22874.113
21895,6430.2256
21896,337122.56
21897,22705.422
21898,5405.9414
21899,6775.6855
21900,9543.837
21901,7492.633
21902,9146.71
21903,9516.939
21904,12563.343
21905,10609.343
21906,7274.119
21907,6117.3677
21908,5387.242
21909,5656.792
21910,12151.46
21911,6125.545
21912,6125.017
21913,5710.698
21914,7235.045
21915,4586.1323
21916,20329.438
21917,10922.452
21918,126672.09
21919,17096.396
21920,4818.5713
21921,9310.689
21922,7487.3657
21923,5844.732
21924,9627.114
21925,314509.44
21926,19402.807
21927,10435.913
21928,7425.317
21929,6718.1187
21930,11997.131
21931,8894.082
21932,26503.234
21933,5800.4707
21934,160597.33
21935,2594.2727
21936,12467.939
21937,20629.652
21938,7855.7744
21939,13954.701
21940,91111.86
21941,8345.693
21942,4992.1
21943,30958.33
21944,51145.656
21945,9350.589
21946,6767.6504
21947,8265.068
21948,9117.368
21949,7056.2104
21950,12998.727
21951,5441.951
21952,13603.42
21953,5762.861
21954,18312.258
21955,14954.175
21956,4385.311
21957,8166.6196
21958,11300.335
21959,16905.033
21960,7235.6416
21961,6289.9717
21962,9184.506
21963,14843.778
21964,6741.008
21965,10680.923
21966,10614.905
21967,38585.613
21968,6435.4575
21969,18220.367
21970,7410.295
21971,8359.584
21972,9478.257
21973,8271.241
21974,9981.708
21975,11613.172
21976,9449.753
21977,6041.064
21978,4790.966
21979,14221.593
21980,18414.56
21981,13215.424
21982,178468.17
21983,8228.365
21984,22093.273
21985,7630.607
21986,5842.4487
21987,7401.174
21988,8619.099
21989,5007.3345
21990,5061.885
21991,4298.749
21992,11470.997
21993,33674.7
21994,20697.014
21995,6069.642
21996,13755.167
21997,9886.578
21998,7321.914
21999,7857.4077
22000,12094.925
22001,14403.12
22002,81437.69
22003,9423.2295
22004,4377.103
22005,32340.74
22006,8114.503
22007,10000.531
22008,8609.737
22009,8126.135
22010,15411.086
22011,196753.98
22012,7459.686
22013,7761.2446
22014,8105.3486
22015,76851.164
22016,9756.742
22017,4041.7217
22018,3025.1738
22019,4139.7725
22020,9853.644
22021,16633.3
22022,6704.4824
22023,13264.251
22024,8467.786
22025,7948.3193
22026,5823.494
22027,9150.654
22028,9333.04
22029,5815.704
22030,7235.574
22031,7129.857
22032,8710.283
22033,8647.431
22034,5781.5186
22035,13147.776
22036,5094.784
22037,104637.375
22038,7525.83
22039,5848.9824
22040,52421.93
22041,6960.0024
22042,16402.969
22043,4525.3076
22044,7866.442
22045,14992.004
22046,9362.561
22047,12700.599
22048,9676.669
22049,6406.4316
22050,6243.1562
22051,32522.193
22052,5015.6196
22053,7038.118
22054,5849.971
22055,84922.81
22056,21608.406
22057,17815.242
22058,10414.769
22059,4136.855
22060,7960.2354
22061,215874.3
22062,9922.009
22063,54691.676
22064,4942.959
22065,7452.7354
22066,5922.0244
22067,23466.006
22068,6744.282
22069,8456.933
22070,7433.9893
22071,9632.286
22072,82245.09
22073,5285.555
22074,6475.921
22075,35430.305
22076,7812.471
22077,4248.1646
22078,7198.1797
22079,15780.043
22080,6558.139
22081,98399.39
22082,20858.65
22083,7613.0303
22084,7377.913
22085,5598.6304
22086,14341.158
22087,12344.364
22088,12702.874
22089,8212.246
22090,9456.852
22091,9263.115
22092,5554.87
22093,14839.784
22094,7546.1357
22095,9942.441
22096,58828.074
22097,24477.6
22098,6030.094
22099,29132.068
22100,14866.624
22101,4574.4004
22102,23208.834
22103,7065.2617
22104,8712.606
22105,23220.04
22106,32629.96
22107,5254.7017
22108,7594.561
22109,21500.342
22110,8155.259
22111,3448.8486
22112,12675.872
22113,52085.574
22114,7057.5566
22115,8397.791
22116,8618.422
22117,11415.653
22118,8893.683
22119,6217.3457
22120,8557.787
22121,10423.14
22122,4410.6284
22123,14441.996
22124,14683.743
22125,98059.43
22126,5546.205
22127,4783.4175
22128,87409.28
22129,6156.4414
22130,21949.982
22131,23201.336
22132,11646.53
22133,20811.188
22134,9105.088
22135,7859.5254
22136,12305.79
22137,9609.273
22138,21379.145
22139,10099.384
22140,6911.4277
22141,170487.81
22142,12183.226
22143,18682.793
22144,13625.655
22145,11988.393
22146,24608.13
22147,3679.2083
22148,8391.415
22149,8545.323
22150,5616.8354
22151,6009.335
22152,4572.2
22153,11662.005
22154,7270.2686
22155,9126.599
22156,36242.836
22157,7292.3257
22158,22031.695
22159,12697.72
22160,6233.2373
22161,12399.866
22162,8637.06
22163,32594.615
22164,7768.877
22165,12722.42
22166,10312.315
22167,37247.21
22168,9151.523
22169,17461.713
22170,6204.688
22171,8115.726
22172,16501.326
22173,48597.61
22174,6571.4175
22175,7850.334
22176,44177.074
22177,28146.46
22178,40498.676
22179,29800.65
22180,15805.356
22181,4775.7495
22182,9228.996
22183,62791.734
22184,15637.137
22185,7782.544
22186,11058.335
22187,9460.961
22188,16432.213
22189,135688.17
22190,13170.586
22191,9242.034
22192,9945.79
22193,5227.8945
22194,51656.793
22195,36813.79
22196,9441.989
22197,132716.31
22198,10055.187
22199,12149.328
22200,5149.374
22201,6736.8403
22202,30089.969
22203,12825.075
22204,104858.66
22205,178354.5
22206,7527.372
22207,14859.598
22208,4870.0996
22209,6259.777
22210,5394.112
22211,11904.813
22212,10536.306
22213,5676.891
22214,6721.7256
22215,12601.324
22216,8397.16
22217,305626.72
22218,6866.067
22219,20121.701
22220,7359.576
22221,122551.2
22222,59972.07
22223,18267.408
22224,109377.14
22225,7743.0464
22226,7263.1978
22227,9821.256
22228,3768.719
22229,14267.46
22230,29926.01
22231,3575.991
22232,32965.613
22233,5002.9507
22234,6308.272
22235,4850.3164
22236,16941.012
22237,5803.6035
22238,4916.588
22239,15290.501
22240,5123.9375
22241,18633.533
22242,6808.604
22243,7287.9004
22244,7929.3813
22245,9128.399
22246,169278.11
22247,9126.599
22248,5272.53
22249,64637.203
22250,4725.2607
22251,8709.145
22252,6846.4536
22253,59251.37
22254,54455.055
22255,34659.6
22256,125145.95
22257,5524.7534
22258,7350.7363
22259,3485.6443
22260,7047.218
22261,6151.1963
22262,11133.105
22263,6044.835
22264,4630.132
22265,6040.5967
22266,7601.1753
22267,8685.716
22268,6328.728
22269,51606.46
22270,4889.165
22271,8475.238
22272,12988.255
22273,7158.2676
22274,8682.662
22275,36424.47
22276,8951.648
22277,81810.06
22278,9506.174
22279,5135.4526
22280,6669.7437
22281,20491.74
22282,7415.7485
22283,13052.435
22284,8185.623
22285,5206.0684
22286,23466.006
22287,8486.052
22288,31621.586
22289,23865.61
22290,17156.764
22291,7035.9062
22292,6821.703
22293,137439.94
22294,41003.688
22295,7228.5664
22296,5264.437
22297,8157.04
22298,8927.938
22299,5845.319
22300,4617.19
22301,6326.012
22302,7719.894
22303,8062.2983
22304,10980.33
22305,192264.69
22306,7279.3877
22307,6055.7314
22308,9278.213
22309,5104.9385
22310,32570.662
22311,15827.512
22312,10587.262
22313,236751.3
22314,5938.533
22315,49263.18
22316,6663.997
22317,14619.018
22318,4771.1333
22319,6534.638
22320,4764.423
22321,20788.914
22322,102637.1
22323,7104.0225
22324,6807.7007
22325,8065.3486
22326,19874.934
22327,4846.244
22328,10976.057
22329,50704.977
22330,8793.511
22331,32451.943
22332,5911.851
22333,5070.8535
22334,14396.553
22335,10907.975
22336,6839.482
22337,16421.162
22338,9137.088
22339,12183.197
22340,30209.268
22341,6537.368
22342,51163.527
22343,11770.424
22344,14233.874
22345,3904.9504
22346,6089.7046
22347,21877.576
22348,5140.5674
22349,7353.986
22350,5242.0806
22351,139190.45
22352,8244.381
22353,105581.875
22354,21761.002
22355,6847.9746
22356,5584.81
22357,7982.93
22358,11199.713
22359,14939.9795
22360,8599.814
22361,188208.61
22362,21194.553
22363,6396.1987
22364,8115.2134
22365,46785.85
22366,4650.512
22367,7864.5854
22368,8188.7153
22369,7716.3467
22370,10094.884
22371,5075.199
22372,64019.277
22373,4941.01
22374,55737.383
22375,4714.3345
22376,24645.838
22377,7624.8765
22378,20770.457
22379,15534.753
22380,16409.541
22381,6597.5996
22382,16415.66
22383,6965.8525
22384,5850.1523
22385,9402.198
22386,139756.42
22387,5759.3833
22388,166763.17
22389,5953.378
22390,12930.653
22391,7445.184
22392,171809.78
22393,9569.252
22394,9207.664
22395,27108.242
22396,10922.452
22397,4574.0605
22398,5430.065
22399,10675.807
22400,11997.537
22401,36112.19
22402,6384.916
22403,10266.626
22404,89132.69
22405,4833.9556
22406,11724.916
22407,5014.6953
22408,8358.739
22409,9740.69
22410,5575.2744
22411,7839.234
22412,7286.8726
22413,12717.462
22414,5485.2603
22415,7104.901
22416,6835.951
22417,11467.742
22418,109750.09
22419,11172.262
22420,8422.485
22421,9884.882
22422,106655.586
22423,5995.982
22424,63683.336
22425,220750.22
22426,7995.8096
22427,8388.033
22428,6001.589
22429,4637.5786
22430,10418.776
22431,7881.541
22432,5838.554
22433,4639.746
22434,10870.677
22435,7325.418
22436,5945.694
22437,11146.425
22438,54207.81
22439,7712.4565
22440,5399.992
22441,27677.816
22442,16584.059
22443,8648.775
22444,9774.847
22445,6337.472
22446,5120.14
22447,24639.24
22448,19128.05
22449,9674.574
22450,16367.591
22451,7097.1978
22452,6280.8
22453,21531.059
22454,6813.192
22455,12032.291
22456,6729.464
22457,4890.344
22458,5185.478
22459,7040.143
22460,161416.83
22461,48597.61
22462,49560.8
22463,13256.042
22464,7260.9497
22465,4487.5728
22466,8521.5625
22467,8461.936
22468,146995.92
22469,14029.527
22470,6203.8125
22471,4462.4565
22472,18000.527
22473,7254.637
22474,22703.725
22475,7243.9287
22476,62734.14
22477,6351.4507
22478,8351.2295
22479,8689.104
22480,24825.225
22481,7784.9434
22482,8208.681
22483,26867.203
22484,6978.419
22485,6571.4175
22486,5460.7637
22487,12514.624
22488,11173.882
22489,195875.72
22490,6482.9844
22491,9197.069
22492,6405.099
22493,5384.015
22494,7630.6953
22495,134484.92
22496,13222.844
22497,7449.169
22498,9075.477
22499,4206.8784
22500,8613.965
22501,8007.7007
22502,5999.3896
22503,6359.3906
22504,5012.401
22505,5124.6436
22506,8036.675
22507,24505.926
22508,11273.383
22509,11099.201
22510,25332.459
22511,5479.2163
22512,5198.0776
22513,88559.79
22514,5298.5596
22515,9163.958
22516,53656.9
22517,13835.113
22518,6380.346
22519,7457.327
22520,6911.223
22521,8940.561
22522,22805.193
22523,7001.682
22524,7555.222
22525,134320.12
22526,2611.0137
22527,6455.495
22528,18826.213
22529,5420.7773
22530,8048.2
22531,9597.43
22532,22792.857
22533,4377.6646
22534,7247.7905
22535,6059.5176
22536,5330.9155
22537,5275.468
22538,8857.275
22539,10465.215
22540,116444.88
22541,5385.4043
22542,20553.912
22543,71379.414
22544,15736.918
22545,7148.6777
22546,17444.957
22547,9994.531
22548,6369.439
22549,7864.121
22550,8346.54
22551,8099.648
22552,32188.613
22553,16117.251
22554,4033.066
22555,64690.13
22556,20834.746
22557,107435.625
22558,8429.288
22559,18945.324
22560,6555.5146
22561,6126.8896
22562,7856.314
22563,6679.2593
22564,15316.454
22565,6816.2373
22566,26752.836
22567,63465.715
22568,7234.908
22569,5408.27
22570,13066.467
22571,7870.1353
22572,33456.15
22573,16144.386
22574,6248.8765
22575,7099.4707
22576,13751.9
22577,12026.426
22578,5038.8057
22579,59796.684
22580,85490.86
22581,84796.875
22582,17824.707
22583,18955.23
22584,4909.8086
22585,9160.494
22586,7903.493
22587,21065.498
22588,11656.189
22589,6228.791
22590,6876.2266
22591,7780.5557
22592,8240.576
22593,18958.479
22594,10681.616
22595,85867.93
22596,15680.587
22597,6233.2373
22598,8813.559
22599,11954.429
22600,5426.1646
22601,6237.611
22602,10729.389
22603,10722.211
22604,8185.378
22605,27008.242
22606,6792.101
22607,14000.983
22608,192587.39
22609,135521.25
22610,9685.227
22611,7455.12
22612,16432.213
22613,6851.412
22614,178899.14
22615,10421.799
22616,15134.564
22617,8522.509
22618,6695.2837
22619,52544.797
22620,5988.6196
22621,9974.795
22622,4499.601
22623,6536.0654
22624,16994.96
22625,10105.487
22626,8009.9375
22627,7693.3125
22628,9312.732
22629,7615.2637
22630,9194.928
22631,7471.1353
22632,40922.957
22633,14858.814
22634,7117.259
22635,5940.7217
22636,9652.945
22637,7726.3735
22638,4974.8296
22639,186389.48
22640,6356.5576
22641,8998.897
22642,6572.417
22643,8297.674
22644,4427.065
22645,6603.0166
22646,34816.23
22647,41684.32
22648,4677.807
22649,6016.2173
22650,5454.715
22651,11548.013
22652,5230.957
22653,4757.446
22654,6876.5386
22655,13964.26
22656,25365.031
22657,5327.846
22658,8890.452
22659,6657.662
22660,1410.1383
22661,7772.641
22662,5091.892
22663,52877.79
22664,4263.333
22665,5323.299
22666,195944.98
22667,12856.363
22668,8636.746
22669,7121.766
22670,25596.295
22671,27656.066
22672,10616.08
22673,10458.996
22674,8399.767
22675,8381.532
22676,6705.679
22677,110551.35
22678,9467.711
22679,89554.2
22680,12288.489
22681,11716.237
22682,11267.419
22683,26442.092
22684,7565.9224
22685,5897.165
22686,22140.676
22687,70868.67
22688,21470.518
22689,5185.478
22690,62197.14
22691,5307.3315
22692,16271.433
22693,10965.762
22694,7929.6743
22695,6226.1006
22696,42280.95
22697,8380.619
22698,28982.914
22699,8188.738
22700,6511.223
22701,12433.386
22702,16606.225
22703,7553.3535
22704,10123.579
22705,2882.92
22706,4545.076
22707,7430.5127
22708,6243.6733
22709,7697.398
22710,12981.589
22711,13765.809
22712,6119.402
22713,7396.5747
22714,7379.2637
22715,7141.097
22716,17282.021
22717,10111.013
22718,7195.4897
22719,19988.83
22720,7128.099
22721,7535.705
22722,53077.926
22723,3985.687
22724,51491.7
22725,135688.17
22726,6905.258
22727,5695.1997
22728,6211.6733
22729,4084.3052
22730,6710.978
22731,9697.315
22732,11693.639
22733,13115.375
22734,37788.84
22735,4399.232
22736,7193.995
22737,21946.781
22738,9741.931
22739,117677.11
22740,6603.818
22741,5657.4893
22742,10095.329
22743,7312.149
22744,5913.4526
22745,11267.419
22746,17263.545
22747,11041.618
22748,107126.164
22749,11680.987
22750,8723.332
22751,37413.543
22752,20329.418
22753,4929.2144
22754,5680.8037
22755,7521.1743
22756,8435.821
22757,7045.1616
22758,9664.885
22759,4503.3325
22760,7555.7993
22761,88719.13
22762,24755.715
22763,39084.953
22764,17127.068
22765,5886.2075
22766,17548.873
22767,5541.2197
22768,13737.053
22769,10426.196
22770,5318.19
22771,27645.643
22772,7158.178
22773,11198.457
22774,5362.525
22775,6619.182
22776,15716.334
22777,4779.88
22778,11438.552
22779,15234.117
22780,7984.0386
22781,9120.409
22782,6549.0806
22783,11703.388
22784,19756.498
22785,273814.84
22786,11061.104
22787,9432.796
22788,7129.4717
22789,26924.15
22790,8091.1094
22791,6980.7837
22792,9016.312
22793,50417.12
22794,180758.11
22795,14168.176
22796,7560.506
22797,9464.081
22798,11255.549
22799,9586.946
22800,6161.1665
22801,6705.515
22802,17220.406
22803,296973.38
22804,7982.3135
22805,7183.182
22806,91111.86
22807,48489.324
22808,10132.197
22809,6065.34
22810,11754.214
22811,78107.43
22812,9316.686
22813,8910.536
22814,8556.395
22815,7229.9756
22816,5910.5024
22817,7380.0957
22818,25530.152
22819,103841.055
22820,12591.476
22821,11584.964
22822,6757.425
22823,10334.411
22824,58758.12
22825,29497.396
22826,14240.338
22827,38619.617
22828,7684.012
22829,10545.389
22830,32523.2
22831,14240.814
22832,6015.8555
22833,58737.617
22834,8972.462
22835,11268.648
22836,8172.312
22837,6957.1333
22838,5836.523
22839,9548.501
22840,10657.086
22841,15247.281
22842,46230.46
22843,31323.938
22844,199296.31
22845,7842.3887
22846,5060.1875
22847,15845.037
22848,6392.4175
22849,10362.249
22850,14655.51
22851,2695.753
22852,35723.64
22853,4329.674
22854,7070.0884
22855,33456.15
22856,10554.572
22857,6215.741
22858,8362.671
22859,25862.697
22860,4391.7935
22861,15707.518
22862,19697.426
22863,6113.9844
22864,9441.883
22865,6227.2754
22866,122347.29
22867,46122.977
22868,10073.085
22869,6263.5835
22870,8713.112
22871,8657.04
22872,29053.92
22873,7696.548
22874,8136.9277
22875,6290.7734
22876,8016.072
22877,10713.243
22878,10546.11
22879,6695.218
22880,7261.3887
22881,36265.805
22882,8792.995
22883,6803.6567
22884,4839.356
22885,8146.364
22886,11004.108
22887,4351.3477
22888,5114.152
22889,8447.21
22890,76339.484
22891,13335.538
22892,6606.5923
22893,5176.0835
22894,6422.1343
22895,13678.191
22896,9872.557
22897,6244.7017
22898,9165.625
22899,13110.665
22900,4749.6187
22901,8358.368
22902,7020.0767
22903,17438.354
22904,7130.302
22905,44890.45
22906,7996.5283
22907,9385.247
22908,22287.98
22909,38851.54
22910,41062.973
22911,9645.416
22912,12899.2
22913,6281.393
22914,7556.1333
22915,4140.358
22916,7927.4976
22917,42842.92
22918,8252.156
22919,6466.705
22920,8098.1343
22921,11751.512
22922,11194.299
22923,6905.534
22924,5750.05
22925,5692.2363
22926,21908.277
22927,23784.41
22928,16573.361
22929,17614.318
22930,7134.3403
22931,10640.92
22932,11087.347
22933,47626.055
22934,3885.5198
22935,16774.299
22936,5633.488
22937,20760.154
22938,178674.39
22939,12030.043
22940,13459.266
22941,7126.7485
22942,7251.012
22943,60970.527
22944,95667.25
22945,3193.06
22946,88657.266
22947,7437.99
22948,7004.157
22949,21409.521
22950,6785.633
22951,19354.414
22952,13622.677
22953,7009.9966
22954,13397.279
22955,7989.7646
22956,17843.164
22957,7658.9634
22958,7159.612
22959,7774.1978
22960,8452.897
22961,169162.62
22962,6459.395
22963,10080.143
22964,6944.481
22965,13539.587
22966,18111.992
22967,18003.809
22968,10631.866
22969,6642.687
22970,29890.666
22971,6280.793
22972,10893.799
22973,35926.2
22974,5881.333
22975,25514.16
22976,233911.16
22977,6142.6875
22978,4200.812
22979,16720.656
22980,130785.516
22981,48901.746
22982,13183.434
22983,5226.598
22984,7138.503
22985,9704.194
22986,36977.926
22987,18289.398
22988,171158.77
22989,10843.386
22990,36873.56
22991,14649.944
22992,105198.914
22993,40631.74
22994,15675.984
22995,6068.506
22996,10409.687
22997,7618.982
22998,5911.301
22999,8037.2295
23000,9377.514
23001,80906.805
23002,6579.469
23003,7882.315
23004,29863.604
23005,6221.8374
23006,4880.9434
23007,6907.514
23008,4975.3633
23009,43281.258
23010,21638.002
23011,175070.38
23012,7178.0356
23013,5975.652
23014,7419.379
23015,21238.408
23016,133456.58
23017,19309.361
23018,27571.148
23019,80271.36
23020,7679.0894
23021,5333.562
23022,11884.577
23023,9237.394
23024,28466.537
23025,59109.562
23026,6490.3545
23027,19490.326
23028,15247.586
23029,6315.475
23030,7211.305
23031,8129.6357
23032,11033.671
23033,15882.917
23034,5029.436
23035,26342.41
23036,13852.438
23037,8802.21
23038,118953.78
23039,3482.6057
23040,7413.886
23041,13680.176
23042,8775.079
23043,6802.998
23044,11508.206
23045,5952.7373
23046,10576.69
23047,7820.048
23048,6655.85
23049,25113.615
23050,7196.5703
23051,5551.651
23052,10644.694
23053,189097.72
23054,93642.08
23055,6656.8906
23056,11944.505
23057,10125.357
23058,43242.266
23059,6976.7744
23060,21339.477
23061,5612.3477
23062,31992.275
23063,28268.354
23064,9341.484
23065,8064.215
23066,10842.837
23067,12800.209
23068,3918.2034
23069,8020.548
23070,318451.1
23071,5566.9824
23072,10818.813
23073,8204.406
23074,9848.396
23075,5513.878
23076,11086.998
23077,12444.612
23078,9466.626
23079,8889.704
23080,22283.617
23081,20796.877
23082,17863.47
23083,5391.836
23084,9244.481
23085,14318.166
23086,5527.05
23087,5929.227
23088,5615.1597
23089,5008.515
23090,6861.692
23091,8086.154
23092,12437.989
23093,25255.139
23094,17947.97
23095,10059.655
23096,74195.79
23097,31261.469
23098,5725.1367
23099,6807.672
23100,4325.0166
23101,15094.626
23102,11801.277
23103,7279.062
23104,6609.404
23105,12297.366
23106,8039.9194
23107,5888.04
23108,9995.082
23109,5418.1846
23110,5911.6235
23111,6411.424
23112,7444.8916
23113,5065.696
23114,11394.811
23115,65283.875
23116,32879.305
23117,8184.231
23118,7974.7554
23119,13251.026
23120,7274.18
23121,151617.8
23122,7653.4053
23123,4928.3877
23124,6460.3965
23125,11894.942
23126,7773.6567
23127,19277.691
23128,40772.117
23129,9565.552
23130,6190.4253
23131,214558.97
23132,102700.24
23133,6326.888
23134,11820.984
23135,22349.166
23136,11096.377
23137,6787.077
23138,7809.281
23139,6589.536
23140,21205.72
23141,7331.511
23142,5661.6094
23143,6619.304
23144,9909.504
23145,5969.631
23146,38758.17
23147,75527.7
23148,148699.58
23149,12302.492
23150,4714.8755
23151,62710.125
23152,29177.363
23153,4770.956
23154,3062.9812
23155,16859.146
23156,5583.838
23157,7987.385
23158,4771.4126
23159,5809.6665
23160,7876.456
23161,7995.2544
23162,2835.3936
23163,24944.78
23164,16157.379
23165,9993.207
23166,11376.615
23167,138125.67
23168,6596.802
23169,5071.6387
23170,6314.435
23171,6892.684
23172,9822.621
23173,8869.284
23174,11094.978
23175,6709.214
23176,3577.3027
23177,11081.364
23178,8528.845
23179,62361.266
23180,7018.905
23181,5662.2764
23182,9624.565
23183,6630.0776
23184,5768.8633
23185,14290.279
23186,7041.436
23187,95813.56
23188,5106.934
23189,7839.4956
23190,5532.645
23191,9233.263
23192,3076.082
23193,18831.879
23194,38082.92
23195,13793.4795
23196,19545.236
23197,51899.13
23198,149784.03
23199,11548.013
23200,5759.503
23201,12829.935
23202,10790.456
23203,9227.809
23204,10549.621
23205,4964.924
23206,8776.895
23207,5740.9004
23208,5557.3403
23209,8832.272
23210,6255.878
23211,8254.873
23212,24020.438
23213,8857.332
23214,6586.053
23215,15633.45
23216,7047.7026
23217,8627.98
23218,30137.438
23219,6190.406
23220,11931.634
23221,5587.7065
23222,5146.5684
23223,5954.0317
23224,10125.006
23225,7033.9585
23226,16283.229
23227,5839.7666
23228,7224.1133
23229,10343.808
23230,7992.1416
23231,7136.239
23232,54324.16
23233,12456.5625
23234,6855.2163
23235,67217.23
23236,19923.379
23237,6443.959
23238,9328.582
23239,17244.89
23240,9290.295
23241,7203.955
23242,8732.856
23243,6187.7266
23244,6514.106
23245,4383.6157
23246,36539.027
23247,7439.968
23248,6876.5386
23249,5444.4526
23250,11319.907
23251,45293.938
23252,21743.426
23253,7733.576
23254,10956.322
23255,46654.168
23256,7000.025
23257,4767.61
23258,8080.804
23259,19979.805
23260,6367.2173
23261,20003.182
23262,22047.77
23263,21995.803
23264,5288.734
23265,10689.397
23266,9098.882
23267,5976.4507
23268,6145.8027
23269,6929.2476
23270,8608.543
23271,4497.3633
23272,5991.622
23273,8198.388
23274,16827.59
23275,7302.8145
23276,8020.495
23277,7436.791
23278,4580.3223
23279,6384.074
23280,8168.5103
23281,15632.995
23282,11098.726
23283,33024.402
23284,9732.952
23285,50363.473
23286,8438.304
23287,8399.501
23288,7648.263
23289,7069.9087
23290,7044.01
23291,14129.49
23292,6521.6587
23293,53154.37
23294,164436.73
23295,3240.4102
23296,6328.7056
23297,27454.373
23298,5782.92
23299,3955.5967
23300,4147.1475
23301,6428.9844
23302,7599.566
23303,9523.545
23304,6145.912
23305,11792.132
23306,26211.443
23307,44943.14
23308,7208.223
23309,27481.146
23310,34047.47
23311,7284.77
23312,61658.402
23313,204507.83
23314,13340.725
23315,159979.95
23316,7317.403
23317,6448.766
23318,99227.79
23319,5078.765
23320,10363.784
23321,18239.588
23322,4529.155
23323,6608.476
23324,7532.747
23325,7667.67
23326,5056.7705
23327,8213.311
23328,42702.285
23329,8258.751
23330,6789.996
23331,5979.1294
23332,4611.315
23333,2695.753
23334,21420.459
23335,16632.207
23336,13856.447
23337,21317.957
23338,12362.173
23339,8386.252
23340,5157.346
23341,6724.1636
23342,89132.69
23343,10311.207
23344,187759.05
23345,9450.957
23346,6454.575
23347,12629.072
23348,5879.9727
23349,4127.2246
23350,9162.587
23351,9600.492
23352,7348.6855
23353,7099.317
23354,202069.94
23355,5966.131
23356,4124.5903
23357,6524.5737
23358,6623.214
23359,13883.267
23360,10039.109
23361,8342.628
23362,11126.251
23363,19362.469
23364,11815.658
23365,7350.944
23366,5466.8354
23367,8711.756
23368,4466.6
23369,6982.4067
23370,219892.72
23371,15071.011
23372,7795.108
23373,7707.1504
23374,8557.687
23375,9214.488
23376,21288.545
23377,31037.963
23378,7298.134
23379,7731.5054
23380,11672.957
23381,11667.529
23382,132274.98
23383,12874.423
23384,7475.7393
23385,10181.927
23386,7543.274
23387,148854.4
23388,6243.727
23389,7680.598
23390,13799.681
23391,15044.654
23392,6753.3535
23393,169376.81
23394,8969.051
23395,10920.717
23396,27180.371
23397,11014.067
23398,5190.3647
23399,38649.055
23400,10386.568
23401,6112.586
23402,7196.5703
23403,6159.415
23404,6286.317
23405,11428.841
23406,6691.5186
23407,56886.75
23408,11670.151
23409,5890.5444
23410,50161.0
23411,5713.214
23412,7990.6074
23413,29094.549
23414,17978.838
23415,11801.739
23416,7581.731
23417,6159.9707
23418,166342.36
23419,4607.235
23420,4189.405
23421,8082.1807
23422,4923.296
23423,6264.2236
23424,21475.77
23425,6180.859
23426,9234.7
23427,4673.3154
23428,6637.518
23429,6795.5366
23430,4253.179
23431,6106.7715
23432,48522.168
23433,5491.233
23434,22830.838
23435,14459.064
23436,7232.8174
23437,8712.788
23438,9046.273
23439,21833.57
23440,8618.241
23441,7853.714
23442,83151.37
23443,5183.973
23444,5883.5166
23445,52648.09
23446,7763.071
23447,17436.047
23448,8723.137
23449,11605.939
23450,46060.27
23451,22492.934
23452,47959.348
23453,5974.633
23454,8320.273
23455,6919.646
23456,7714.8066
23457,10962.042
23458,235680.25
23459,12829.936
23460,103750.07
23461,56221.41
23462,8429.702
23463,11104.605
23464,5782.553
23465,5823.376
23466,157175.61
23467,3917.0767
23468,7077.8047
23469,16947.918
23470,10633.761
23471,7679.475
23472,35984.96
23473,37273.0
23474,21978.035
23475,7170.1016
23476,26532.393
23477,12400.804
23478,13512.947
23479,150212.16
23480,9644.031
23481,9040.3545
23482,8214.837
23483,11210.876
23484,16334.772
23485,29817.91
23486,9556.21
23487,8436.693
23488,9068.875
23489,8536.546
23490,9011.497
23491,8361.841
23492,7562.5176
23493,20122.889
23494,14648.768
23495,9122.282
23496,7376.2876
23497,43858.96
23498,9358.605
23499,71820.08
23500,16036.311
23501,151044.31
23502,5967.394
23503,4328.086
23504,17495.262
23505,84420.25
23506,8616.441
23507,5198.753
23508,8845.012
23509,9145.1
23510,4895.3013
23511,11893.091
23512,8962.792
23513,10173.467
23514,6059.6724
23515,8972.895
23516,7458.552
23517,12282.032
23518,11034.336
23519,9323.194
23520,14747.41
23521,5646.8345
23522,8386.903
23523,9176.463
23524,7043.879
23525,5970.713
23526,33432.965
23527,13654.587
23528,8813.87
23529,4680.333
23530,65698.25
23531,35830.496
23532,7621.348
23533,143633.9
23534,5536.6504
23535,15420.574
23536,11023.037
23537,3758.533
23538,6552.6533
23539,27132.443
23540,8653.993
23541,14597.651
23542,9094.83
23543,9129.334
23544,34215.195
23545,43997.316
23546,6076.4565
23547,7446.148
23548,6135.5005
23549,51980.016
23550,23270.469
23551,27505.287
23552,15441.453
23553,11415.332
23554,4673.292
23555,4831.5386
23556,7945.8364
23557,26956.572
23558,9199.176
23559,7995.164
23560,7992.0063
23561,16231.586
23562,6563.934
23563,10910.554
23564,113729.6
23565,27904.244
23566,5207.477
23567,9335.943
23568,4627.4775
23569,61248.586
23570,9131.298
23571,7806.273
23572,5926.462
23573,7072.4365
23574,8364.441
23575,10445.712
23576,8276.628
23577,12915.18
23578,86774.54
23579,23979.271
23580,16921.477
23581,7771.3916
23582,31833.773
23583,27294.695
23584,14681.148
23585,148699.58
23586,7460.8145
23587,17657.79
23588,7841.843
23589,7277.0254
23590,10888.454
23591,3888.0789
23592,20648.262
23593,4508.2236
23594,6355.703
23595,14655.846
23596,5778.0073
23597,9292.254
23598,8594.8125
23599,14684.738
23600,12731.009
23601,11048.642
23602,5750.0493
23603,8554.389
23604,5640.3867
23605,9848.868
23606,6392.1895
23607,110206.22
23608,17873.424
23609,13612.704
23610,66578.6
23611,25810.979
23612,108173.75
23613,13195.634
23614,3859.829
23615,18461.266
23616,69201.97
23617,8567.239
23618,21111.049
23619,8868.624
23620,9062.118
23621,5944.083
23622,11373.651
23623,20457.7
23624,7122.695
23625,12972.603
23626,6643.7827
23627,140911.73
23628,52789.98
23629,39330.02
23630,5561.665
23631,43108.816
23632,8570.801
23633,7990.5913
23634,17266.568
23635,8685.279
23636,38934.957
23637,4315.803
23638,14132.283
23639,3091.0503
23640,103750.07
23641,18446.389
23642,19752.889
23643,82873.99
23644,9859.752
23645,5805.4604
23646,15121.395
23647,8376.433
23648,5406.799
23649,26595.762
23650,10401.545
23651,6486.838
23652,6224.9814
23653,6269.466
23654,5420.349
23655,7985.086
23656,10024.991
23657,6340.5415
23658,18470.111
23659,9903.991
23660,10035.423
23661,6370.4556
23662,29207.916
23663,6168.7046
23664,7988.59
23665,8357.818
23666,52774.83
23667,8387.8125
23668,13535.039
23669,41050.152
23670,8572.089
23671,13971.778
23672,18838.941
23673,7569.047
23674,6589.98
23675,19347.193
23676,8610.014
23677,15056.575
23678,9497.095
23679,19370.574
23680,31684.541
23681,8116.2124
23682,7536.3735
23683,7511.887
23684,10297.029
23685,12607.67
23686,118440.32
23687,15350.533
23688,10707.411
23689,171615.02
23690,81179.96
23691,7209.6636
23692,9046.572
23693,9648.739
23694,13101.93
23695,17315.248
23696,8479.206
23697,6963.819
23698,6461.426
23699,9799.619
23700,10974.912
23701,14038.569
23702,5916.8843
23703,5059.911
23704,41514.035
23705,8305.183
23706,144824.08
23707,4645.821
23708,7345.194
23709,6674.482
23710,5332.196
23711,14944.152
23712,44646.902
23713,8278.096
23714,6963.5547
23715,16862.955
23716,6774.4487
23717,5989.6646
23718,7104.9185
23719,22810.729
23720,11657.248
23721,8597.17
23722,173244.56
23723,6872.456
23724,9806.43
23725,41249.09
23726,12454.14
23727,10471.308
23728,44974.36
23729,6899.0615
23730,129669.87
23731,8955.496
23732,17690.414
23733,4136.133
23734,9749.689
23735,6160.7007
23736,7838.3354
23737,144904.89
23738,7548.8374
23739,17331.582
23740,6048.6406
23741,7390.547
23742,14248.198
23743,15220.594
23744,7871.5073
23745,6280.2583
23746,11724.91
23747,6532.6157
23748,7096.84
23749,6586.0015
23750,70065.14
23751,25422.607
23752,7774.029
23753,7485.472
23754,7112.6016
23755,8280.063
23756,177737.1
23757,44258.86
23758,6098.823
23759,11407.174
23760,13640.915
23761,14890.327
23762,7891.5195
23763,7234.492
23764,6894.745
23765,9683.574
23766,29575.62
23767,6766.927
23768,7578.447
23769,8025.2354
23770,7267.0825
23771,59633.727
23772,20711.78
23773,7075.8467
23774,10332.673
23775,6158.4116
23776,15602.256
23777,75752.15
23778,158697.72
23779,7042.492
23780,5780.8755
23781,6887.2563
23782,11466.984
23783,3656.0906
23784,34495.527
23785,8221.196
23786,5720.0254
23787,49851.297
23788,40609.973
23789,6079.37
23790,6723.0957
23791,18597.955
23792,6834.6353
23793,7417.3706
23794,49806.14
23795,6743.7544
23796,6273.317
23797,5297.3027
23798,5741.4233
23799,67381.57
23800,9015.694
23801,3808.4854
23802,88936.42
23803,15263.724
23804,8107.328
23805,7920.611
23806,12140.974
23807,59807.21
23808,12182.897
23809,4494.513
23810,7218.9585
23811,8058.1777
23812,21693.23
23813,6054.414
23814,6103.5156
23815,6057.392
23816,14254.277
23817,8405.746
23818,30231.326
23819,7298.0884
23820,7409.7134
23821,53812.793
23822,3858.4746
23823,10334.816
23824,8620.709
23825,13052.633
23826,25527.518
23827,8762.824
23828,8264.481
23829,12737.518
23830,83580.266
23831,4793.4536
23832,12638.947
23833,8305.675
23834,276317.3
23835,9962.66
23836,22196.227
23837,7605.617
23838,14660.497
23839,6126.0312
23840,11077.351
23841,6844.1895
23842,7195.7573
23843,11955.3125
23844,23943.52
23845,8590.233
23846,10107.383
23847,12487.168
23848,4761.399
23849,51475.188
23850,4208.156
23851,249981.44
23852,16786.559
23853,31185.26
23854,17842.078
23855,9993.804
23856,7882.928
23857,11814.722
23858,7579.1675
23859,8180.354
23860,11235.369
23861,41551.12
23862,10082.751
23863,6342.001
23864,7209.6997
23865,7234.579
23866,6349.539
23867,9552.932
23868,6905.258
23869,6223.869
23870,15760.788
23871,4364.6924
23872,78986.4
23873,9118.47
23874,24775.645
23875,9276.236
23876,17035.928
23877,30909.418
23878,215874.3
23879,5442.0786
23880,14444.36
23881,4239.5806
23882,-1751.6458
23883,9092.36
23884,5612.176
23885,10423.108
23886,8465.435
23887,14137.695
23888,6150.2812
23889,6342.071
23890,5462.6553
23891,6932.741
23892,7856.769
23893,7143.2754
23894,7540.063
23895,7053.2925
23896,89315.37
23897,6157.628
23898,13218.917
23899,19566.86
23900,23188.736
23901,5906.9844
23902,5382.029
23903,15415.216
23904,9623.173
23905,7115.3394
23906,7012.5015
23907,14342.893
23908,5287.8115
23909,10091.98
23910,44484.355
23911,5718.359
23912,4100.399
23913,4215.272
23914,5801.7046
23915,42559.97
23916,54675.36
23917,25765.61
23918,26795.24
23919,6196.7036
23920,33538.523
23921,114467.29
23922,26182.906
23923,6576.225
23924,9107.998
23925,6340.3936
23926,6405.099
23927,8552.262
23928,7542.518
23929,8734.544
23930,32636.666
23931,9043.252
23932,30161.062
23933,217474.42
23934,4991.0415
23935,9901.467
23936,59949.594
23937,25245.584
23938,74559.125
23939,6523.69
23940,6168.628
23941,25554.602
23942,9181.629
23943,8035.45
23944,150417.9
23945,11669.338
23946,11016.019
23947,7308.5874
23948,12397.325
23949,394343.84
23950,13378.539
23951,46543.168
23952,77087.266
23953,18733.14
23954,8281.104
23955,7387.659
23956,6239.131
23957,29766.104
23958,4841.442
23959,14161.403
23960,4852.3115
23961,10172.184
23962,16199.088
23963,13912.248
23964,13965.683
23965,9239.727
23966,40978.562
23967,6534.3013
23968,7712.8823
23969,6331.4243
23970,10173.787
23971,13134.225
23972,12433.032
23973,9089.3955
23974,41409.35
23975,8674.589
23976,9159.068
23977,6356.1084
23978,8352.487
23979,21368.91
23980,7984.3394
23981,7343.6953
23982,6356.0503
23983,7987.359
23984,6465.621
23985,6065.696
23986,40219.047
23987,9683.243
23988,134320.12
23989,18051.08
23990,29715.42
23991,6984.5933
23992,34750.28
23993,10258.316
23994,7236.964
23995,6209.4004
23996,61778.438
23997,5494.5522
23998,8694.705
23999,5682.061
24000,331827.9
24001,23989.303
24002,8495.548
24003,3743.0356
24004,3566.475
24005,19589.725
24006,6707.2705
24007,5899.573
24008,6649.425
24009,166729.0
24010,38163.66
24011,11902.355
24012,6405.375
24013,6948.6978
24014,68802.84
24015,86623.08
24016,156762.81
24017,8955.123
24018,8224.829
24019,7891.898
24020,7373.998
24021,4886.199
24022,5940.318
24023,5250.146
24024,12347.2705
24025,7861.5586
24026,11094.575
24027,5687.4
24028,3604.0642
24029,14290.034
24030,18063.06
24031,5477.117
24032,7995.816
24033,5908.28
24034,9773.453
24035,20883.658
24036,4927.69
24037,56184.324
24038,300937.5
24039,54260.684
24040,6992.775
24041,39160.777
24042,9734.306
24043,10748.788
24044,7862.3125
24045,99197.73
24046,7018.905
24047,9959.552
24048,2747.2876
24049,5136.05
24050,8565.176
24051,7854.2983
24052,192535.42
24053,10595.979
24054,6389.7856
24055,152703.58
24056,8334.731
24057,16138.642
24058,7290.7285
24059,5822.992
24060,6291.01
24061,5580.2183
24062,13278.7295
24063,15001.029
24064,7805.83
24065,11027.005
24066,9547.778
24067,6786.916
24068,6053.9854
24069,10895.657
24070,7624.1616
24071,16152.005
24072,30859.334
24073,6294.919
24074,8207.848
24075,7171.0854
24076,39292.07
24077,15055.509
24078,6295.016
24079,6790.859
24080,10603.79
24081,6891.6025
24082,20274.682
24083,10435.913
24084,15996.613
24085,29594.426
24086,4887.4507
24087,12899.2
24088,10295.775
24089,7787.953
24090,11977.442
24091,10857.499
24092,80824.46
24093,9124.804
24094,11788.7295
24095,15007.769
24096,5358.5244
24097,5139.2266
24098,5091.892
24099,4066.9526
24100,6545.263
24101,13535.039
24102,6851.621
24103,6616.615
24104,131550.11
24105,103997.836
24106,5243.213
24107,4851.157
24108,10363.713
24109,9805.162
24110,5319.9272
24111,4756.652
24112,8226.186
24113,5811.0464
24114,7869.4272
24115,3008.6946
24116,8482.922
24117,10112.8955
24118,9964.772
24119,9152.609
24120,7233.8315
24121,6243.1562
24122,20252.408
24123,9447.295
24124,6362.412
24125,53862.473
24126,7205.618
24127,7416.2334
24128,12977.179
24129,24810.877
24130,5565.306
24131,17559.998
24132,18312.422
24133,34526.39
24134,7752.038
24135,10136.386
24136,4748.741
24137,6863.015
24138,11881.767
24139,6607.137
24140,202866.78
24141,6635.436
24142,4308.771
24143,5591.8076
24144,6388.1494
24145,8733.909
24146,6298.6426
24147,19232.791
24148,24621.03
24149,7889.839
24150,89315.37
24151,11287.393
24152,8461.942
24153,8251.34
24154,28350.518
24155,6547.245
24156,7959.2744
24157,9974.493
24158,12945.036
24159,8177.9443
24160,104702.99
24161,6342.071
24162,10513.726
24163,12024.689
24164,8899.737
24165,290952.2
24166,9755.62
24167,18742.016
24168,77827.57
24169,191616.12
24170,8522.409
24171,5923.287
24172,26960.201
24173,7509.843
24174,132388.47
24175,7220.759
24176,6006.7476
24177,4478.2676
24178,13619.071
24179,9509.159
24180,9319.476
24181,9588.983
24182,267155.72
24183,4497.8257
24184,98630.24
24185,19062.46
24186,11134.547
24187,8250.947
24188,19280.281
24189,8127.818
24190,43858.96
24191,1659.6628
24192,6273.155
24193,6757.4175
24194,5944.786
24195,110529.9
24196,4838.2085
24197,6297.5713
24198,6892.788
24199,5363.597
24200,10888.547
24201,8860.081
24202,7177.4634
24203,13673.665
24204,5933.2656
24205,6670.632
24206,16654.752
24207,5366.412
24208,7752.9033
24209,3701.7715
24210,6266.384
24211,9263.759
24212,4758.4434
24213,5213.3657
24214,10124.738
24215,7185.408
24216,13721.947
24217,9288.035
24218,9102.518
24219,8577.995
24220,8611.752
24221,11088.862
24222,40886.477
24223,4126.8687
24224,128203.66
24225,36097.246
24226,22171.736
24227,16965.037
24228,7183.9785
24229,28077.014
24230,3688.656
24231,4245.0938
24232,6625.3257
24233,8893.094
24234,6607.5376
24235,5991.4185
24236,15023.2705
24237,10637.019
24238,6882.504
24239,6173.6533
24240,156680.52
24241,8444.376
24242,5881.4004
24243,323284.88
24244,7473.7695
24245,6571.8936
24246,16437.092
24247,20622.947
24248,10007.362
24249,6124.3
24250,6774.8833
24251,7029.3726
24252,8239.322
24253,6571.4175
24254,5920.5767
24255,8816.031
24256,6213.715
24257,56890.867
24258,5361.4707
24259,7288.9907
24260,7007.1294
24261,7282.5703
24262,6430.7627
24263,6892.262
24264,9039.261
24265,16651.654
24266,8029.4136
24267,7008.4497
24268,96474.37
24269,20629.652
24270,12831.973
24271,7402.5776
24272,5412.704
24273,9170.624
24274,6752.2715
24275,12704.26
24276,15501.38
24277,4229.843
24278,4645.255
24279,7425.1533
24280,5736.4434
24281,3623.9846
24282,4378.1094
24283,7957.154
24284,32510.994
24285,8758.839
24286,12054.893
24287,4737.0933
24288,10428.324
24289,9695.444
24290,7145.5444
24291,9917.356
24292,10154.527
24293,6234.279
24294,2594.2727
24295,6583.886
24296,11054.467
24297,12699.505
24298,6773.3247
24299,67199.555
24300,7955.6294
24301,6172.0117
24302,19531.1
24303,11180.518
24304,6478.7085
24305,8820.967
24306,7245.83
24307,23352.648
24308,12277.515
24309,6411.511
24310,7407.7056
24311,6614.917
24312,12609.659
24313,19375.871
24314,6534.677
24315,7963.4224
24316,7250.922
24317,10126.654
24318,4810.324
24319,184622.89
24320,4652.125
24321,6965.8525
24322,8528.957
24323,8437.273
24324,13288.408
24325,6866.627
24326,11808.778
24327,14737.605
24328,126440.33
24329,80136.26
24330,7707.9053
24331,6262.396
24332,12191.591
24333,7503.068
24334,7947.9927
24335,4895.299
24336,7394.5146
24337,8938.877
24338,13588.68
24339,9695.953
24340,6633.901
24341,7701.6357
24342,7146.556
24343,10606.063
24344,11616.035
24345,6289.9487
24346,7195.502
24347,20518.682
24348,5033.8765
24349,8333.536
24350,11189.475
24351,7260.903
24352,7702.7334
24353,49077.73
24354,39379.09
24355,19881.254
24356,12466.522
24357,47394.492
24358,14158.922
24359,8260.296
24360,6866.45
24361,8574.609
24362,8213.242
24363,69768.516
24364,6034.2695
24365,6269.197
24366,10868.998
24367,25598.736
24368,29809.053
24369,5340.6694
24370,6228.7993
24371,137105.42
24372,3343.3564
24373,7371.5483
24374,4327.8755
24375,97869.83
24376,6576.225
24377,6813.734
24378,6394.952
24379,83849.06
24380,27821.297
24381,7516.323
24382,25559.402
24383,7054.7754
24384,11034.574
24385,17184.42
24386,6864.274
24387,7129.0005
24388,47079.848
24389,8540.912
24390,22999.266
24391,12719.149
24392,11534.746
24393,11978.9
24394,9273.134
24395,17197.58
24396,9030.337
24397,37820.016
24398,7598.577
24399,121268.19
24400,11521.105
24401,5839.2773
24402,47959.348
24403,8018.0664
24404,7322.019
24405,9753.501
24406,14430.007
24407,22044.06
24408,19527.252
24409,24299.902
24410,8497.083
24411,8366.353
24412,7824.48
24413,4782.789
24414,6803.6567
24415,7244.6255
24416,9897.584
24417,167194.03
24418,11893.66
24419,6196.7036
24420,49104.266
24421,6364.818
24422,46801.527
24423,48552.37
24424,134951.55
24425,6470.649
24426,7813.4
24427,8249.21
24428,8678.002
24429,6773.126
24430,12270.023
24431,18331.965
24432,5940.1797
24433,5443.5225
24434,70868.67
24435,8902.119
24436,5290.357
24437,9251.07
24438,6976.0537
24439,7452.599
24440,23390.031
24441,10226.54
24442,8328.686
24443,48388.805
24444,10448.507
24445,160567.81
24446,39161.05
24447,3076.082
24448,5854.8237
24449,7165.818
24450,15242.607
24451,20653.594
24452,1116.2671
24453,7901.7393
24454,314409.0
24455,22660.76
24456,59731.2
24457,18683.824
24458,5405.249
24459,8389.711
24460,7757.6226
24461,10664.497
24462,53326.477
24463,14474.117
24464,28002.12
24465,7183.9785
24466,7824.9707
24467,6018.252
24468,13754.935
24469,8982.134
24470,44183.86
24471,13403.89
24472,17163.844
24473,7217.458
24474,7458.976
24475,7966.191
24476,10448.507
24477,6322.6753
24478,20962.064
24479,116485.375
24480,5586.201
24481,189738.06
24482,7452.9375
24483,15164.293
24484,7142.762
24485,5716.58
24486,4889.5728
24487,6419.0996
24488,125977.12
24489,8641.746
24490,22825.877
24491,28129.412
24492,76703.89
24493,73295.69
24494,7507.4585
24495,15927.025
24496,31716.39
24497,100906.6
24498,12280.458
24499,17196.275
24500,6257.2515
24501,10312.315
24502,6526.469
24503,4529.445
24504,8304.416
24505,53206.36
24506,86390.68
24507,11060.764
24508,141081.78
24509,4278.7026
24510,6467.7827
24511,7679.0884
24512,120136.125
24513,29094.549
24514,10367.77
24515,32644.652
24516,6346.53
24517,141283.55
24518,4354.7095
24519,5266.6377
24520,15762.514
24521,4333.456
24522,7548.603
24523,15495.215
24524,8596.175
24525,57878.492
24526,25026.283
24527,5243.113
24528,7201.7563
24529,15237.7705
24530,10036.683
24531,7508.6094
24532,63494.13
24533,5674.775
24534,17615.336
24535,17204.498
24536,14895.567
24537,6850.864
24538,5608.0127
24539,5994.639
24540,65018.113
24541,40024.254
24542,24493.32
24543,12978.319
24544,35056.56
24545,12819.306
24546,12832.208
24547,14017.749
24548,34618.96
24549,9313.034
24550,18889.176
24551,13622.677
24552,6958.4355
24553,6308.545
24554,5807.774
24555,8366.461
24556,9049.288
24557,5727.933
24558,44890.45
24559,7597.997
24560,6786.63
24561,91580.945
24562,58100.453
24563,7148.514
24564,80834.76
24565,5114.9766
24566,69359.875
24567,7326.3936
24568,13514.165
24569,9172.74
24570,7317.3843
24571,7247.88
24572,13226.54
24573,16736.535
24574,4418.2163
24575,7753.803
24576,21208.377
24577,6273.92
24578,6109.953
24579,63881.39
24580,18783.92
24581,7422.6045
24582,5115.429
24583,109497.984
24584,45150.45
24585,26684.113
24586,25381.729
24587,6822.4595
24588,7425.216
24589,29729.156
24590,114810.734
24591,40165.664
24592,9252.102
24593,170696.8
24594,5785.3115
24595,11991.755
24596,4191.566
24597,3915.2341
24598,8816.367
24599,6705.1216
24600,17605.713
24601,8034.2686
24602,124360.805
24603,6612.1084
24604,4917.142
24605,14538.301
24606,6847.24
24607,5876.5337
24608,17815.242
24609,4852.9883
24610,6196.842
24611,8178.3887
24612,4617.19
24613,52646.85
24614,8891.237
24615,6383.1353
24616,6502.1284
24617,6996.6655
24618,4203.6123
24619,8197.843
24620,4494.513
24621,87727.05
24622,7038.147
24623,6518.4683
24624,7228.939
24625,4316.7026
24626,5779.659
24627,7059.452
24628,46695.64
24629,8003.352
24630,5246.3174
24631,14430.007
24632,14745.738
24633,89588.71
24634,6098.0
24635,137607.28
24636,13653.469
24637,7834.989
24638,36417.742
24639,5554.729
24640,6750.7275
24641,5823.1396
24642,5625.919
24643,60065.55
24644,17694.549
24645,12967.212
24646,6273.478
24647,14137.628
24648,32169.186
24649,2955.9155
24650,8192.38
24651,7324.7705
24652,6683.6104
24653,14043.677
24654,6012.3228
24655,4840.5957
24656,5742.243
24657,8924.591
24658,9520.9375
24659,4677.9214
24660,3660.3254
24661,61248.586
24662,10517.082
24663,8206.175
24664,5802.3687
24665,7943.666
24666,17253.482
24667,7815.6772
24668,12652.429
24669,22901.127
24670,12736.749
24671,14047.346
24672,6283.947
24673,8300.212
24674,6613.15
24675,17858.422
24676,5489.5825
24677,7159.2456
24678,11619.035
24679,6127.3325
24680,12919.452
24681,93552.31
24682,100997.91
24683,4585.253
24684,12550.237
24685,7345.8438
24686,9521.37
24687,13853.624
24688,31124.205
24689,26693.23
24690,225960.97
24691,4195.841
24692,3858.4746
24693,11278.496
24694,9453.69
24695,5330.9136
24696,5491.1157
24697,7486.3286
24698,28698.232
24699,7337.1997
24700,8154.4004
24701,209258.98
24702,21199.965
24703,35405.496
24704,71893.66
24705,6401.521
24706,6102.0664
24707,9243.617
24708,6039.5396
24709,59214.844
24710,79744.305
24711,13468.583
24712,73319.58
24713,30738.459
24714,20503.754
24715,11146.598
24716,25548.488
24717,32148.701
24718,6479.64
24719,11702.9795
24720,3999.8118
24721,12526.026
24722,7647.524
24723,7005.1387
24724,10641.293
24725,17546.988
24726,73361.42
24727,6390.956
24728,41841.043
24729,10856.332
24730,6783.5205
24731,13018.97
24732,7933.494
24733,16661.67
24734,4865.3306
24735,12307.197
24736,6227.282
24737,11227.473
24738,36297.445
24739,5648.307
24740,7838.8745
24741,7240.516
24742,62213.51
24743,8593.691
24744,7026.017
24745,6817.53
24746,19780.166
24747,8923.319
24748,104475.65
24749,11119.206
24750,6296.3145
24751,10072.883
24752,7490.797
24753,10165.716
24754,92207.88
24755,9549.205
24756,7550.648
24757,12879.947
24758,9175.654
24759,24310.588
24760,7839.7305
24761,179362.69
24762,14360.743
24763,5349.4805
24764,13041.947
24765,9706.179
24766,5508.65
24767,7183.9785
24768,21822.07
24769,6959.6123
24770,13328.321
24771,8615.688
24772,7384.4395
24773,5398.7695
24774,9172.715
24775,10967.318
24776,70498.734
24777,9434.673
24778,5832.245
24779,6993.9707
24780,72968.414
24781,7024.2954
24782,11165.081
24783,41656.707
24784,16304.087
24785,7597.2827
24786,5651.3945
24787,6898.0405
24788,44984.332
24789,6060.99
24790,12536.228
24791,6839.3433
24792,22273.143
24793,14615.651
24794,10387.484
24795,19747.533
24796,37877.39
24797,26218.988
24798,6289.7915
24799,21823.7
24800,12479.226
24801,7512.9585
24802,8002.9043
24803,54675.36
24804,7538.2705
24805,7308.184
24806,17247.105
24807,7128.946
24808,5085.672
24809,8447.381
24810,8321.385
24811,8293.499
24812,8596.8125
24813,33338.82
24814,8594.998
24815,11705.259
24816,14065.1875
24817,28426.664
24818,7864.2534
24819,6940.771
24820,12263.218
24821,8058.1777
24822,7003.559
24823,12443.297
24824,39048.293
24825,6803.094
24826,8930.503
24827,10857.499
24828,13124.302
24829,5697.6772
24830,7481.821
24831,133819.73
24832,11186.033
24833,11781.802
24834,5753.606
24835,18341.473
24836,10846.243
24837,16454.172
24838,16774.041
24839,6351.0645
24840,4118.0933
24841,12886.272
24842,6807.417
24843,7711.8813
24844,36757.348
24845,5856.0405
24846,5313.7803
24847,6157.614
24848,4400.629
24849,5459.481
24850,21693.23
24851,9409.254
24852,64371.938
24853,6874.1187
24854,4747.8677
24855,63855.867
24856,8960.751
24857,9217.453
24858,5329.321
24859,6989.334
24860,10685.598
24861,5418.2437
24862,83229.95
24863,12543.383
24864,5881.317
24865,10302.938
24866,6789.956
24867,78126.27
24868,13512.947
24869,9637.486
24870,13082.771
24871,9119.328
24872,7940.218
24873,8645.138
24874,7239.101
24875,8831.353
24876,10998.522
24877,6320.439
24878,6666.091
24879,13291.651
24880,14752.885
24881,18596.178
24882,9058.84
24883,9122.282
24884,5811.409
24885,9595.814
24886,53266.477
24887,6483.8
24888,22211.781
24889,6395.9688
24890,9098.275
24891,76176.58
24892,7485.5435
24893,140967.11
24894,9973.6455
24895,5713.57
24896,11073.284
24897,6733.064
24898,4528.915
24899,55729.684
24900,7449.3457
24901,67189.89
24902,13691.716
24903,8640.336
24904,12834.421
24905,5960.5283
24906,7053.291
24907,10068.1
24908,9044.884
24909,20632.422
24910,9964.881
24911,7453.647
24912,6939.9775
24913,6301.289
24914,19934.598
24915,339746.2
24916,11944.927
24917,11129.224
24918,4953.2
24919,31729.678
24920,7028.005
24921,17061.783
24922,12032.165
24923,5157.5005
24924,8599.438
24925,7424.614
24926,5409.8447
24927,5399.072
24928,6454.6177
24929,7359.431
24930,27270.756
24931,18838.186
24932,6103.6157
24933,10486.384
24934,5189.5
24935,8888.872
24936,3748.2637
24937,4790.119
24938,8315.069
24939,8508.497
24940,223803.53
24941,6501.9956
24942,7263.9688
24943,4898.9414
24944,9853.773
24945,7409.561
24946,6190.4746
24947,6451.7456
24948,12023.879
24949,8805.858
24950,7212.8784
24951,5280.599
24952,3928.43
24953,7568.131
24954,22386.502
24955,120854.74
24956,34106.31
24957,4175.6353
24958,37746.668
24959,6287.0537
24960,7834.6978
24961,8002.116
24962,13946.27
24963,52287.492
24964,5934.8027
24965,6718.5747
24966,14510.583
24967,23645.809
24968,3771.334
24969,9173.773
24970,44331.13
24971,5733.329
24972,11989.092
24973,10271.085
24974,13516.244
24975,6766.846
24976,5885.0596
24977,5606.9043
24978,8262.434
24979,100215.1
24980,10780.327
24981,7621.967
24982,15391.071
24983,7800.634
24984,9599.218
24985,6162.3804
24986,61957.184
24987,7928.5493
24988,48519.152
24989,4763.2285
24990,8731.055
24991,8170.4746
24992,16292.162
24993,6195.5923
24994,19524.246
24995,6506.041
24996,5543.337
24997,6927.9946
24998,234100.53
24999,14328.968
25000,5669.715
25001,13711.267
25002,18720.19
25003,4882.573
25004,56366.277
25005,18493.354
25006,10343.538
25007,8001.603
25008,7822.685
25009,4450.172
25010,125157.805
25011,4707.285
25012,6128.3574
25013,17324.924
25014,6227.355
25015,6553.0176
25016,45906.105
25017,10393.903
25018,12400.239
25019,12944.339
25020,6841.399
25021,10768.179
25022,9756.774
25023,199296.31
25024,11914.46
25025,6878.585
25026,9668.762
25027,7523.648
25028,6118.4546
25029,108105.0
25030,6113.6265
25031,9543.837
25032,13259.937
25033,9683.381
25034,5787.2783
25035,118627.94
25036,4924.027
25037,13817.745
25038,8427.933
25039,80624.44
25040,7642.835
25041,13578.19
25042,6599.0166
25043,9153.937
25044,13513.189
25045,7807.107
25046,6670.5254
25047,6391.8027
25048,5343.437
25049,13708.19
25050,29861.05
25051,10451.608
25052,10358.854
25053,47197.53
25054,5058.9487
25055,199296.31
25056,12502.573
25057,10405.893
25058,5386.005
25059,6827.2935
25060,7640.4688
25061,5839.7666
25062,7908.9644
25063,7597.2827
25064,10973.422
25065,7330.6167
25066,6902.6177
25067,27574.633
25068,96605.16
25069,9482.992
25070,7099.967
25071,13381.655
25072,28452.176
25073,8336.486
25074,15173.328
25075,16906.135
25076,12963.834
25077,6871.2036
25078,8877.667
25079,12166.204
25080,5435.057
25081,5006.973
25082,6965.1104
25083,9416.048
25084,8454.677
25085,7961.6284
25086,6871.2456
25087,7050.088
25088,13709.501
25089,7255.2627
25090,8091.1885
25091,8995.414
25092,14243.853
25093,8510.066
25094,6515.4204
25095,8435.695
25096,8376.049
25097,16540.062
25098,41008.285
25099,7776.4272
25100,19282.643
25101,8997.243
25102,11104.405
25103,4238.269
25104,37531.223
25105,10318.246
25106,9456.852
25107,5564.605
25108,12006.851
25109,161271.7
25110,13157.688
25111,8478.888
25112,40758.977
25113,6359.7036
25114,7699.823
25115,7130.2983
25116,6838.018
25117,103776.35
25118,6150.27
25119,4552.5664
25120,9379.5
25121,8768.139
25122,33755.633
25123,5477.7324
25124,5858.937
25125,13075.884
25126,12009.544
25127,6660.7095
25128,95122.94
25129,8022.7847
25130,15204.1875
25131,7930.1113
25132,23612.088
25133,7327.7773
25134,7188.627
25135,9011.281
25136,6553.9766
25137,133496.6
25138,7315.124
25139,18126.418
25140,5230.4736
25141,23379.605
25142,4212.284
25143,7028.2866
25144,8923.297
25145,225960.97
25146,7847.989
25147,8286.834
25148,9502.021
25149,5499.0503
25150,5688.202
25151,7350.081
25152,52284.582
25153,6468.87
25154,10407.067
25155,6022.617
25156,46801.527
25157,12333.159
25158,7283.0674
25159,6997.5
25160,29151.615
25161,132961.6
25162,10152.02
25163,8295.983
25164,27938.111
25165,7969.7593
25166,8919.889
25167,6952.593
25168,25127.05
25169,19676.68
25170,9956.4795
25171,10543.228
25172,6471.591
25173,8114.503
25174,10099.115
25175,84346.586
25176,27133.5
25177,7794.043
25178,5170.954
25179,57907.58
25180,15525.291
25181,9112.918
25182,6121.104
25183,7031.859
25184,9524.612
25185,20628.78
25186,19480.627
25187,8256.452
25188,20175.51
25189,10383.637
25190,35157.457
25191,3326.733
25192,7654.4478
25193,20094.682
25194,20845.752
25195,67505.46
25196,14864.764
25197,9820.03
25198,17983.836
25199,8767.227
25200,19175.79
25201,102916.16
25202,127512.29
25203,84922.81
25204,8688.207
25205,24108.727
25206,11283.8955
25207,12424.613
25208,6034.5195
25209,153219.38
25210,10675.918
25211,11243.216
25212,4631.489
25213,5939.9414
25214,10857.332
25215,28927.83
25216,17786.717
25217,8421.02
25218,8524.3125
25219,9914.277
25220,150409.72
25221,7031.528
25222,6850.344
25223,65954.59
25224,8446.267
25225,32721.346
25226,63865.727
25227,39860.504
25228,98577.92
25229,8813.36
25230,43968.89
25231,5669.2803
25232,5168.116
25233,9763.385
25234,6832.949
25235,6144.2085
25236,5800.301
25237,5901.715
25238,9745.449
25239,16617.357
25240,8343.923
25241,7443.464
25242,3928.43
25243,11934.644
25244,35524.117
25245,210412.02
25246,9318.652
25247,34951.16
25248,8629.614
25249,11652.561
25250,6822.8604
25251,8016.63
25252,6947.583
25253,4036.1545
25254,5475.28
25255,6122.7515
25256,6059.1436
25257,18796.258
25258,6997.078
25259,5228.3486
25260,8142.9233
25261,5767.4834
25262,3403.8267
25263,9182.831
25264,132716.31
25265,7130.3174
25266,6925.29
25267,11950.978
25268,43983.78
25269,5271.6016
25270,4517.6724
25271,8311.884
25272,8552.97
25273,6381.1846
25274,23943.549
25275,9156.049
25276,78485.03
25277,133819.73
25278,8129.4395
25279,6684.4863
25280,141200.62
25281,6073.6514
25282,25327.271
25283,6314.8633
25284,17151.53
25285,6979.5845
25286,187392.98
25287,89554.2
25288,5094.403
25289,6978.419
25290,10316.91
25291,6388.128
25292,8089.9424
25293,14891.228
25294,11055.655
25295,20361.06
25296,7372.6816
25297,14693.65
25298,10183.686
25299,8198.548
25300,5536.4497
25301,7126.0493
25302,40571.83
25303,4838.2085
25304,10702.867
25305,87774.94
25306,46100.15
25307,5518.5435
25308,8644.584
25309,132040.42
25310,30055.9
25311,9941.595
25312,26605.312
25313,27861.732
25314,243071.88
25315,17830.543
25316,12783.606
25317,4598.4746
25318,15064.543
25319,4705.301
25320,7443.116
25321,7178.137
25322,7510.4966
25323,70508.35
25324,35628.652
25325,11054.573
25326,75736.83
25327,18294.986
25328,6437.2407
25329,7084.9644
25330,4826.759
25331,6494.4185
25332,7535.9
25333,5590.3574
25334,20416.156
25335,8907.702
25336,4948.408
25337,7114.3647
25338,19249.918
25339,70743.45
25340,5962.5376
25341,5428.789
25342,7272.384
25343,6701.025
25344,101931.82
25345,6184.11
25346,11825.924
25347,4765.0474
25348,7273.032
25349,24793.57
25350,6546.683
25351,6198.397
25352,247352.38
25353,5718.543
25354,8921.746
25355,8049.931
25356,4873.9824
25357,237112.03
25358,5498.713
25359,58969.46
25360,5370.686
25361,7092.583
25362,4621.255
25363,7554.6245
25364,10604.264
25365,9623.943
25366,24700.605
25367,3320.5884
25368,10980.932
25369,18753.979
25370,15331.337
25371,6267.9717
25372,5791.691
25373,5330.108
25374,5372.843
25375,6306.679
25376,6699.2266
25377,3311.101
25378,14229.17
25379,7327.7476
25380,14544.646
25381,7800.8286
25382,4844.276
25383,6291.065
25384,16236.458
25385,9313.75
25386,6098.0156
25387,160212.89
25388,15594.98
25389,9075.452
25390,9341.533
25391,4846.244
25392,9466.373
25393,7942.773
25394,8744.129
25395,9677.508
25396,14314.786
25397,13880.456
25398,58077.89
25399,9786.875
25400,115131.88
25401,123619.79
25402,18188.402
25403,11134.952
25404,7197.7974
25405,3742.0583
25406,62157.074
25407,3984.3567
25408,5132.7153
25409,79811.42
25410,12204.918
25411,5883.8965
25412,6339.648
25413,8756.965
25414,5382.9077
25415,6558.7734
25416,8248.567
25417,7164.0327
25418,10466.177
25419,4287.0635
25420,7667.921
25421,22112.707
25422,28687.973
25423,16167.17
25424,169435.8
25425,71856.18
25426,7525.737
25427,54873.457
25428,110542.49
25429,11855.52
25430,8716.229
25431,23694.316
25432,28931.434
25433,5765.6704
25434,6393.999
25435,44688.29
25436,7870.7124
25437,11077.325
25438,9949.713
25439,5949.332
25440,6385.0723
25441,5585.446
25442,15483.433
25443,10175.119
25444,12884.169
25445,5879.626
25446,9398.127
25447,7149.6226
25448,6152.5684
25449,7782.1836
25450,24253.871
25451,8337.177
25452,43791.465
25453,4318.9736
25454,6484.7783
25455,7695.6914
25456,8800.534
25457,4838.5024
25458,13742.185
25459,58737.617
25460,12292.277
25461,79316.1
25462,10022.437
25463,7428.1514
25464,6515.401
25465,26970.494
25466,7523.4434
25467,7083.333
25468,2245.2444
25469,16465.598
25470,44255.21
25471,46185.39
25472,7198.7554
25473,5024.499
25474,7033.7124
25475,11718.637
25476,8994.496
25477,6733.3286
25478,5697.997
25479,16366.93
25480,7905.7007
25481,7917.6226
25482,5387.838
25483,296232.7
25484,9426.407
25485,6667.2603
25486,6840.7944
25487,55033.61
25488,12723.96
25489,11355.504
25490,26161.494
25491,65659.07
25492,12640.275
25493,7475.855
25494,14135.644
25495,33331.598
25496,155809.61
25497,32978.348
25498,10636.217
25499,7013.363
25500,7197.5215
25501,8513.486
25502,37559.066
25503,6891.6567
25504,11135.276
25505,7578.447
25506,7093.161
25507,7757.1494
25508,6786.251
25509,7042.59
25510,12706.448
25511,6490.439
25512,11071.177
25513,6410.558
25514,4735.346
25515,14318.166
25516,5821.7783
25517,15451.722
25518,8083.456
25519,9901.215
25520,207901.6
25521,9818.866
25522,7716.926
25523,7954.082
25524,5579.815
25525,14303.006
25526,8444.661
25527,56775.465
25528,6775.2065
25529,30184.002
25530,5409.2954
25531,37575.14
25532,63814.95
25533,5014.6953
25534,4897.717
25535,10621.575
25536,10894.933
25537,9307.75
25538,10191.641
25539,7501.877
25540,112168.46
25541,33326.03
25542,4686.4575
25543,11002.27
25544,5519.4717
25545,51124.527
25546,10322.456
25547,8713.383
25548,4855.4146
25549,13644.475
25550,17482.135
25551,16308.223
25552,25411.197
25553,9525.813
25554,109220.31
25555,48642.754
25556,7106.65
25557,4029.806
25558,13498.998
25559,8267.973
25560,5813.389
25561,92772.664
25562,30319.668
25563,6454.848
25564,6714.7764
25565,10613.268
25566,159876.95
25567,14235.488
25568,20244.871
25569,5382.033
25570,6904.2344
25571,8635.764
25572,8756.911
25573,7016.581
25574,15570.496
25575,6407.129
25576,6706.529
25577,4596.9277
25578,41711.04
25579,9663.444
25580,9649.166
25581,12946.315
25582,8366.6045
25583,4703.5815
25584,6525.114
25585,9658.324
25586,6022.206
25587,5596.1606
25588,42794.78
25589,24122.543
25590,11545.175
25591,51268.426
25592,4966.8667
25593,12649.839
25594,15220.748
25595,16357.22
25596,6345.5137
25597,8251.675
25598,12401.731
25599,12369.629
25600,4583.266
25601,9163.756
25602,6087.099
25603,8996.928
25604,137105.42
25605,60678.62
25606,38949.29
25607,9534.774
25608,119917.93
25609,6426.166
25610,11575.144
25611,4123.519
25612,153175.03
25613,3814.05
25614,75193.83
25615,43835.34
25616,8559.157
25617,85951.14
25618,10443.748
25619,7486.257
25620,6776.086
25621,7487.319
25622,9437.84
25623,14103.589
25624,20917.76
25625,11570.722
25626,5275.435
25627,43180.273
25628,5783.3657
25629,70370.78
25630,14253.568
25631,6680.9277
25632,6193.63
25633,76742.43
25634,4236.7764
25635,6319.896
25636,26655.152
25637,282529.84
25638,9994.732
25639,7093.8726
25640,85647.63
25641,6636.1016
25642,5880.757
25643,8559.644
25644,16022.514
25645,6866.065
25646,9139.397
25647,4570.0713
25648,9061.998
25649,9580.797
25650,7771.3916
25651,6186.919
25652,37273.0
25653,8959.9375
25654,10855.922
25655,28093.254
25656,7386.993
25657,7152.467
25658,12298.436
25659,7591.2554
25660,15911.256
25661,11371.81
25662,38611.15
25663,46506.094
25664,6018.111
25665,7266.5225
25666,10701.06
25667,172351.22
25668,13438.513
25669,6930.0464
25670,8373.499
25671,44008.258
25672,13260.453
25673,6897.9614
25674,6849.168
25675,6663.8896
25676,6810.2207
25677,7763.6406
25678,8010.3364
25679,9241.884
25680,1599.9896
25681,16396.186
25682,4090.6052
25683,184008.8
25684,34330.23
25685,9632.218
25686,81200.57
25687,8327.235
25688,13303.261
25689,7019.1694
25690,9907.364
25691,9825.691
25692,6746.9775
25693,12307.057
25694,5481.1924
25695,8039.351
25696,9982.449
25697,11314.496
25698,7831.0146
25699,8887.022
25700,17187.773
25701,7957.9062
25702,7547.9194
25703,13803.069
25704,5761.304
25705,25415.906
25706,8627.98
25707,22635.742
25708,12153.458
25709,12419.96
25710,5674.1436
25711,16279.064
25712,15306.179
25713,15248.123
25714,12847.1045
25715,5989.963
25716,4329.674
25717,12199.951
25718,5443.377
25719,6560.288
25720,9741.765
25721,8681.129
25722,15169.433
25723,122387.875
25724,203935.08
25725,14046.1
25726,10140.242
25727,3413.2686
25728,19724.053
25729,7832.341
25730,9673.811
25731,5030.32
25732,16085.692
25733,50417.12
25734,6245.461
25735,9907.364
25736,12323.3125
25737,4744.3438
25738,6604.0986
25739,8372.793
25740,5267.5757
25741,18679.469
25742,12705.096
25743,6172.025
25744,6793.574
25745,6004.222
25746,91290.34
25747,6799.576
25748,8968.645
25749,7290.0635
25750,11375.783
25751,6144.863
25752,7274.308
25753,4286.9526
25754,6340.43
25755,6480.7764
25756,7248.4053
25757,15044.654
25758,6615.7686
25759,8987.624
25760,14285.519
25761,69079.695
25762,12932.276
25763,7419.975
25764,9618.271
25765,10775.256
25766,5781.739
25767,5570.2393
25768,5976.218
25769,8869.485
25770,58008.184
25771,9199.911
25772,5605.675
25773,6505.9575
25774,4990.738
25775,6437.7754
25776,6868.0005
25777,5446.8457
25778,10772.206
25779,5883.5063
25780,14539.748
25781,5732.691
25782,12498.127
25783,48203.96
25784,19065.285
25785,9584.626
25786,6322.726
25787,7108.8457
25788,6732.8374
25789,102916.16
25790,7945.527
25791,8706.743
25792,3977.502
25793,17289.342
25794,8208.759
25795,7442.076
25796,17380.55
25797,8843.312
25798,136088.77
25799,10745.678
25800,15335.276
25801,42896.367
25802,14808.949
25803,8353.658
25804,10892.936
25805,13543.996
25806,128534.42
25807,6404.4824
25808,8782.083
25809,6989.311
25810,4988.6084
25811,70348.18
25812,7798.6206
25813,4258.9717
25814,7342.196
25815,5257.5884
25816,6118.4546
25817,13770.405
25818,5168.295
25819,17257.852
25820,8378.351
25821,26317.588
25822,8266.146
25823,12800.84
25824,10563.276
25825,6235.913
25826,8598.556
25827,7510.4966
25828,32926.625
25829,8162.252
25830,13799.681
25831,88541.64
25832,10849.078
25833,5455.817
25834,4525.3076
25835,5332.2974
25836,6026.3086
25837,10329.314
25838,6757.3184
25839,8200.847
25840,4812.95
25841,13611.185
25842,5591.09
25843,5002.823
25844,5837.6147
25845,6170.6206
25846,9634.971
25847,19284.172
25848,14940.008
25849,13132.225
25850,8701.265
25851,6571.209
25852,6203.163
25853,17525.271
25854,19500.97
25855,154936.22
25856,4133.7925
25857,5788.8813
25858,4639.5854
25859,11097.96
25860,6977.189
25861,7791.104
25862,7232.4585
25863,4342.5645
25864,5878.94
25865,20858.678
25866,5429.426
25867,219892.72
25868,16396.234
25869,67755.03
25870,30573.688
25871,10404.428
25872,109220.31
25873,9402.198
25874,15261.449
25875,11904.083
25876,11371.307
25877,6711.3115
25878,79932.96
25879,6588.7524
25880,15913.471
25881,10791.4375
25882,179400.19
25883,7363.7744
25884,211455.88
25885,11861.848
25886,14115.919
25887,6395.636
25888,49369.414
25889,14192.415
25890,11006.036
25891,8668.578
25892,5585.0786
25893,10044.546
25894,6256.9536
25895,11323.943
25896,6632.5503
25897,9002.498
25898,5822.992
25899,7425.5312
25900,6110.3833
25901,7338.018
25902,10261.5625
25903,77779.04
25904,8783.149
25905,107418.07
25906,6548.164
25907,19869.387
25908,7377.913
25909,315006.06
25910,9212.299
25911,5607.657
25912,6566.1006
25913,14453.344
25914,8298.074
25915,6953.418
25916,7034.1123
25917,7103.7627
25918,5312.0884
25919,6893.493
25920,43793.277
25921,8455.1
25922,7811.4204
25923,9944.904
25924,6647.161
25925,9314.161
25926,5376.0654
25927,13278.036
25928,4449.6836
25929,46096.465
25930,206675.22
25931,32965.613
25932,44345.387
25933,6790.5366
25934,10394.275
25935,6656.8906
25936,4748.741
25937,6940.9873
25938,5418.0635
25939,6706.2056
25940,10140.717
25941,8449.703
25942,6435.788
25943,14452.353
25944,12344.785
25945,8059.0444
25946,10773.25
25947,17153.328
25948,8400.601
25949,12706.448
25950,6019.6
25951,42914.055
25952,8264.481
25953,10056.172
25954,8571.572
25955,10322.815
25956,6995.33
25957,13303.766
25958,88550.11
25959,21842.488
25960,3663.6738
25961,36642.496
25962,6009.388
25963,4783.2437
25964,8319.419
25965,31923.182
25966,8408.067
25967,2835.465
25968,9452.662
25969,41608.35
25970,7711.5366
25971,11091.179
25972,36778.066
25973,9865.424
25974,36218.754
25975,5871.605
25976,10976.1455
25977,9022.068
25978,9773.453
25979,8539.59
25980,3728.0107
25981,4336.9146
25982,10338.096
25983,6926.186
25984,13086.771
25985,143062.17
25986,6812.7046
25987,8626.212
25988,6308.545
25989,9011.357
25990,19665.488
25991,37162.383
25992,173809.19
25993,5646.799
25994,36917.07
25995,20142.672
25996,7889.9863
25997,42759.195
25998,6765.599
25999,10358.572
26000,7223.3794
26001,37413.543
26002,57905.004
26003,8058.7295
26004,4222.266
26005,7610.5815
26006,13080.781
26007,4690.509
26008,10082.812
26009,6880.6357
26010,5951.0615
26011,7688.108
26012,16532.066
26013,14510.7295
26014,37057.973
26015,6261.674
26016,13313.585
26017,6554.737
26018,31450.365
26019,5194.681
26020,29089.912
26021,6857.9746
26022,4798.1074
26023,9589.059
26024,8489.387
26025,22453.951
26026,13282.503
26027,6045.689
26028,10329.314
26029,4715.3345
26030,23089.13
26031,6981.334
26032,8859.409
26033,78133.44
26034,210218.69
26035,4777.7373
26036,4345.782
26037,9097.951
26038,11605.668
26039,11305.076
26040,12619.258
26041,7009.404
26042,36347.37
26043,8375.864
26044,6189.613
26045,17767.23
26046,5947.389
26047,12014.031
26048,4501.8545
26049,24311.398
26050,10036.683
26051,46285.055
26052,13661.415
26053,9903.991
26054,8244.381
26055,52126.473
26056,21200.459
26057,22066.094
26058,165511.58
26059,6703.437
26060,11278.268
26061,30677.625
26062,11101.261
26063,232397.58
26064,13108.904
26065,5931.5913
26066,8821.812
26067,5783.3657
26068,6032.992
26069,22664.795
26070,5790.894
26071,4135.5044
26072,41954.383
26073,7249.1084
26074,9818.081
26075,10789.08
26076,4163.51
26077,21398.703
26078,8520.548
26079,16041.243
26080,7550.9624
26081,24436.936
26082,4922.3623
26083,11441.49
26084,19869.387
26085,9014.108
26086,101042.68
26087,48018.203
26088,5014.6953
26089,8677.318
26090,109503.56
26091,122968.6
26092,205824.34
26093,7178.76
26094,18852.502
26095,5230.326
26096,156667.67
26097,6238.9907
26098,12422.077
26099,10173.401
26100,4747.7114
26101,42769.676
26102,7606.0747
26103,7811.3994
26104,6295.2783
26105,8391.402
26106,5464.1914
26107,8850.775
26108,23588.176
26109,5025.7563
26110,6295.7173
26111,10175.119
26112,8499.78
26113,16611.684
26114,10562.066
26115,27444.293
26116,10046.55
26117,7377.9365
26118,9085.952
26119,5805.2734
26120,7746.972
26121,9501.808
26122,4401.0835
26123,6404.6294
26124,210218.69
26125,16672.666
26126,34693.297
26127,11631.095
26128,55916.207
26129,8415.031
26130,6032.5566
26131,4008.6536
26132,5616.2417
26133,8122.1294
26134,15655.639
26135,6305.0513
26136,14454.816
26137,173768.86
26138,4999.908
26139,11574.42
26140,18607.162
26141,62710.125
26142,189738.06
26143,18611.127
26144,7682.1353
26145,9565.32
26146,150057.67
26147,7591.687
26148,38109.816
26149,6181.4062
26150,13499.552
26151,7743.0913
26152,13980.489
26153,15417.335
26154,57981.47
26155,321399.22
26156,10152.651
26157,8955.836
26158,61358.027
26159,18724.062
26160,10801.344
26161,10749.099
26162,5985.905
26163,7990.5903
26164,6552.489
26165,14822.71
26166,16716.283
26167,39318.383
26168,43271.34
26169,141606.45
26170,21582.854
26171,4556.957
26172,9638.075
26173,8088.6924
26174,17946.336
26175,11240.749
26176,8311.34
26177,10371.515
26178,5771.3096
26179,35577.55
26180,42579.324
26181,8211.1
26182,9384.778
26183,8451.525
26184,101481.02
26185,6043.386
26186,9279.885
26187,9575.906
26188,6417.412
26189,8829.087
26190,10324.464
26191,6916.8965
26192,8179.0757
26193,61292.453
26194,13757.212
26195,8946.825
26196,8536.041
26197,6189.3076
26198,5982.1646
26199,6880.5386
26200,9045.353
26201,8309.179
26202,13685.058
26203,87991.28
26204,25559.402
26205,11890.463
26206,6262.4854
26207,12334.83
26208,6886.1187
26209,49964.055
26210,21588.357
26211,9319.66
26212,70214.83
26213,10815.814
26214,17372.127
26215,70007.4
26216,7558.9795
26217,6379.0625
26218,5878.2637
26219,7014.8687
26220,100178.85
26221,4619.4014
26222,116465.766
26223,3978.3699
26224,8467.847
26225,5893.785
26226,5505.6494
26227,6748.256
26228,7081.934
26229,8454.275
26230,11438.871
26231,92710.87
26232,107719.84
26233,6999.3477
26234,24874.312
26235,23738.102
26236,22980.988
26237,6747.9062
26238,6990.1807
26239,17665.277
26240,6272.081
26241,7292.5396
26242,13620.1875
26243,6593.6016
26244,90353.414
26245,9847.073
26246,27811.475
26247,8670.456
26248,23355.912
26249,25777.996
26250,112881.195
26251,6907.769
26252,53154.37
26253,9622.694
26254,5186.185
26255,126277.4
26256,7021.5127
26257,17629.934
26258,12567.7
26259,6481.084
26260,6283.5615
26261,18114.61
26262,24051.191
26263,6451.969
26264,275271.9
26265,9427.501
26266,9565.6045
26267,7647.3315
26268,9054.738
26269,7083.698
26270,9967.823
26271,12490.684
26272,4298.749
26273,6218.8584
26274,27018.912
26275,33025.312
26276,6250.7344
26277,6551.0063
26278,5262.496
26279,4864.8296
26280,5455.334
26281,122449.9
26282,41226.55
26283,30985.244
26284,10750.726
26285,3960.8044
26286,61091.195
26287,10150.522
26288,9178.642
26289,6662.0864
26290,6383.1167
26291,4726.5933
26292,7643.747
26293,10813.664
26294,212213.52
26295,9577.997
26296,5402.965
26297,9368.541
26298,17311.648
26299,17268.33
26300,11579.58
26301,9894.439
26302,6525.114
26303,144311.34
26304,18204.186
26305,7788.881
26306,6706.65
26307,8221.702
26308,15627.989
26309,6292.7275
26310,112447.88
26311,11409.474
26312,15696.645
26313,5904.1646
26314,94708.75
26315,5994.4556
26316,10968.085
26317,16715.762
26318,19378.229
26319,6525.419
26320,8604.992
26321,14184.701
26322,70097.42
26323,10364.96
26324,38459.973
26325,4954.7495
26326,13870.881
26327,33658.395
26328,5865.4907
26329,12796.14
26330,8654.412
26331,6284.222
26332,6009.295
26333,4460.3623
26334,6353.696
26335,67215.95
26336,4770.956
26337,59807.21
26338,3835.6187
26339,7125.5176
26340,44443.203
26341,33620.33
26342,8930.875
26343,6733.4053
26344,4939.7876
26345,10775.636
26346,5767.9956
26347,11698.423
26348,48945.44
26349,5150.137
26350,4784.5503
26351,5529.846
26352,12333.159
26353,72380.305
26354,16840.912
26355,124374.234
26356,266055.8
26357,9004.739
26358,6625.1763
26359,5517.5547
26360,6303.346
26361,5025.2173
26362,6112.925
26363,6561.659
26364,65954.59
26365,105526.91
26366,7214.7437
26367,7398.498
26368,7510.5034
26369,10289.201
26370,8042.211
26371,5753.192
26372,10693.12
26373,10713.252
26374,15452.939
26375,7854.2983
26376,29032.979
26377,8523.839
26378,5205.201
26379,7313.866
26380,4870.0996
26381,12231.903
26382,54676.28
26383,7883.395
26384,7304.851
26385,8558.451
26386,6079.868
26387,11116.096
26388,4063.9546
26389,5820.094
26390,4045.4153
26391,5715.3433
26392,7060.2383
26393,11334.579
26394,101867.44
26395,8018.255
26396,8909.351
26397,20415.064
26398,41353.5
26399,78996.19
26400,349354.34
26401,13187.342
26402,8823.506
26403,4923.8706
26404,4699.6294
26405,14228.047
26406,8342.294
26407,18268.941
26408,22529.867
26409,72203.945
26410,6807.6196
26411,6943.0034
26412,4979.932
26413,7243.699
26414,134867.44
26415,7177.357
26416,21425.469
26417,5050.6284
26418,6960.396
26419,6583.9565
26420,113190.2
26421,13453.653
26422,6605.0557
26423,6897.348
26424,5008.297
26425,7058.91
26426,8579.865
26427,5200.448
26428,5995.948
26429,6238.7627
26430,6383.257
26431,14313.846
26432,20015.771
26433,28274.19
26434,69917.79
26435,12090.6045
26436,5536.545
26437,6587.6323
26438,5227.48
26439,12507.315
26440,6925.41
26441,12736.216
26442,3984.0352
26443,4645.7563
26444,6420.5547
26445,175921.6
26446,17931.428
26447,11437.115
26448,9480.47
26449,10344.471
26450,10217.4375
26451,7155.861
26452,29031.734
26453,19636.367
26454,10571.691
26455,8148.4766
26456,214935.78
26457,6326.5117
26458,9397.37
26459,8092.6646
26460,7433.9893
26461,29970.256
26462,37113.9
26463,9657.774
26464,42979.305
26465,157175.61
26466,12125.893
26467,55947.25
26468,16322.486
26469,6983.5576
26470,29299.676
26471,12240.073
26472,63683.336
26473,77328.75
26474,298619.28
26475,14290.498
26476,6736.6504
26477,12914.988
26478,170506.36
26479,5822.06
26480,7286.8726
26481,57878.492
26482,15005.653
26483,8854.551
26484,69359.875
26485,11119.659
26486,7131.93
26487,13308.9
26488,5574.1147
26489,15639.047
26490,131562.2
26491,9492.785
26492,32030.06
26493,8298.2705
26494,31183.96
26495,5729.9272
26496,32129.422
26497,7932.189
26498,10130.3
26499,9050.697
26500,7517.177
26501,12847.278
26502,19856.812
26503,7022.7793
26504,4821.5894
26505,8565.498
26506,4952.6313
26507,75141.85
26508,33937.51
26509,36886.19
26510,8858.448
26511,23423.195
26512,5595.8623
26513,12138.353
26514,7982.328
26515,6029.2344
26516,8900.755
26517,74794.96
26518,20971.629
26519,60447.457
26520,6438.146
26521,19278.09
26522,6791.079
26523,174728.39
26524,8394.685
26525,26729.064
26526,15633.945
26527,18524.598
26528,4291.6733
26529,68188.62
26530,8758.341
26531,4873.9824
26532,285085.88
26533,6927.603
26534,6122.7573
26535,28781.303
26536,5537.3613
26537,6878.971
26538,16971.68
26539,8319.586
26540,32384.389
26541,23102.156
26542,36146.23
26543,86276.305
26544,58716.984
26545,4435.54
26546,49355.168
26547,6166.1123
26548,69414.04
26549,170062.83
26550,16796.152
26551,9871.761
26552,8706.79
26553,8241.983
26554,7392.543
26555,132152.11
26556,7356.695
26557,3819.1892
26558,6775.215
26559,22107.35
26560,11282.651
26561,5025.55
26562,8845.959
26563,5481.1924
26564,5479.1367
26565,150689.22
26566,7256.275
26567,7794.927
26568,25871.553
26569,8085.0693
26570,8034.591
26571,4992.148
26572,5534.994
26573,22227.674
26574,142393.03
26575,6846.7188
26576,15503.134
26577,5686.066
26578,8636.019
26579,5218.3003
26580,8076.6274
26581,11908.695
26582,7838.5796
26583,39860.504
26584,13561.851
26585,29520.936
26586,48276.16
26587,205923.95
26588,9144.322
26589,5375.943
26590,58489.273
26591,8063.2534
26592,14063.463
26593,6088.1353
26594,15400.75
26595,23534.564
26596,22786.13
26597,40984.73
26598,6562.905
26599,6579.8306
26600,9063.049
26601,11819.727
26602,14143.582
26603,9766.325
26604,80906.805
26605,7087.0156
26606,5477.639
26607,27857.988
26608,9825.854
26609,10492.454
26610,5515.791
26611,5297.49
26612,3530.4866
26613,6579.956
26614,14619.41
26615,13256.636
26616,25141.473
26617,10442.152
26618,12246.541
26619,16097.296
26620,27157.633
26621,100850.53
26622,5397.5225
26623,52290.617
26624,7633.118
26625,5468.5415
26626,9591.261
26627,8195.986
26628,4114.9536
26629,5572.6113
26630,131082.5
26631,13570.829
26632,8291.993
26633,11697.704
26634,30618.65
26635,60065.55
26636,7875.2695
26637,6600.0176
26638,44427.78
26639,9945.79
26640,5541.3037
26641,19421.38
26642,26732.105
26643,6283.947
26644,8712.744
26645,5794.7285
26646,2785.5066
26647,11662.786
26648,8334.901
26649,4229.902
26650,9592.147
26651,122601.695
26652,6521.916
26653,9162.818
26654,17220.652
26655,9510.346
26656,8147.9893
26657,16922.69
26658,5538.2476
26659,8176.247
26660,65524.72
26661,45186.58
26662,7260.111
26663,6083.596
26664,5707.874
26665,7420.373
26666,7955.643
26667,5910.5024
26668,2767.1582
26669,8958.777
26670,6339.739
26671,8553.63
26672,12732.445
26673,4295.495
26674,6394.5034
26675,17063.895
26676,100197.93
26677,6069.714
26678,51226.953
26679,13632.953
26680,10439.966
26681,5901.1333
26682,92896.32
26683,36783.594
26684,10053.017
26685,5507.1104
26686,38342.65
26687,8053.546
26688,125025.695
26689,39971.566
26690,8724.558
26691,8041.946
26692,38502.92
26693,15939.266
26694,82624.71
26695,8868.959
26696,105526.91
26697,13357.612
26698,26438.562
26699,5380.549
26700,4756.741
26701,9847.361
26702,5465.052
26703,5190.3594
26704,15258.311
26705,5125.8813
26706,6079.719
26707,20858.65
26708,8983.222
26709,47461.14
26710,6033.797
26711,28466.537
26712,4823.3423
26713,16372.996
26714,6926.2173
26715,6475.8115
26716,5271.378
26717,6167.122
26718,119375.03
26719,8538.561
26720,15197.903
26721,12827.862
26722,10467.617
26723,11766.9375
26724,9045.628
26725,43771.684
26726,3610.3616
26727,26884.559
26728,6717.559
26729,8051.7905
26730,6978.419
26731,14830.584
26732,7496.8574
26733,11278.496
26734,6313.1187
26735,186455.2
26736,13403.89
26737,8629.614
26738,39356.26
26739,6468.7495
26740,5602.0156
26741,22335.496
26742,7403.561
26743,124300.92
26744,9837.939
26745,8372.752
26746,4284.31
26747,8807.17
26748,10693.85
26749,10455.692
26750,5822.3535
26751,4333.9854
26752,36767.555
26753,6657.7153
26754,141550.2
26755,4465.752
26756,6396.1987
26757,19587.01
26758,4084.7302
26759,80414.59
26760,9014.761
26761,9068.492
26762,34223.875
26763,158322.83
26764,46165.51
26765,7462.8677
26766,5318.582
26767,7136.669
26768,28636.955
26769,7906.0894
26770,8436.693
26771,8251.992
26772,8305.769
26773,6652.827
26774,11874.641
26775,65574.68
26776,12100.849
26777,13613.623
26778,5817.919
26779,51950.63
26780,63325.68
26781,4991.6733
26782,4311.387
26783,7727.892
26784,7435.325
26785,70010.7
26786,10346.556
26787,8194.995
26788,8320.0
26789,11741.161
26790,6710.79
26791,6209.6074
26792,5606.9043
26793,6561.1074
26794,5557.798
26795,154356.47
26796,9039.15
26797,10524.869
26798,5157.2334
26799,7734.3184
26800,12119.215
26801,147533.1
26802,12361.108
26803,6371.492
26804,81945.52
26805,6126.7666
26806,77451.43
26807,8751.041
26808,9038.772
26809,23688.516
26810,13915.813
26811,13220.004
26812,7738.7676
26813,68989.68
26814,11909.489
26815,14193.769
26816,84128.125
26817,8698.533
26818,16768.318
26819,11636.68
26820,3420.584
26821,8174.6045
26822,27861.732
26823,15844.1
26824,151970.66
26825,6647.98
26826,11639.806
26827,5899.622
26828,111593.84
26829,154746.39
26830,15825.112
26831,4849.2393
26832,13965.831
26833,7193.7524
26834,8215.279
26835,4356.781
26836,6832.424
26837,7351.443
26838,6615.8745
26839,11908.544
26840,6848.597
26841,14064.46
26842,6702.3926
26843,11584.014
26844,15026.919
26845,4352.1587
26846,5924.3247
26847,7787.675
26848,3629.4739
26849,10168.76
26850,7598.577
26851,9981.683
26852,6160.6587
26853,9962.101
26854,11900.18
26855,171615.02
26856,36884.03
26857,59938.227
26858,5676.9414
26859,135610.38
26860,51410.973
26861,52772.02
26862,9489.508
26863,13587.595
26864,12731.009
26865,9884.497
26866,15760.024
26867,3887.2017
26868,7815.874
26869,10146.236
26870,4066.9526
26871,7179.8677
26872,9662.722
26873,5187.203
26874,11842.041
26875,10543.186
26876,49977.863
26877,47788.78
26878,4627.5977
26879,6807.787
26880,6207.938
26881,8199.852
26882,5821.018
26883,16902.516
26884,5382.9316
26885,117978.87
26886,6725.268
26887,9455.509
26888,7490.3135
26889,6980.8286
26890,53783.78
26891,17408.994
26892,9431.07
26893,258113.55
26894,6224.8496
26895,5396.7485
26896,83173.49
26897,8286.935
26898,17697.184
26899,46255.844
26900,6637.1606
26901,14370.535
26902,8269.537
26903,77931.6
26904,8236.786
26905,15351.971
26906,56105.902
26907,11276.526
26908,6861.0166
26909,10013.252
26910,22301.32
26911,14897.8125
26912,8549.109
26913,37871.445
26914,28452.176
26915,13987.009
26916,18438.633
26917,54354.773
26918,5804.717
26919,5435.0454
26920,8713.548
26921,9154.974
26922,6911.0396
26923,43975.387
26924,5783.3657
26925,5613.6235
26926,12041.957
26927,34963.305
26928,224574.44
26929,72811.26
26930,7296.361
26931,215985.06
26932,6505.4536
26933,4156.0723
26934,22034.686
26935,5544.931
26936,8393.228
26937,9042.466
26938,5498.5493
26939,11408.45
26940,5545.9736
26941,159876.95
26942,6545.384
26943,15780.175
26944,8537.843
26945,14046.1
26946,8581.678
26947,6295.57
26948,61650.95
26949,31091.81
26950,5479.276
26951,6283.696
26952,12468.101
26953,5358.1626
26954,5858.506
26955,4973.1978
26956,6038.5376
26957,45447.53
26958,9910.258
26959,7217.153
26960,5995.879
26961,6684.265
26962,7942.7944
26963,10172.145
26964,18640.674
26965,191616.12
26966,99574.65
26967,10857.332
26968,123865.41
26969,5073.767
26970,39380.457
26971,7724.994
26972,16322.486
26973,29387.678
26974,13082.57
26975,23063.848
26976,34713.09
26977,6616.7393
26978,9617.888
26979,5015.589
26980,53441.418
26981,77780.555
26982,7090.952
26983,18379.777
26984,7232.8926
26985,10245.962
26986,5437.1797
26987,7544.8813
26988,8779.101
26989,12642.431
26990,7187.656
26991,9688.347
26992,119796.13
26993,10234.165
26994,5868.4326
26995,7263.3677
26996,73429.86
26997,148202.31
26998,7684.3296
26999,6052.101
27000,13734.09
27001,4928.565
27002,10879.666
27003,19206.486
27004,9923.297
27005,7573.007
27006,20992.424
27007,9852.419
27008,6045.79
27009,6281.2144
27010,13599.281
27011,4399.7856
27012,6374.201
27013,4524.447
27014,4239.7646
27015,4365.0596
27016,7713.309
27017,61031.758
27018,4499.3726
27019,17527.95
27020,43775.19
27021,9689.131
27022,4649.0166
27023,4602.9844
27024,8284.348
27025,51652.863
27026,12614.204
27027,6928.308
27028,7030.1313
27029,12292.498
27030,8903.479
27031,5780.7993
27032,5348.3716
27033,78802.04
27034,7591.2363
27035,20396.002
27036,8384.337
27037,17009.451
27038,13897.108
27039,6384.3477
27040,11818.64
27041,32594.777
27042,8851.028
27043,11991.41
27044,6445.2324
27045,6112.2344
27046,9407.557
27047,9240.115
27048,10109.0
27049,8970.268
27050,6840.9985
27051,6498.2944
27052,9641.082
27053,7041.3296
27054,316415.28
27055,24640.994
27056,13323.592
27057,5985.0605
27058,6857.844
27059,7175.0483
27060,7482.6084
27061,33925.45
27062,8419.943
27063,16024.544
27064,18551.764
27065,10717.69
27066,57280.746
27067,6917.516
27068,4778.489
27069,16204.33
27070,6236.2173
27071,4735.346
27072,6129.544
27073,31127.074
27074,6437.978
27075,13501.7705
27076,49690.625
27077,7319.7295
27078,5853.6094
27079,5688.9863
27080,6154.557
27081,6608.392
27082,6376.305
27083,6340.2715
27084,10521.038
27085,7707.622
27086,5114.9106
27087,6260.2627
27088,11143.858
27089,81437.69
27090,32098.547
27091,6557.3267
27092,5223.7754
27093,80809.58
27094,10627.545
27095,9076.39
27096,13702.314
27097,7455.3105
27098,3500.9614
27099,41694.938
27100,11207.236
27101,5549.187
27102,8816.345
27103,26946.85
27104,143815.31
27105,7872.0034
27106,20411.25
27107,8107.328
27108,6306.77
27109,33332.094
27110,15594.14
27111,7189.938
27112,11356.865
27113,7344.4863
27114,6195.932
27115,14216.99
27116,9616.076
27117,145889.98
27118,28398.229
27119,11056.293
27120,6384.2036
27121,1937.0034
27122,5039.4688
27123,8149.8027
27124,7217.049
27125,10499.997
27126,6500.8516
27127,11667.705
27128,15220.986
27129,7337.1997
27130,6883.702
27131,5963.8296
27132,8110.044
27133,7169.863
27134,14757.953
27135,105477.75
27136,8493.934
27137,6865.8125
27138,202859.98
27139,11309.334
27140,50095.832
27141,10020.118
27142,9730.348
27143,5768.0586
27144,11272.948
27145,9505.962
27146,33247.24
27147,7758.4697
27148,7022.76
27149,4334.276
27150,7932.222
27151,7909.4683
27152,7312.1064
27153,9011.281
27154,67199.555
27155,10921.935
27156,3820.676
27157,8815.6045
27158,5355.871
27159,6246.971
27160,225960.97
27161,10716.573
27162,10664.08
27163,8511.142
27164,7743.1777
27165,6117.2725
27166,9566.952
27167,5974.633
27168,28415.89
27169,4752.0034
27170,11890.6875
27171,15599.774
27172,20117.148
27173,3240.7786
27174,11998.324
27175,6269.1724
27176,5262.9604
27177,5835.3643
27178,13350.437
27179,10620.78
27180,7104.153
27181,10046.202
27182,8307.279
27183,7135.4272
27184,7231.2075
27185,134629.5
27186,12487.168
27187,11915.131
27188,6777.892
27189,7864.545
27190,134363.39
27191,6147.9824
27192,6884.7583
27193,19531.557
27194,7854.7646
27195,26771.82
27196,1393.0591
27197,4080.2446
27198,11801.739
27199,11476.913
27200,11294.857
27201,14807.704
27202,5007.4673
27203,7577.717
27204,7464.7046
27205,12323.3125
27206,7998.2573
27207,44443.098
27208,7173.028
27209,7645.7534
27210,10628.707
27211,70980.79
27212,6457.9453
27213,43182.523
27214,6208.7363
27215,7825.869
27216,9599.907
27217,5783.2583
27218,8563.172
27219,9093.707
27220,7641.699
27221,6343.404
27222,8210.925
27223,5960.217
27224,9616.347
27225,6016.1313
27226,5292.5474
27227,5021.271
27228,9945.919
27229,14721.874
27230,80511.13
27231,14280.28
27232,3997.886
27233,97779.58
27234,11911.172
27235,3951.4421
27236,186509.56
27237,66855.76
27238,4300.0605
27239,6982.891
27240,8102.248
27241,6123.1465
27242,125991.266
27243,8346.57
27244,7979.3066
27245,6121.104
27246,4340.8486
27247,8948.174
27248,6470.4194
27249,26320.982
27250,32613.336
27251,9449.04
27252,19973.49
27253,11534.746
27254,26752.836
27255,4910.854
27256,139094.53
27257,126091.16
27258,6309.3857
27259,6359.2754
27260,7770.4165
27261,8664.02
27262,8128.266
27263,9007.045
27264,7071.4175
27265,49895.543
27266,18627.637
27267,5606.664
27268,14749.335
27269,5423.7188
27270,7786.568
27271,15470.322
27272,24247.16
27273,29347.445
27274,256688.17
27275,43973.26
27276,6560.649
27277,12170.202
27278,5309.329
27279,10589.727
27280,10775.018
27281,12557.68
27282,15561.144
27283,6841.728
27284,11469.706
27285,9251.496
27286,6600.638
27287,14886.084
27288,24079.902
27289,5673.847
27290,8587.725
27291,4145.6685
27292,14073.545
27293,6280.5083
27294,11302.352
27295,10804.341
27296,11536.089
27297,6966.207
27298,12273.027
27299,117684.68
27300,72691.13
27301,6068.106
27302,12095.859
27303,12916.568
27304,7188.918
27305,97493.55
27306,19382.979
27307,14926.776
27308,7672.468
27309,7005.9053
27310,43562.12
27311,5371.9673
27312,10474.313
27313,9911.028
27314,7807.5376
27315,3093.8203
27316,7124.1045
27317,151557.6
27318,6456.9263
27319,55825.867
27320,108953.914
27321,7998.305
27322,11242.543
27323,4829.7734
27324,14652.476
27325,11558.334
27326,8483.064
27327,13480.297
27328,21466.514
27329,45798.055
27330,4943.3887
27331,8383.459
27332,71620.85
27333,134629.5
27334,9560.66
27335,213479.61
27336,12970.164
27337,7625.8433
27338,5349.1123
27339,40858.387
27340,9561.112
27341,10217.167
27342,6373.8843
27343,7116.558
27344,8773.653
27345,7744.0527
27346,56501.445
27347,10499.711
27348,8949.581
27349,13898.617
27350,14142.75
27351,92367.62
27352,12434.906
27353,4296.571
27354,10807.849
27355,3621.4072
27356,6660.094
27357,138715.58
27358,10149.3
27359,4849.909
27360,5944.8643
27361,5061.0376
27362,6653.813
27363,6311.1074
27364,4914.0728
27365,5043.753
27366,5750.0493
27367,10777.417
27368,16695.22
27369,5655.2256
27370,9117.564
27371,5647.907
27372,17954.014
27373,5504.2393
27374,14142.75
27375,7406.657
27376,8137.011
27377,6380.4907
27378,5386.902
27379,109931.195
27380,7981.311
27381,8051.2944
27382,221485.28
27383,9821.615
27384,8305.756
27385,6548.967
27386,14104.389
27387,7468.466
27388,7406.272
27389,13992.568
27390,7603.741
27391,20124.373
27392,29718.86
27393,6032.0903
27394,6291.836
27395,11841.379
27396,7885.13
27397,8670.855
27398,30476.654
27399,6196.6733
27400,9245.556
27401,6242.407
27402,41167.22
27403,7436.387
27404,10225.227
27405,239492.4
27406,159823.11
27407,7286.193
27408,5588.6304
27409,8034.2817
27410,6147.2046
27411,7727.761
27412,38179.31
27413,4517.6724
27414,18042.043
27415,11879.051
27416,65351.562
27417,7459.686
27418,9485.314
27419,5088.0146
27420,6015.4604
27421,7478.7407
27422,24812.002
27423,6524.64
27424,8189.576
27425,12166.941
27426,76113.62
27427,4617.19
27428,6038.194
27429,10766.709
27430,3743.4392
27431,7476.9736
27432,33090.434
27433,6554.547
27434,42215.37
27435,17857.453
27436,9151.597
27437,8096.1924
27438,7990.08
27439,9852.419
27440,8712.575
27441,7121.3457
27442,9552.499
27443,14764.988
27444,45063.355
27445,9812.343
27446,8676.703
27447,10751.439
27448,5194.9976
27449,9993.207
27450,3778.1987
27451,15478.066
27452,10644.785
27453,4865.7373
27454,9935.921
27455,59778.145
27456,7152.3296
27457,4893.372
27458,10017.208
27459,4740.9424
27460,12368.274
27461,11334.579
27462,81580.11
27463,10133.461
27464,6451.465
27465,7328.4653
27466,216580.02
27467,4948.495
27468,9280.112
27469,10324.92
27470,4814.5503
27471,11387.884
27472,4793.093
27473,6388.681
27474,17276.162
27475,8382.302
27476,5576.2935
27477,5549.4956
27478,9550.352
27479,18502.09
27480,7042.165
27481,6650.7666
27482,17670.723
27483,215257.06
27484,13152.673
27485,7128.7075
27486,7134.9453
27487,12424.833
27488,7317.5513
27489,9212.417
27490,79891.53
27491,10519.376
27492,37746.668
27493,11645.668
27494,170142.88
27495,6417.412
27496,12321.97
27497,8196.44
27498,5204.9346
27499,4036.7432
27500,6215.528
27501,5633.488
27502,50568.883
27503,21299.152
27504,122277.336
27505,7955.057
27506,4445.1597
27507,200383.86
27508,7376.6724
27509,14266.235
27510,6076.405
27511,4939.7876
27512,3251.1943
27513,9948.761
27514,8744.969
27515,6251.339
27516,58969.46
27517,41022.5
27518,5096.212
27519,6410.307
27520,137979.06
27521,8529.487
27522,8537.864
27523,7406.3613
27524,162627.12
27525,5482.6104
27526,7358.853
27527,16368.896
27528,5351.6265
27529,4828.245
27530,34694.43
27531,8652.997
27532,18454.768
27533,13435.413
27534,4591.7754
27535,9907.72
27536,8160.491
27537,16468.059
27538,8211.686
27539,7249.6963
27540,7108.625
27541,16423.979
27542,82329.55
27543,5710.9644
27544,16000.457
27545,7532.0923
27546,18120.057
27547,7228.556
27548,5578.8384
27549,7662.713
27550,7055.634
27551,9226.022
27552,9528.059
27553,7896.8853
27554,11959.494
27555,5552.9565
27556,7781.0767
27557,15998.358
27558,34086.637
27559,8345.868
27560,13140.679
27561,10269.666
27562,5389.2827
27563,10601.918
27564,9181.393
27565,34610.918
27566,327107.62
27567,13772.26
27568,17576.025
27569,30385.45
27570,5350.435
27571,15597.584
27572,5426.3516
27573,8391.923
27574,7427.556
27575,14903.149
27576,10473.015
27577,6127.015
27578,44804.645
27579,28269.541
27580,18889.293
27581,113818.984
27582,3864.3794
27583,4200.0835
27584,6850.8047
27585,5512.718
27586,6980.2407
27587,4109.661
27588,89423.195
27589,113233.695
27590,7373.4414
27591,19532.346
27592,7078.9727
27593,11587.282
27594,12827.966
27595,6642.0005
27596,6159.1855
27597,38752.418
27598,8191.6636
27599,119416.61
27600,10983.169
27601,7738.451
27602,5515.2407
27603,7547.302
27604,5687.471
27605,35282.312
27606,19521.957
27607,7308.941
27608,43199.113
27609,9715.628
27610,10395.437
27611,1128.4014
27612,4535.756
27613,5718.324
27614,7955.4883
27615,7078.2925
27616,4191.1284
27617,31775.893
27618,4394.6133
27619,7730.452
27620,4759.008
27621,123913.85
27622,194717.2
27623,38027.113
27624,7168.608
27625,40338.555
27626,40876.9
27627,6439.9097
27628,5470.5605
27629,5646.0244
27630,22342.172
27631,151821.38
27632,25141.396
27633,10488.166
27634,10495.196
27635,22211.781
27636,8462.865
27637,92207.88
27638,15681.611
27639,6464.883
27640,67724.65
27641,15898.403
27642,11896.148
27643,5913.554
27644,8616.164
27645,29742.66
27646,8923.319
27647,8880.988
27648,4605.604
27649,16866.457
27650,3536.6592
27651,47711.33
27652,127739.74
27653,6156.1357
27654,24133.36
27655,64748.094
27656,5717.841
27657,17319.104
27658,5861.3276
27659,12105.145
27660,7031.535
27661,16901.594
27662,8726.882
27663,21036.44
27664,67428.29
27665,6569.5283
27666,6911.4453
27667,31420.0
27668,21247.621
27669,5704.4507
27670,27168.871
27671,7639.1113
27672,5500.157
27673,58291.81
27674,30145.678
27675,4890.344
27676,8099.611
27677,6337.944
27678,45280.72
27679,7714.567
27680,13274.135
27681,12963.573
27682,7457.4155
27683,48562.258
27684,4845.348
27685,4406.3096
27686,3491.5508
27687,5753.4893
27688,10223.576
27689,9599.708
27690,150835.56
27691,6642.48
27692,7304.7285
27693,69900.805
27694,8273.713
27695,48541.24
27696,6406.396
27697,28191.486
27698,8983.222
27699,6420.5547
27700,7607.8877
27701,93075.46
27702,7028.9204
27703,4795.579
27704,6080.6973
27705,5995.8354
27706,8326.94
27707,2477.584
27708,8440.559
27709,7973.779
27710,14472.563
27711,8483.823
27712,28955.438
27713,45790.066
27714,2087.9387
27715,8009.3267
27716,9137.865
27717,11262.228
27718,5857.29
27719,4491.4146
27720,7880.5093
27721,5401.7275
27722,5197.166
27723,5912.4927
27724,7548.5635
27725,5172.736
27726,10693.061
27727,10576.289
27728,5839.125
27729,7940.5356
27730,5366.6826
27731,5563.5825
27732,6479.473
27733,89596.19
27734,45036.445
27735,9816.882
27736,7110.152
27737,5005.976
27738,13352.136
27739,18723.348
27740,119416.61
27741,9725.628
27742,9192.773
27743,18624.543
27744,12038.483
27745,7524.411
27746,8426.252
27747,12740.707
27748,5710.3687
27749,28375.146
27750,6896.8867
27751,42969.688
27752,145933.39
27753,7815.455
27754,6147.3975
27755,14556.11
27756,7888.1743
27757,9593.921
27758,12981.293
27759,98790.4
27760,6563.2515
27761,6765.058
27762,6162.2783
27763,5961.1646
27764,10750.726
27765,7229.339
27766,261921.62
27767,6929.2886
27768,4896.8687
27769,54788.1
27770,11634.368
27771,92674.54
27772,5433.5044
27773,9126.779
27774,4854.879
27775,6944.4487
27776,6814.7476
27777,5435.4927
27778,7254.4927
27779,15911.256
27780,10114.737
27781,4811.205
27782,9630.8
27783,5042.0264
27784,12070.623
27785,10292.033
27786,16003.302
27787,5303.5547
27788,7974.9233
27789,3757.383
27790,12835.669
27791,11875.198
27792,7580.5806
27793,11199.928
27794,12041.75
27795,10900.041
27796,26655.516
27797,15721.458
27798,29799.06
27799,7025.029
27800,6061.1787
27801,1060.0598
27802,11632.269
27803,13884.404
27804,5897.576
27805,4490.851
27806,9569.6875
27807,6775.1064
27808,9593.364
27809,6187.5806
27810,7008.4175
27811,5868.157
27812,5983.9824
27813,13580.183
27814,11108.431
27815,4122.565
27816,11128.045
27817,8837.587
27818,12761.235
27819,12116.1875
27820,4471.0156
27821,30055.9
27822,9352.367
27823,5813.7773
27824,48597.95
27825,10882.55
27826,6602.7085
27827,9656.131
27828,11261.092
27829,7896.892
27830,26994.062
27831,10180.688
27832,13936.395
27833,6802.042
27834,5407.867
27835,13198.364
27836,224574.44
27837,6985.9707
27838,7538.1543
27839,8838.256
27840,19487.352
27841,7815.1816
27842,8206.035
27843,14342.107
27844,125635.67
27845,8097.3237
27846,7225.4346
27847,12492.693
27848,7489.5786
27849,40179.94
27850,8447.837
27851,107314.11
27852,14944.152
27853,7345.095
27854,11402.386
27855,12978.319
27856,6107.418
27857,11627.177
27858,25875.184
27859,9967.5205
27860,4859.738
27861,6640.11
27862,14769.066
27863,10254.885
27864,6390.956
27865,30767.078
27866,3873.3745
27867,166913.69
27868,108428.19
27869,6094.197
27870,24054.033
27871,15679.661
27872,5591.7334
27873,82287.52
27874,12736.713
27875,7645.016
27876,15118.168
27877,5526.05
27878,29742.66
27879,13149.432
27880,9301.253
27881,29347.445
27882,8058.2476
27883,23312.268
27884,10118.394
27885,105876.234
27886,10681.464
27887,23783.242
27888,7184.855
27889,11478.239
27890,7415.2603
27891,12182.027
27892,12800.209
27893,44331.13
27894,6665.046
27895,38424.395
27896,3454.6685
27897,7672.362
27898,9033.349
27899,7135.142
27900,25044.027
27901,42371.574
27902,5634.0176
27903,8282.661
27904,78300.61
27905,132716.31
27906,5347.8057
27907,11429.443
27908,16523.004
27909,6432.3535
27910,28634.295
27911,5630.4985
27912,80809.58
27913,78732.09
27914,5626.78
27915,23133.838
27916,12858.7
27917,29637.33
27918,6287.4946
27919,15534.753
27920,12408.057
27921,10871.895
27922,5135.4126
27923,13049.409
27924,4772.126
27925,7482.8984
27926,13148.952
27927,9699.175
27928,13357.176
27929,11892.907
27930,176112.78
27931,12824.846
27932,24101.754
27933,34948.6
27934,9712.583
27935,7337.405
27936,11060.661
27937,7905.8555
27938,5774.173
27939,47661.082
27940,31567.092
27941,7538.8213
27942,18335.973
27943,52660.15
27944,6710.978
27945,7700.7144
27946,6132.0215
27947,8628.142
27948,6756.8936
27949,6089.6543
27950,12105.751
27951,23089.13
27952,11243.08
27953,14343.589
27954,5099.0103
27955,5790.7236
27956,166565.97
27957,22533.047
27958,13108.543
27959,10974.312
27960,10041.882
27961,29590.432
27962,14718.472
27963,12963.573
27964,21486.857
27965,94336.44
27966,14505.153
27967,9539.308
27968,4109.661
27969,53434.95
27970,5616.848
27971,125211.84
27972,7346.526
27973,5841.8096
27974,31016.35
27975,39460.734
27976,9003.27
27977,10333.006
27978,8157.874
27979,32702.713
27980,4355.175
27981,13970.543
27982,20922.393
27983,5456.0586
27984,10803.054
27985,21515.398
27986,59314.707
27987,5168.116
27988,11093.119
27989,6172.868
27990,6794.333
27991,5441.3184
27992,5877.6406
27993,5623.958
27994,5886.36
27995,81303.85
27996,13411.243
27997,30413.719
27998,26235.459
27999,6233.2383
28000,11431.214
28001,9137.789
28002,3373.9905
28003,10543.011
28004,11356.774
28005,6853.3916
28006,51865.82
28007,7223.7056
28008,6286.3296
28009,7410.976
28010,10744.632
28011,5798.7285
28012,5271.289
28013,6543.9775
28014,11918.966
28015,7792.517
28016,10016.071
28017,61353.86
28018,6848.1626
28019,6214.605
28020,6235.706
28021,6418.3247
28022,13214.192
28023,17655.438
28024,64633.258
28025,6056.603
28026,173244.56
28027,4149.82
28028,8986.267
28029,20269.832
28030,5625.889
28031,6641.3345
28032,19542.838
28033,6382.9087
28034,15892.841
28035,6415.9526
28036,7976.779
28037,8651.068
28038,8230.011
28039,8205.637
28040,19872.871
28041,10632.89
28042,8133.0493
28043,7129.554
28044,4144.57
28045,22135.33
28046,7559.0547
28047,12825.494
28048,2371.7407
28049,71268.62
28050,8201.598
28051,4053.1938
28052,55023.555
28053,8459.544
28054,13348.673
28055,13153.41
28056,146759.58
28057,42579.324
28058,6903.8306
28059,10712.262
28060,8064.7656
28061,8885.488
28062,92084.43
28063,11629.084
28064,6768.158
28065,26850.383
28066,7091.2896
28067,11968.011
28068,9727.051
28069,138106.2
28070,6743.328
28071,19897.6
28072,4881.501
28073,7448.433
28074,6397.869
28075,5623.2046
28076,20057.424
28077,7356.4795
28078,8183.194
28079,3990.4114
28080,7224.548
28081,191616.12
28082,58758.12
28083,10384.634
28084,8298.2705
28085,12012.413
28086,6872.848
28087,18927.014
28088,25721.102
28089,5648.229
28090,32525.322
28091,7546.0317
28092,54628.594
28093,76914.29
28094,118927.62
28095,7120.1523
28096,9959.998
28097,8484.076
28098,6964.6523
28099,23793.691
28100,20545.148
28101,35319.094
28102,141550.2
28103,18376.527
28104,7816.2637
28105,13340.725
28106,10915.194
28107,12966.646
28108,9448.202
28109,5573.465
28110,10695.388
28111,15026.998
28112,7268.5044
28113,3565.3188
28114,6514.1465
28115,9065.335
28116,4052.858
28117,4312.12
28118,72380.305
28119,13769.096
28120,29031.734
28121,11112.187
28122,6785.0283
28123,5062.3286
28124,28578.787
28125,7045.633
28126,112200.06
28127,9358.818
28128,7097.429
28129,6597.6084
28130,17862.17
28131,205420.86
28132,18422.36
28133,8645.568
28134,49245.9
28135,7692.692
28136,5180.598
28137,25805.535
28138,11869.41
28139,9770.381
28140,9591.399
28141,5086.425
28142,9900.474
28143,275344.94
28144,7348.6855
28145,32143.322
28146,5727.9146
28147,19093.27
28148,13469.727
28149,22148.83
28150,6409.354
28151,7483.9424
28152,24605.014
28153,4551.1895
28154,7596.9805
28155,9542.606
28156,5327.1294
28157,9049.91
28158,13716.741
28159,22487.158
28160,10569.004
28161,8412.966
28162,6991.7246
28163,17138.016
28164,42844.47
28165,14040.058
28166,14769.972
28167,6244.7427
28168,25620.777
28169,6646.08
28170,5538.8413
28171,7124.595
28172,12016.679
28173,9477.5625
28174,29893.39
28175,3927.119
28176,7921.7363
28177,9282.148
28178,21060.332
28179,6210.4487
28180,17319.32
28181,12129.8125
28182,2862.3325
28183,109066.42
28184,33254.266
28185,4962.4395
28186,7665.7036
28187,8545.509
28188,5309.354
28189,6977.8125
28190,12708.62
28191,13088.469
28192,24812.002
28193,50366.414
28194,9183.612
28195,16468.002
28196,9487.983
28197,7180.881
28198,7278.1484
28199,7838.653
28200,12897.671
28201,6318.8955
28202,6522.16
28203,6658.7856
28204,6854.056
28205,8072.539
28206,32435.838
28207,121831.03
28208,37218.836
28209,6284.021
28210,7646.014
28211,10753.74
28212,8645.447
28213,11210.422
28214,45025.65
28215,41452.33
28216,4692.921
28217,8300.582
28218,6403.9336
28219,25378.477
28220,6428.351
28221,46980.65
28222,9474.928
28223,68135.766
28224,14228.873
28225,3411.1785
28226,6044.932
28227,6131.8354
28228,33234.633
28229,22283.115
28230,4960.124
28231,39899.383
28232,8846.501
28233,7543.381
28234,63846.426
28235,200599.38
28236,9292.164
28237,13271.62
28238,4462.4214
28239,7576.4385
28240,60087.598
28241,2296.9546
28242,33255.438
28243,6408.674
28244,15696.69
28245,7525.83
28246,5994.4556
28247,6145.7036
28248,18769.91
28249,6555.7295
28250,5302.211
28251,143090.2
28252,49069.875
28253,121555.91
28254,30171.902
28255,10975.516
28256,26308.1
28257,8336.768
28258,11334.579
28259,48919.094
28260,6335.3745
28261,8943.143
28262,8537.38
28263,6404.564
28264,11702.387
28265,304744.97
28266,11208.892
28267,4473.315
28268,307169.16
28269,6710.0044
28270,6079.8477
28271,20262.098
28272,2296.9546
28273,14825.89
28274,2371.7407
28275,16267.036
28276,21613.645
28277,43742.418
28278,8370.93
28279,12656.986
28280,7826.686
28281,8284.945
28282,4110.0493
28283,14723.904
28284,2882.92
28285,6827.215
28286,6432.2437
28287,5896.2085
28288,7898.2803
28289,11025.228
28290,13608.782
28291,6950.47
28292,8857.87
28293,11493.254
28294,9318.953
28295,4935.28
28296,10416.69
28297,108855.5
28298,6663.9453
28299,17063.496
28300,7108.31
28301,6602.632
28302,16134.616
28303,9994.687
28304,8379.988
28305,101915.44
28306,8385.316
28307,356874.3
28308,24971.998
28309,9222.554
28310,3957.2407
28311,165499.05
28312,6901.2964
28313,5839.559
28314,15232.031
28315,8170.4746
28316,5274.855
28317,4245.0938
28318,9123.918
28319,6089.6543
28320,6383.128
28321,17103.176
28322,30237.69
28323,30960.178
28324,5661.6523
28325,8896.092
28326,8170.4746
28327,8964.939
28328,107214.305
28329,6844.5127
28330,142600.56
28331,18236.162
28332,38240.03
28333,121009.85
28334,14607.438
28335,24883.666
28336,4302.078
28337,3683.011
28338,11900.549
28339,7777.028
28340,10699.306
28341,8858.101
28342,7512.809
28343,8395.418
28344,16602.691
28345,68052.26
28346,6129.363
28347,6840.7944
28348,5024.689
28349,15767.56
28350,230719.36
28351,9498.865
28352,41163.88
28353,12016.791
28354,7863.964
28355,5506.36
28356,8034.6064
28357,13338.821
28358,9795.602
28359,4395.7334
28360,18992.84
28361,4148.638
28362,6072.2627
28363,7039.31
28364,8560.096
28365,8276.76
28366,6471.3696
28367,3992.491
28368,1872.7179
28369,81849.516
28370,5508.65
28371,8987.624
28372,221485.28
28373,6153.375
28374,6030.086
28375,6162.6226
28376,11438.785
28377,13753.708
28378,9275.076
28379,13131.788
28380,85959.45
28381,4129.1753
28382,15856.331
28383,22849.5
28384,9028.278
28385,4627.4775
28386,24051.191
28387,4008.0005
28388,19586.074
28389,9635.363
28390,5750.0493
28391,7521.8574
28392,13179.281
28393,22991.371
28394,9175.718
28395,17142.441
28396,7384.724
28397,7943.9062
28398,9517.534
28399,6244.0815
28400,6026.382
28401,47954.773
28402,5265.941
28403,10805.53
28404,8190.7725
28405,7514.114
28406,11667.696
28407,34241.1
28408,7597.6235
28409,38103.52
28410,52985.04
28411,4995.2725
28412,6518.659
28413,6730.6807
28414,12455.411
28415,12160.315
28416,6837.7393
28417,7645.016
28418,48478.008
28419,6494.4927
28420,9069.194
28421,9730.893
28422,6282.205
28423,147294.33
28424,4285.454
28425,7123.0386
28426,10912.314
28427,56072.11
28428,21824.111
28429,13603.42
28430,6964.6523
28431,6379.331
28432,36546.254
28433,15859.426
28434,37013.66
28435,12399.914
28436,6256.9033
28437,23787.32
28438,32177.264
28439,12435.439
28440,250834.31
28441,8475.238
28442,5958.094
28443,2855.3772
28444,70097.42
28445,8010.567
28446,4820.5615
28447,12165.07
28448,6232.704
28449,6032.546
28450,6270.6025
28451,13480.855
28452,6653.223
28453,10653.016
28454,6961.3174
28455,6305.0513
28456,7555.7383
28457,15723.462
28458,6370.561
28459,9339.401
28460,22025.092
28461,55947.25
28462,38416.57
28463,10695.456
28464,5849.589
28465,49767.336
28466,10764.806
28467,137467.44
28468,6260.6636
28469,15757.206
28470,9974.493
28471,36200.348
28472,19888.03
28473,63511.867
28474,39660.99
28475,12847.88
28476,8766.752
28477,4804.0703
28478,8623.471
28479,3984.0352
28480,7653.9243
28481,14724.612
28482,6123.7544
28483,5583.461
28484,10487.701
28485,37482.56
28486,9782.238
28487,4311.53
28488,7780.1807
28489,9302.719
28490,28132.992
28491,7483.123
28492,3347.5557
28493,8320.9
28494,3283.229
28495,5718.543
28496,9908.197
28497,8390.547
28498,6280.841
28499,33351.43
28500,15639.019
28501,11115.343
28502,10284.339
28503,8476.521
28504,148356.78
28505,9633.666
28506,11183.225
28507,9444.148
28508,6462.995
28509,75527.7
28510,17560.26
28511,53928.996
28512,9960.608
28513,8144.165
28514,147294.33
28515,11794.035
28516,14437.956
28517,3549.2588
28518,7656.2393
28519,4830.42
28520,14046.735
28521,5475.118
28522,8204.663
28523,5836.4653
28524,63374.723
28525,13835.215
28526,10869.541
28527,12822.183
28528,9355.904
28529,11018.972
28530,4917.4727
28531,11665.64
28532,7002.101
28533,19050.227
28534,55631.477
28535,8136.5044
28536,13594.089
28537,9399.437
28538,8020.742
28539,89552.59
28540,12508.849
28541,9818.081
28542,4711.044
28543,10001.2705
28544,42086.875
28545,4872.4175
28546,9923.164
28547,138437.12
28548,11226.892
28549,76097.12
28550,22296.18
28551,50422.043
28552,10858.26
28553,147493.2
28554,4561.6963
28555,6330.676
28556,194048.64
28557,6226.583
28558,7653.9243
28559,5187.203
28560,117675.6
28561,6745.172
28562,8837.768
28563,12902.915
28564,10836.05
28565,7495.546
28566,11148.956
28567,6573.6807
28568,10419.121
28569,10731.976
28570,42473.95
28571,25312.111
28572,4880.3364
28573,15290.501
28574,14556.82
28575,7263.606
28576,10545.856
28577,5294.262
28578,7330.555
28579,8266.999
28580,8039.5483
28581,7655.8926
28582,13620.816
28583,177266.84
28584,6659.219
28585,7920.161
28586,13026.163
28587,66342.164
28588,7993.4067
28589,100906.6
28590,132388.47
28591,6431.2217
28592,7285.9087
28593,5965.6245
28594,9015.182
28595,6692.974
28596,16005.589
28597,6896.7656
28598,6373.4414
28599,7690.1987
28600,5479.2163
28601,6616.1523
28602,17581.455
28603,9990.644
28604,7214.1055
28605,5255.484
28606,6548.967
28607,12434.316
28608,49805.527
28609,6117.2627
28610,7534.752
28611,5352.2515
28612,8090.7607
28613,149842.67
28614,14288.804
28615,7358.081
28616,14619.026
28617,10397.737
28618,4547.949
28619,353076.34
28620,5136.2134
28621,15077.687
28622,6549.7173
28623,10326.762
28624,7930.2705
28625,7994.9185
28626,10743.132
28627,28443.629
28628,13829.211
28629,10394.295
28630,8119.017
28631,5031.49
28632,29954.309
28633,9166.239
28634,9259.848
28635,3931.7856
28636,5653.5234
28637,6138.456
28638,6118.4546
28639,10897.956
28640,6619.182
28641,8189.544
28642,7830.0337
28643,10348.3
28644,6278.719
28645,57782.305
28646,8679.416
28647,10785.26
28648,19175.367
28649,5802.6606
28650,185229.72
28651,41348.3
28652,8577.776
28653,6616.835
28654,6473.8804
28655,11630.083
28656,11873.442
28657,52441.203
28658,18404.605
28659,7247.236
28660,27743.768
28661,8772.347
28662,6290.4497
28663,290669.22
28664,25329.322
28665,27277.451
28666,167213.53
28667,6637.9814
28668,14076.248
28669,7561.765
28670,49127.004
28671,12058.709
28672,127279.64
28673,10193.615
28674,40441.15
28675,6662.8843
28676,47723.637
28677,60503.707
28678,7522.014
28679,8630.882
28680,6534.77
28681,8100.4087
28682,8902.988
28683,9963.384
28684,46885.527
28685,5984.5703
28686,7325.76
28687,4125.8247
28688,7429.209
28689,8396.208
28690,5968.954
28691,10256.55
28692,18014.268
28693,10975.358
28694,3072.8845
28695,9591.261
28696,65031.906
28697,8736.091
28698,6204.5947
28699,7448.5596
28700,121716.67
28701,3277.6274
28702,46506.094
28703,7792.7803
28704,5987.181
28705,4630.077
28706,6910.528
28707,7606.0044
28708,4468.8003
28709,6571.9756
28710,6341.3525
28711,6786.23
28712,6835.365
28713,21136.21
28714,19089.273
28715,7026.841
28716,8366.461
28717,5712.1113
28718,19531.1
28719,7498.577
28720,152380.5
28721,4953.751
28722,4223.181
28723,5950.694
28724,5077.7705
28725,150909.4
28726,33014.137
28727,8869.751
28728,60791.63
28729,16249.932
28730,8228.204
28731,48583.29
28732,8140.754
28733,6343.9224
28734,14313.67
28735,5883.8965
28736,7805.5977
28737,7252.905
28738,13380.47
28739,6706.0293
28740,9519.885
28741,107555.83
28742,19676.312
28743,6195.1357
28744,7391.1235
28745,4691.406
28746,8795.702
28747,10489.8
28748,8256.9375
28749,5468.112
28750,7954.0713
28751,8780.525
28752,98783.79
28753,6000.9854
28754,18604.209
28755,3945.0808
28756,6928.6323
28757,19383.904
28758,7775.209
28759,8762.343
28760,4597.6226
28761,31732.154
28762,12176.015
28763,9297.58
28764,8321.385
28765,5290.413
28766,10450.181
28767,9768.132
28768,28164.68
28769,10404.024
28770,17310.576
28771,9290.485
28772,7334.302
28773,4080.7068
28774,7352.435
28775,98959.89
28776,6403.9336
28777,28935.244
28778,122227.13
28779,6066.5054
28780,13104.092
28781,8584.004
28782,5606.427
28783,7891.724
28784,11724.611
28785,4388.125
28786,4803.3984
28787,16922.69
28788,6297.5713
28789,5969.1777
28790,14181.014
28791,11831.314
28792,12516.977
28793,7356.7505
28794,82284.266
28795,8712.909
28796,30011.492
28797,12284.253
28798,7022.9663
28799,19134.543
28800,7534.504
28801,71652.14
28802,13245.937
28803,18237.512
28804,165499.05
28805,5629.8057
28806,11119.206
28807,8667.652
28808,6449.9478
28809,5074.3584
28810,77878.13
28811,8370.144
28812,9587.055
28813,6146.8037
28814,76629.914
28815,8658.256
28816,8284.015
28817,73866.914
28818,39433.043
28819,5198.4146
28820,7733.456
28821,51428.395
28822,6740.501
28823,6525.114
28824,6722.2563
28825,28998.82
28826,4455.3716
28827,15348.25
28828,9177.46
28829,18799.676
28830,7524.963
28831,8876.647
28832,122968.6
28833,8983.222
28834,10028.992
28835,17521.076
28836,32327.145
28837,7248.902
28838,7998.637
28839,10124.017
28840,8610.204
28841,8387.181
28842,5857.028
28843,32688.512
28844,171615.02
28845,17532.729
28846,6634.949
28847,9225.41
28848,7593.4497
28849,17408.994
28850,9149.72
28851,8440.146
28852,7384.0894
28853,53004.13
28854,25419.807
28855,4629.221
28856,9397.4795
28857,17632.96
28858,4763.5483
28859,11061.412
28860,8630.876
28861,9517.288
28862,19749.758
28863,13473.415
28864,16610.883
28865,6361.9014
28866,11689.224
28867,5277.965
28868,4861.531
28869,7852.5864
28870,8270.923
28871,78485.03
28872,10620.78
28873,7206.222
28874,19085.342
28875,13176.871
28876,7213.161
28877,5308.407
28878,11470.997
28879,97779.58
28880,5865.338
28881,6231.669
28882,5225.8374
28883,17264.736
28884,10943.561
28885,8434.914
28886,10911.517
28887,5429.504
28888,82598.375
28889,5739.2
28890,7260.1904
28891,155771.2
28892,8631.171
28893,7183.9785
28894,37371.973
28895,16088.354
28896,19047.768
28897,4761.093
28898,7842.6743
28899,27855.498
28900,7982.3135
28901,20063.973
28902,8713.079
28903,28339.764
28904,6936.405
28905,6467.212
28906,19382.898
28907,21012.133
28908,6375.7764
28909,17494.47
28910,3784.341
28911,6606.432
28912,121548.73
28913,8098.4976
28914,8779.184
28915,5716.3037
28916,6571.497
28917,6468.2144
28918,8699.052
28919,8181.382
28920,54580.223
28921,7018.905
28922,12236.264
28923,31621.586
28924,8351.798
28925,7458.976
28926,7115.1313
28927,9100.75
28928,9758.817
28929,10042.856
28930,6600.5854
28931,5029.968
28932,20455.371
28933,20959.691
28934,16830.201
28935,5169.504
28936,9527.789
28937,7391.0527
28938,4769.339
28939,23325.479
28940,5792.1187
28941,7393.557
28942,7524.8535
28943,2885.2483
28944,12208.476
28945,6252.4277
28946,209520.98
28947,141213.77
28948,63325.68
28949,9305.388
28950,7011.757
28951,314409.0
28952,11583.706
28953,7181.6997
28954,6218.421
28955,12454.739
28956,6187.772
28957,5571.275
28958,6282.4277
28959,16876.32
28960,5877.6855
28961,20173.475
28962,7757.686
28963,138297.12
28964,8897.091
28965,20689.068
28966,4308.608
28967,88559.79
28968,7829.8745
28969,8442.429
28970,54869.23
28971,17566.816
28972,5768.277
28973,38769.28
28974,20369.258
28975,6708.27
28976,52441.203
28977,23584.008
28978,17005.34
28979,8766.164
28980,6476.19
28981,11943.656
28982,3735.8394
28983,29081.873
28984,8415.241
28985,7403.0786
28986,4991.395
28987,20177.465
28988,2855.3772
28989,10948.648
28990,6901.247
28991,5377.419
28992,7027.9736
28993,7386.4727
28994,7800.573
28995,97076.6
28996,7638.804
28997,17096.396
28998,63660.7
28999,19036.46
29000,5169.825
29001,17392.139
29002,7231.668
29003,17614.475
29004,23086.266
29005,6271.734
29006,10346.678
29007,27506.113
29008,5585.5234
29009,7517.151
29010,11229.129
29011,21398.703
29012,6495.8843
29013,7219.175
29014,12153.035
29015,5314.6953
29016,15309.247
29017,5342.6416
29018,4967.0327
29019,7824.8228
29020,103797.03
29021,7108.285
29022,8363.6875
29023,6050.294
29024,6076.256
29025,8619.465
29026,51145.656
29027,7301.3784
29028,6654.4395
29029,112402.28
29030,200573.36
29031,5567.204
29032,6768.892
29033,7212.514
29034,10780.236
29035,38345.34
29036,13187.034
29037,6152.7583
29038,5418.2437
29039,7062.4136
29040,7746.5635
29041,37254.883
29042,8805.347
29043,7512.716
29044,6316.582
29045,7409.557
29046,7278.6455
29047,12584.725
29048,16424.285
29049,33923.97
29050,8013.626
29051,12701.814
29052,7095.4697
29053,10777.499
29054,46405.207
29055,9026.671
29056,16405.354
29057,8577.548
29058,4623.0977
29059,97476.375
29060,8954.63
29061,119003.03
29062,5931.3687
29063,12555.738
29064,61265.152
29065,88927.71
29066,23982.223
29067,6391.603
29068,98255.305
29069,6158.821
29070,3690.4211
29071,14323.55
29072,11723.487
29073,10438.918
29074,16454.172
29075,38342.65
29076,21470.518
29077,7610.739
29078,5875.8696
29079,8127.0083
29080,173809.19
29081,8568.75
29082,3832.1682
29083,4231.497
29084,5470.868
29085,8071.827
29086,20292.43
29087,5906.2246
29088,8277.179
29089,22405.31
29090,77597.53
29091,7892.5225
29092,8294.121
29093,141846.08
29094,161345.89
29095,7775.862
29096,6921.4062
29097,6671.9097
29098,5903.19
29099,8631.361
29100,10154.203
29101,8734.318
29102,6074.63
29103,8819.98
29104,10535.25
29105,5923.544
29106,8794.597
29107,7561.6523
29108,7647.112
29109,5403.3984
29110,2969.292
29111,5058.343
29112,6540.094
29113,5216.4766
29114,16398.064
29115,10596.713
29116,5104.9385
29117,39796.75
29118,7004.5
29119,43282.15
29120,43183.17
29121,8932.003
29122,5838.666
29123,9334.892
29124,5347.552
29125,34939.113
29126,8521.26
29127,6669.424
29128,5025.672
29129,9482.664
29130,4033.1707
29131,8927.033
29132,9145.372
29133,5708.356
29134,10364.799
29135,8016.083
29136,5713.555
29137,19741.26
29138,32541.082
29139,6441.149
29140,9965.665
29141,7135.5728
29142,7728.47
29143,6336.022
29144,5138.3276
29145,58904.145
29146,9300.419
29147,3596.3552
29148,10819.337
29149,26857.945
29150,79192.58
29151,48816.734
29152,57607.113
29153,8967.909
29154,100542.09
29155,5017.856
29156,9566.796
29157,8402.838
29158,9974.054
29159,39346.035
29160,8013.5146
29161,7068.3247
29162,7201.2603
29163,65154.496
29164,8067.6226
29165,4915.642
29166,53116.277
29167,6054.609
29168,52365.8
29169,8067.494
29170,67711.71
29171,147603.98
29172,18668.33
29173,16308.223
29174,97358.52
29175,7186.7476
29176,7412.35
29177,4778.9536
29178,11962.183
29179,5724.979
29180,77736.38
29181,89015.17
29182,7514.4536
29183,24586.191
29184,288270.03
29185,8469.075
29186,19869.387
29187,9244.124
29188,4713.278
29189,9877.099
29190,6461.9985
29191,5687.471
29192,6626.0024
29193,7156.8135
29194,8020.756
29195,6597.3813
29196,4724.024
29197,12787.957
29198,5537.446
29199,15166.394
29200,7920.3296
29201,8067.4233
29202,6579.956
29203,104874.19
29204,7893.868
29205,102733.984
29206,10495.293
29207,4731.554
29208,97569.02
29209,4270.968
29210,7690.8843
29211,20584.643
29212,7480.6445
29213,7216.2993
29214,9440.415
29215,10944.044
29216,8105.802
29217,9662.474
29218,6395.42
29219,9803.77
29220,8549.483
29221,26567.932
29222,7054.717
29223,3102.9788
29224,6609.1196
29225,10146.013
29226,30455.469
29227,8353.658
29228,5321.973
29229,7283.115
29230,101452.54
29231,6919.6987
29232,4833.042
29233,13000.026
29234,6262.2095
29235,6853.1055
29236,4786.3574
29237,38816.91
29238,5923.8926
29239,5631.6997
29240,66817.63
29241,8867.285
29242,46576.855
29243,13957.501
29244,7030.745
29245,9072.472
29246,14147.778
29247,9218.696
29248,8397.144
29249,25105.57
29250,9808.575
29251,6580.3794
29252,40066.418
29253,6851.351
29254,4284.31
29255,17995.188
29256,2855.3772
29257,33262.71
29258,8389.026
29259,6105.31
29260,6502.1562
29261,4165.1206
29262,63494.13
29263,41161.277
29264,8488.714
29265,8141.5815
29266,6206.1816
29267,9449.039
29268,14057.532
29269,7959.8584
29270,9746.714
29271,6793.63
29272,12537.479
29273,5687.9126
29274,5731.281
29275,9778.945
29276,109564.13
29277,5107.565
29278,5621.624
29279,5888.8853
29280,9183.15
29281,11768.882
29282,8423.538
29283,4902.6953
29284,9302.551
29285,8395.884
29286,8722.14
29287,6328.835
29288,75086.02
29289,18975.64
29290,13198.002
29291,7623.6714
29292,16210.402
29293,10060.371
29294,5437.0903
29295,5154.97
29296,10095.709
29297,15837.544
29298,9154.886
29299,9657.387
29300,15557.495
29301,356874.3
29302,4961.029
29303,8346.887
29304,11384.878
29305,11552.49
29306,14238.503
29307,8953.835
29308,7014.8687
29309,13783.246
29310,12463.771
29311,6827.1743
29312,6986.6895
29313,7486.1816
29314,6859.31
29315,7610.3823
29316,8707.669
29317,4375.6636
29318,14806.038
29319,13146.257
29320,4735.346
29321,8077.185
29322,10091.049
29323,12929.639
29324,11853.895
29325,7373.4414
29326,8133.3594
29327,7273.9644
29328,44738.426
29329,4627.889
29330,7533.269
29331,6992.2666
29332,22539.727
29333,7227.726
29334,129203.35
29335,11534.746
29336,7013.5044
29337,11247.964
29338,7582.0293
29339,22107.35
29340,5640.227
29341,5159.9355
29342,33331.598
29343,11383.218
29344,7441.357
29345,9166.787
29346,6915.8726
29347,58156.01
29348,7469.67
29349,5586.0
29350,62573.688
29351,11652.561
29352,9406.107
29353,7434.2437
29354,5501.869
29355,12368.88
29356,80789.914
29357,8183.534
29358,8037.0234
29359,6397.8203
29360,5578.7793
29361,5711.4062
29362,42473.95
29363,27313.582
29364,40963.4
29365,6437.6553
29366,17309.186
29367,9151.84
29368,6387.722
29369,5134.51
29370,6403.7734
29371,33332.094
29372,15178.738
29373,9995.452
29374,33318.324
29375,14224.531
29376,10360.698
29377,9705.747
29378,6016.947
29379,8277.799
29380,7273.0176
29381,5872.9126
29382,8820.544
29383,6392.629
29384,36164.723
29385,6603.0166
29386,12079.75
29387,10360.624
29388,11292.119
29389,27660.844
29390,7154.9604
29391,4164.4736
29392,64633.258
29393,9074.648
29394,7130.654
29395,7722.124
29396,8855.061
29397,33802.098
29398,10132.602
29399,96521.266
29400,166402.89
29401,278390.06
29402,7876.2607
29403,79912.56
29404,87696.62
29405,5861.3276
29406,8344.492
29407,9679.801
29408,4967.9087
29409,38146.684
29410,82834.96
29411,12408.416
29412,6974.622
29413,7164.0327
29414,10917.8
29415,12000.61
29416,3687.682
29417,8062.201
29418,8970.494
29419,7792.1543
29420,14629.867
29421,12365.829
29422,6101.6064
29423,13439.406
29424,9597.862
29425,7403.6885
29426,186823.28
29427,9007.045
29428,13554.1
29429,6362.9727
29430,7939.617
29431,12507.18
29432,136799.2
29433,4604.9175
29434,13750.321
29435,78915.64
29436,20274.455
29437,20026.021
29438,9757.758
29439,13015.374
29440,6410.307
29441,7096.0015
29442,22281.986
29443,6403.9336
29444,195155.1
29445,36503.316
29446,8938.877
29447,3486.4885
29448,6707.158
29449,7634.0757
29450,6180.2134
29451,50021.49
29452,7367.392
29453,5383.7036
29454,5300.184
29455,8318.74
29456,6496.7725
29457,7466.6885
29458,5509.0586
29459,1450.8286
29460,12268.884
29461,7602.12
29462,7591.468
29463,6363.5903
29464,159415.56
29465,9150.506
29466,12626.23
29467,9504.178
29468,17612.727
29469,5216.4985
29470,5419.1733
29471,10317.425
29472,7909.8213
29473,6359.9253
29474,86718.664
29475,13544.973
29476,8433.35
29477,9472.1455
29478,9551.251
29479,101065.87
29480,5473.4043
29481,31342.754
29482,65901.73
29483,14168.317
29484,20142.023
29485,16696.133
29486,3857.8298
29487,12264.653
29488,57618.98
29489,59614.25
29490,5616.738
29491,4857.13
29492,78002.92
29493,7317.5513
29494,8432.212
29495,7217.049
29496,5676.8545
29497,7486.8174
29498,7312.626
29499,10833.712
29500,10826.824
29501,5387.9556
29502,51491.7
29503,73492.04
29504,7514.6646
29505,67232.88
29506,5849.971
29507,32481.59
29508,6813.295
29509,6143.503
29510,6683.1577
29511,5232.974
29512,17701.84
29513,4721.9067
29514,4378.918
29515,6104.0146
29516,7771.4185
29517,9221.057
29518,20558.502
29519,6770.485
29520,7496.8574
29521,11071.008
29522,6715.918
29523,10111.626
29524,6203.958
29525,10756.45
29526,13212.531
29527,8782.083
29528,18403.207
29529,25428.443
29530,186823.28
29531,6883.6587
29532,10947.943
29533,39431.777
29534,15349.683
29535,11486.445
29536,107314.11
29537,13492.139
29538,6431.0044
29539,10432.044
29540,9745.449
29541,6817.8833
29542,5164.8286
29543,34054.008
29544,9492.785
29545,43247.63
29546,19972.188
29547,5656.1562
29548,8733.909
29549,11915.663
29550,11982.346
29551,6121.425
29552,12861.488
29553,133985.12
29554,8747.272
29555,11093.081
29556,22115.246
29557,7047.983
29558,9358.469
29559,22351.906
29560,12808.151
29561,6170.5303
29562,5220.452
29563,7216.376
29564,10271.975
29565,8498.831
29566,11497.563
29567,6120.8154
29568,8155.3926
29569,90089.69
29570,104459.58
29571,7886.585
29572,12971.981
29573,24594.586
29574,6773.3247
29575,7115.1313
29576,5221.9375
29577,5623.234
29578,6062.9355
29579,23287.867
29580,5780.243
29581,11801.521
29582,24366.166
29583,7641.993
29584,10113.759
29585,7043.2974
29586,148874.28
29587,4826.3726
29588,11315.591
29589,14279.475
29590,6353.748
29591,9767.3125
29592,6097.8374
29593,9439.859
29594,12773.457
29595,153172.12
29596,8681.408
29597,17347.795
29598,4828.874
29599,7872.2876
29600,4291.6733
29601,16727.037
29602,5461.1367
29603,35459.402
29604,15292.734
29605,6710.3364
29606,7314.597
29607,5736.952
29608,70888.15
29609,4717.1177
29610,8809.476
29611,10820.161
29612,11956.534
29613,10190.384
29614,22129.422
29615,6109.5703
29616,18005.596
29617,6620.6953
29618,43940.74
29619,6112.1157
29620,7236.9277
29621,10632.761
29622,5109.6284
29623,6224.598
29624,63442.406
29625,61401.734
29626,97339.75
29627,7266.268
29628,9116.289
29629,14159.165
29630,6777.8857
29631,7316.2417
29632,6193.9976
29633,9898.932
29634,6717.324
29635,7370.0435
29636,96016.34
29637,6525.6416
29638,31143.285
29639,82176.86
29640,123099.56
29641,7571.0684
29642,7252.768
29643,34508.99
29644,7352.426
29645,17258.627
29646,9060.043
29647,32481.59
29648,7388.1074
29649,4660.601
29650,12915.184
29651,7622.673
29652,7097.5425
29653,11582.352
29654,6514.9985
29655,124747.97
29656,11834.046
29657,17838.203
29658,6703.908
29659,16582.361
29660,5542.901
29661,143183.6
29662,32779.06
29663,5245.732
29664,130753.25
29665,8271.241
29666,12701.982
29667,12933.104
29668,39416.438
29669,6217.138
29670,5960.9194
29671,14219.579
29672,5008.6216
29673,5899.8193
29674,4428.6772
29675,7746.475
29676,15487.817
29677,6253.867
29678,8831.909
29679,10052.557
29680,38795.863
29681,7877.6772
29682,4929.8496
29683,10812.143
29684,41711.04
29685,5351.631
29686,13289.537
29687,17212.662
29688,14283.073
29689,6742.9536
29690,7627.206
29691,7110.758
29692,8046.127
29693,8007.026
29694,4951.2373
29695,11010.483
29696,9563.572
29697,3878.6042
29698,11249.22
29699,10432.8
29700,8865.3545
29701,6965.5166
29702,6028.3716
29703,29791.889
29704,4973.4194
29705,9104.532
29706,93144.33
29707,17992.441
29708,5560.5845
29709,9649.72
29710,60860.84
29711,7117.6685
29712,62628.582
29713,45890.1
29714,8164.072
29715,124619.32
29716,7586.534
29717,5194.281
29718,8442.521
29719,37900.625
29720,9325.612
29721,348706.72
29722,7447.757
29723,6666.9727
29724,5665.6924
29725,6203.958
29726,4815.924
29727,14457.36
29728,52870.395
29729,22305.314
29730,26934.965
29731,9918.279
29732,11545.403
29733,76687.67
29734,76943.88
29735,120721.805
29736,7110.4863
29737,12582.035
29738,7736.6245
29739,12726.772
29740,7214.5107
29741,10440.837
29742,11483.386
29743,4231.497
29744,7757.068
29745,46586.664
29746,11496.045
29747,9651.551
29748,10157.151
29749,7183.9785
29750,5703.4043
29751,7253.1304
29752,7783.7827
29753,21174.889
29754,8986.263
29755,11263.927
29756,10003.39
29757,97796.61
29758,7121.8916
29759,31649.373
29760,11767.842
29761,8465.308
29762,7900.0947
29763,10779.888
29764,10206.931
29765,6950.0586
29766,17163.643
29767,10980.633
29768,10259.697
29769,9263.257
29770,27796.465
29771,8346.57
29772,15768.787
29773,5248.4155
29774,20032.488
29775,5650.0034
29776,8760.437
29777,10244.342
29778,19916.97
29779,28494.26
29780,10531.528
29781,10474.654
29782,13779.284
29783,80809.58
29784,5409.4053
29785,10913.28
29786,5467.4746
29787,5973.1367
29788,4945.342
29789,5774.204
29790,8405.775
29791,56502.258
29792,25267.783
29793,8390.547
29794,6923.557
29795,32364.398
29796,8252.408
29797,12401.59
29798,6167.3853
29799,5896.025
29800,15094.975
29801,13923.708
29802,15553.1875
29803,23835.553
29804,9823.468
29805,18262.543
29806,20611.043
29807,5403.3955
29808,7984.1836
29809,6945.3906
29810,11647.072
29811,264123.7
29812,11399.206
29813,8918.545
29814,11122.911
29815,13729.89
29816,6580.9736
29817,9351.111
29818,13548.201
29819,3091.0503
29820,6663.33
29821,14768.871
29822,126520.266
29823,13886.772
29824,7727.6265
29825,6645.2144
29826,5374.589
29827,7558.613
29828,5944.049
29829,6946.514
29830,44997.914
29831,7486.263
29832,7998.007
29833,5462.422
29834,220105.02
29835,10440.073
29836,7061.8687
29837,5406.2383
29838,8431.093
29839,5981.8423
29840,7005.1387
29841,6057.506
29842,8946.779
29843,6422.232
29844,120546.52
29845,3104.8518
29846,7171.0557
29847,16783.92
29848,7851.8716
29849,7033.4897
29850,6176.1973
29851,8038.806
29852,49595.426
29853,6600.8623
29854,9506.526
29855,5943.303
29856,5325.7676
29857,36691.066
29858,5210.7124
29859,6763.3486
29860,6316.253
29861,70910.016
29862,15359.747
29863,4966.032
29864,10713.034
29865,12920.088
29866,8836.291
29867,4276.193
29868,150040.66
29869,221898.45
29870,33971.273
29871,9435.346
29872,7313.7246
29873,7479.9077
29874,116277.94
29875,7608.622
29876,99098.99
29877,8442.037
29878,147533.1
29879,10039.55
29880,6732.433
29881,8869.696
29882,167667.64
29883,7063.4775
29884,6676.977
29885,1208.6688
29886,8713.383
29887,7945.859
29888,7016.783
29889,62157.074
29890,7580.358
29891,6668.6836
29892,5023.774
29893,20956.154
29894,11208.145
29895,5827.709
29896,15094.975
29897,8233.324
29898,83556.72
29899,9021.771
29900,340703.7
29901,9320.384
29902,8076.8994
29903,10149.762
29904,6289.3247
29905,6891.3027
29906,5959.1147
29907,5153.229
29908,6005.7144
29909,14024.78
29910,6228.117
29911,61198.88
29912,5821.0107
29913,5951.798
29914,9239.747
29915,9085.334
29916,8264.872
29917,6770.088
29918,16433.432
29919,39032.77
29920,4693.809
29921,11108.04
29922,8760.035
29923,7548.4546
29924,6263.7036
29925,10632.8125
29926,15220.986
29927,5682.0664
29928,13050.64
29929,53765.727
29930,6273.1006
29931,6594.837
29932,7795.5015
29933,7912.6587
29934,6609.974
29935,82046.96
29936,122492.04
29937,78002.92
29938,32913.965
29939,11898.071
29940,6010.0967
29941,10437.3955
29942,7888.779
29943,7135.5728
29944,7057.935
29945,7598.662
29946,9959.552
29947,28634.295
29948,39161.05
29949,24182.299
29950,8782.035
29951,10988.43
29952,4614.458
29953,8600.51
29954,112615.16
29955,5727.675
29956,18184.176
29957,6750.235
29958,7237.6514
29959,13790.683
29960,13544.037
29961,3848.29
29962,5434.511
29963,26085.688
29964,15118.168
29965,6593.742
29966,10689.397
29967,8075.685
29968,97779.58
29969,6193.978
29970,5245.8726
29971,101080.06
29972,6369.569
29973,11176.6
29974,10627.579
29975,76396.07
29976,8551.783
29977,8833.993
29978,4944.231
29979,9324.88
29980,6444.8013
29981,7857.2104
29982,5831.026
29983,7600.972
29984,12762.043
29985,4816.897
29986,3710.7927
29987,6963.1753
29988,28390.871
29989,274339.66
29990,7188.8765
29991,4856.4893
29992,7081.396
29993,46654.168
29994,9869.963
29995,75193.83
29996,10469.851
29997,4451.0947
29998,18417.42
29999,6754.091
30000,7332.9307
30001,8796.781
30002,20762.195
30003,5513.638
30004,7109.491
30005,8667.902
30006,9035.008
30007,10664.031
30008,22886.803
30009,16380.063
30010,8536.833
30011,6402.4536
30012,12340.211
30013,8124.0537
30014,8501.026
30015,23274.016
30016,145774.28
30017,4353.1147
30018,8022.727
30019,6914.6685
30020,7960.1064
30021,5551.246
30022,6739.153
30023,9450.522
30024,10797.251
30025,5186.685
30026,27220.496
30027,5970.382
30028,7771.2627
30029,7668.644
30030,6750.7227
30031,49490.89
30032,59357.8
30033,5838.4585
30034,11888.436
30035,85859.414
30036,8729.532
30037,8366.228
30038,6568.783
30039,8782.035
30040,82777.336
30041,12506.625
30042,3690.9597
30043,12717.919
30044,9544.77
30045,8334.26
30046,10953.513
30047,6690.856
30048,8850.209
30049,80455.766
30050,7493.1587
30051,7225.4106
30052,4614.142
30053,36691.066
30054,6332.9336
30055,69359.875
30056,15844.811
30057,10091.631
30058,12052.771
30059,55683.777
30060,43277.324
30061,8155.8296
30062,4923.298
30063,7762.2764
30064,5310.6826
30065,5450.822
30066,5832.0386
30067,6818.0586
30068,1110.1217
30069,6421.59
30070,4686.198
30071,8437.183
30072,9763.434
30073,6294.3564
30074,9427.729
30075,28679.434
30076,5659.282
30077,141011.34
30078,8737.966
30079,3954.4407
30080,46699.4
30081,8230.378
30082,3434.764
30083,7161.4077
30084,6580.3794
30085,6286.7876
30086,13852.639
30087,17227.701
30088,7914.1196
30089,4716.152
30090,6146.3647
30091,26325.553
30092,8529.683
30093,7401.0376
30094,5936.22
30095,23086.045
30096,5665.1797
30097,5686.7554
30098,16162.315
30099,19054.148
30100,6913.335
30101,6486.838
30102,6206.016
30103,21491.248
30104,8122.1294
30105,5839.559
30106,4321.48
30107,256688.17
30108,16514.8
30109,7099.109
30110,4049.6936
30111,18776.729
30112,9049.571
30113,7597.6235
30114,19032.807
30115,9177.745
30116,7330.042
30117,15989.984
30118,10543.011
30119,6147.9355
30120,9100.419
30121,8249.441
30122,4738.9106
30123,4677.807
30124,7038.2974
30125,7642.332
30126,7783.5713
30127,6296.963
30128,36074.312
30129,6216.1978
30130,5764.1274
30131,8918.889
30132,10818.813
30133,5967.082
30134,7611.351
30135,7767.7476
30136,13841.246
30137,23659.469
30138,3730.1008
30139,19898.207
30140,7033.11
30141,28737.164
30142,21191.732
30143,23310.08
30144,7216.9043
30145,8455.176
30146,10579.337
30147,64633.258
30148,9204.173
30149,8204.677
30150,26320.982
30151,6486.294
30152,8850.471
30153,5657.769
30154,12932.105
30155,11784.783
30156,35808.83
30157,7382.5996
30158,6054.4976
30159,5725.3706
30160,47754.957
30161,15019.958
30162,9148.863
30163,35577.55
30164,6144.863
30165,5666.3022
30166,67623.02
30167,7197.6064
30168,22237.79
30169,6294.906
30170,4978.686
30171,170769.31
30172,9101.197
30173,16179.054
30174,16884.832
30175,6801.568
30176,9057.765
30177,8468.925
30178,6146.0815
30179,5991.622
30180,14314.84
30181,97302.36
30182,5227.174
30183,8727.448
30184,6181.717
30185,14629.867
30186,7429.704
30187,25105.57
30188,10858.26
30189,12611.503
30190,5536.218
30191,7637.0405
30192,1744.552
30193,7453.3125
30194,7267.2534
30195,257925.42
30196,80809.58
30197,6121.4746
30198,116826.59
30199,4043.478
30200,5745.241
30201,121698.875
30202,99818.57
30203,12831.261
30204,46605.895
30205,11212.556
30206,4597.6226
30207,8922.075
30208,37018.125
30209,7226.254
30210,14749.335
30211,4950.8066
30212,8834.744
30213,9628.65
30214,4178.8413
30215,109503.56
30216,7736.5884
30217,12008.775
30218,9205.274
30219,26639.162
30220,7432.0566
30221,11730.013
30222,7140.5386
30223,8815.81
30224,81193.44
30225,186823.28
30226,6568.676
30227,11507.182
30228,8635.296
30229,7113.002
30230,39330.082
30231,273779.0
30232,9161.771
30233,6356.6353
30234,5343.1274
30235,6971.5015
30236,21572.422
30237,8931.778
30238,6900.464
30239,4992.0024
30240,11111.03
30241,12975.13
30242,8541.123
30243,7608.5044
30244,5692.4595
30245,10276.104
30246,12382.083
30247,9480.932
30248,7170.2046
30249,5311.121
30250,5253.2666
30251,9438.944
30252,14713.8545
30253,3888.0789
30254,7598.577
30255,5178.5723
30256,119643.36
30257,68981.8
30258,5730.125
30259,116999.51
30260,5231.349
30261,12572.051
30262,3310.729
30263,6153.428
30264,133819.73
30265,9889.464
30266,7176.4775
30267,11219.7
30268,17488.77
30269,17956.154
30270,12169.918
30271,7351.232
30272,5653.4424
30273,19412.29
30274,13019.962
30275,7424.9204
30276,5013.339
30277,9068.875
30278,6136.294
30279,12582.258
30280,62426.285
30281,24106.186
30282,5492.072
30283,9672.123
30284,6509.4243
30285,9455.172
30286,2857.5676
30287,9565.534
30288,3765.6697
30289,7653.022
30290,162459.98
30291,40296.473
30292,7450.1333
30293,224861.72
30294,8225.153
30295,100169.29
30296,13724.343
30297,17048.367
30298,48903.473
30299,7790.053
30300,126546.61
30301,7938.818
30302,7624.8223
30303,73051.98
30304,24345.105
30305,7981.2603
30306,30861.342
30307,6820.3735
30308,7222.476
30309,31157.145
30310,8370.178
30311,107750.83
30312,28236.068
30313,24653.06
30314,20262.844
30315,29552.037
30316,6987.0728
30317,6347.159
30318,7853.1226
30319,146053.64
30320,17009.451
30321,9918.492
30322,3464.868
30323,26436.809
30324,14868.811
30325,74224.695
30326,6627.1367
30327,5955.616
30328,7002.9453
30329,6987.961
30330,81465.484
30331,5875.8315
30332,55795.902
30333,6816.8667
30334,8738.901
30335,7496.8574
30336,39259.45
30337,23806.426
30338,5981.4653
30339,12101.461
30340,34378.168
30341,10266.845
30342,16848.416
30343,8463.015
30344,4446.828
30345,8277.133
30346,10866.664
30347,34553.836
30348,7339.8604
30349,11396.9795
30350,6846.437
30351,69828.6
30352,145350.3
30353,186744.55
30354,31860.615
30355,10390.856
30356,15968.258
30357,53681.19
30358,7141.3447
30359,5584.539
30360,6302.1772
30361,7601.1753
30362,20894.824
30363,17164.758
30364,8109.17
30365,6162.7275
30366,8344.541
30367,6951.535
30368,108973.43
30369,113190.2
30370,33158.53
30371,15019.584
30372,24221.469
30373,5860.903
30374,6779.2144
30375,68453.6
30376,13639.407
30377,6140.7695
30378,9746.714
30379,10417.998
30380,6747.715
30381,13038.811
30382,7929.138
30383,9098.796
30384,5384.742
30385,15691.583
30386,9200.946
30387,6855.402
30388,7486.793
30389,6151.349
30390,6482.9644
30391,11675.702
30392,8774.116
30393,102363.38
30394,8938.728
30395,62282.586
30396,45995.67
30397,11329.878
30398,6300.748
30399,32541.398
30400,19727.09
30401,8259.231
30402,7088.2393
30403,10342.341
30404,13375.188
30405,9815.919
30406,8403.035
30407,103686.586
30408,61054.09
30409,5732.4136
30410,9934.824
30411,6907.8774
30412,81602.43
30413,9352.88
30414,148085.48
30415,31765.229
30416,8740.825
30417,19086.336
30418,30759.1
30419,5361.092
30420,9449.771
30421,5422.3335
30422,6508.9546
30423,6621.2197
30424,23134.42
30425,7894.4365
30426,5156.4106
30427,11688.573
30428,12818.36
30429,136088.77
30430,10489.68
30431,6492.8604
30432,7857.057
30433,27799.91
30434,17946.742
30435,6279.8184
30436,6786.707
30437,6549.5566
30438,10326.843
30439,83173.49
30440,105242.67
30441,9860.83
30442,5508.0605
30443,11644.555
30444,7627.501
30445,9875.848
30446,14269.307
30447,4263.4185
30448,9069.269
30449,10058.694
30450,16409.238
30451,10629.355
30452,8824.122
30453,6386.3403
30454,88032.86
30455,4870.3203
30456,14452.501
30457,14726.389
30458,5925.5396
30459,90068.164
30460,10377.652
30461,7187.2627
30462,103933.56
30463,5176.0244
30464,8587.788
30465,37622.08
30466,29935.695
30467,15625.827
30468,8857.332
30469,10122.486
30470,8877.636
30471,8650.694
30472,5154.808
30473,13120.137
30474,40095.54
30475,19731.58
30476,20747.037
30477,8098.189
30478,6515.4307
30479,4422.682
30480,10349.048
30481,10289.927
